seed,policy,nurse,QR,strain
0,baseline,Nurse_01,1,10.5
0,baseline,Nurse_02,3,12.5
0,baseline,Nurse_03,3,13.0
0,baseline,Nurse_04,4,21.5
0,baseline,Nurse_05,1,9.0
0,baseline,Nurse_06,0,9.5
0,baseline,Nurse_07,2,12.5
0,baseline,Nurse_08,0,6.0
0,baseline,Nurse_09,3,12.0
0,baseline,Nurse_10,1,13.5
0,baseline,Nurse_11,1,9.5
0,baseline,Nurse_12,3,9.0
0,baseline,Nurse_13,0,8.5
0,baseline,Nurse_14,5,18.0
0,baseline,Nurse_15,1,9.0
0,baseline,Nurse_16,3,17.5
0,baseline,Nurse_17,1,10.0
0,baseline,Nurse_18,4,17.5
0,baseline,Nurse_19,4,16.5
0,baseline,Nurse_20,4,15.0
0,baseline,Nurse_21,5,21.0
0,baseline,Nurse_22,3,14.0
0,baseline,Nurse_23,2,20.5
0,baseline,Nurse_24,2,19.5
0,baseline,Nurse_25,4,24.0
0,baseline,Nurse_26,2,11.0
0,baseline,Nurse_27,0,7.0
0,baseline,Nurse_28,2,16.0
0,baseline,Nurse_29,2,12.0
0,baseline,Nurse_30,3,17.5
0,baseline,Nurse_31,1,12.5
0,baseline,Nurse_32,2,12.0
0,baseline,Nurse_33,5,21.5
0,baseline,Nurse_34,1,10.5
0,baseline,Nurse_35,1,16.0
0,baseline,Nurse_36,2,13.0
0,baseline,Nurse_37,1,7.5
0,baseline,Nurse_38,2,12.5
0,baseline,Nurse_39,4,18.5
0,baseline,Nurse_40,3,17.0
0,baseline,Nurse_41,4,16.0
0,baseline,Nurse_42,2,13.5
0,baseline,Nurse_43,3,17.0
0,baseline,Nurse_44,5,26.0
0,baseline,Nurse_45,2,9.5
0,baseline,Nurse_46,0,0.0
0,baseline,Nurse_47,5,21.0
0,baseline,Nurse_48,4,12.0
0,baseline,Nurse_49,2,10.5
0,baseline,Nurse_50,2,12.5
0,baseline,Nurse_51,4,19.5
0,baseline,Nurse_52,5,19.0
0,baseline,Nurse_53,4,18.5
0,baseline,Nurse_54,1,12.0
0,baseline,Nurse_55,1,10.0
0,baseline,Nurse_56,4,19.0
0,baseline,Nurse_57,4,13.5
0,baseline,Nurse_58,0,3.0
0,baseline,Nurse_59,5,22.5
0,baseline,Nurse_60,5,21.5
0,baseline,Nurse_61,3,9.0
0,baseline,Nurse_62,1,10.5
0,baseline,Nurse_63,1,6.0
0,baseline,Nurse_64,5,18.0
0,baseline,Nurse_65,3,12.5
0,baseline,Nurse_66,2,14.0
0,baseline,Nurse_67,1,6.0
0,baseline,Nurse_68,1,14.0
0,baseline,Nurse_69,3,16.0
0,baseline,Nurse_70,4,22.0
0,strain,Nurse_01,1,9.0
0,strain,Nurse_02,3,11.0
0,strain,Nurse_03,1,10.0
0,strain,Nurse_04,3,19.0
0,strain,Nurse_05,1,10.5
0,strain,Nurse_06,0,12.5
0,strain,Nurse_07,1,12.0
0,strain,Nurse_08,0,3.0
0,strain,Nurse_09,3,10.5
0,strain,Nurse_10,0,9.0
0,strain,Nurse_11,1,8.0
0,strain,Nurse_12,3,10.5
0,strain,Nurse_13,0,10.0
0,strain,Nurse_14,4,16.5
0,strain,Nurse_15,1,9.0
0,strain,Nurse_16,2,12.5
0,strain,Nurse_17,0,13.0
0,strain,Nurse_18,2,14.5
0,strain,Nurse_19,3,14.5
0,strain,Nurse_20,3,14.5
0,strain,Nurse_21,2,15.5
0,strain,Nurse_22,3,14.0
0,strain,Nurse_23,1,15.5
0,strain,Nurse_24,2,21.5
0,strain,Nurse_25,2,19.0
0,strain,Nurse_26,2,11.0
0,strain,Nurse_27,0,10.0
0,strain,Nurse_28,1,14.5
0,strain,Nurse_29,1,7.5
0,strain,Nurse_30,0,13.0
0,strain,Nurse_31,0,12.5
0,strain,Nurse_32,1,11.5
0,strain,Nurse_33,1,13.0
0,strain,Nurse_34,1,12.0
0,strain,Nurse_35,0,10.0
0,strain,Nurse_36,0,8.0
0,strain,Nurse_37,1,9.0
0,strain,Nurse_38,2,12.5
0,strain,Nurse_39,3,15.5
0,strain,Nurse_40,2,15.5
0,strain,Nurse_41,2,13.5
0,strain,Nurse_42,1,11.5
0,strain,Nurse_43,1,15.0
0,strain,Nurse_44,3,22.5
0,strain,Nurse_45,2,10.5
0,strain,Nurse_46,0,4.5
0,strain,Nurse_47,5,21.0
0,strain,Nurse_48,4,12.0
0,strain,Nurse_49,1,6.5
0,strain,Nurse_50,1,11.0
0,strain,Nurse_51,2,17.5
0,strain,Nurse_52,3,16.0
0,strain,Nurse_53,2,15.5
0,strain,Nurse_54,1,12.0
0,strain,Nurse_55,1,10.0
0,strain,Nurse_56,2,13.5
0,strain,Nurse_57,2,10.5
0,strain,Nurse_58,0,5.5
0,strain,Nurse_59,2,16.0
0,strain,Nurse_60,4,18.5
0,strain,Nurse_61,3,10.5
0,strain,Nurse_62,0,7.5
0,strain,Nurse_63,1,6.0
0,strain,Nurse_64,3,12.0
0,strain,Nurse_65,3,12.5
0,strain,Nurse_66,2,11.0
0,strain,Nurse_67,0,6.0
0,strain,Nurse_68,0,12.0
0,strain,Nurse_69,3,17.5
0,strain,Nurse_70,2,19.0
1,baseline,Nurse_01,4,18.5
1,baseline,Nurse_02,1,13.0
1,baseline,Nurse_03,2,7.5
1,baseline,Nurse_04,1,16.0
1,baseline,Nurse_05,5,21.5
1,baseline,Nurse_06,2,10.0
1,baseline,Nurse_07,0,4.5
1,baseline,Nurse_08,6,24.0
1,baseline,Nurse_09,3,14.5
1,baseline,Nurse_10,2,9.0
1,baseline,Nurse_11,1,4.5
1,baseline,Nurse_12,2,11.0
1,baseline,Nurse_13,1,4.5
1,baseline,Nurse_14,3,20.5
1,baseline,Nurse_15,5,19.0
1,baseline,Nurse_16,3,15.0
1,baseline,Nurse_17,5,20.0
1,baseline,Nurse_18,5,22.5
1,baseline,Nurse_19,1,11.0
1,baseline,Nurse_20,1,9.5
1,baseline,Nurse_21,3,9.0
1,baseline,Nurse_22,1,7.5
1,baseline,Nurse_23,3,17.5
1,baseline,Nurse_24,2,6.0
1,baseline,Nurse_25,5,27.5
1,baseline,Nurse_26,1,10.5
1,baseline,Nurse_27,4,15.0
1,baseline,Nurse_28,5,26.5
1,baseline,Nurse_29,4,19.5
1,baseline,Nurse_30,2,15.0
1,baseline,Nurse_31,5,21.0
1,baseline,Nurse_32,4,19.0
1,baseline,Nurse_33,3,17.5
1,baseline,Nurse_34,1,6.0
1,baseline,Nurse_35,2,12.0
1,baseline,Nurse_36,2,17.0
1,baseline,Nurse_37,5,23.5
1,baseline,Nurse_38,4,21.5
1,baseline,Nurse_39,4,20.5
1,baseline,Nurse_40,2,6.0
1,baseline,Nurse_41,2,13.5
1,baseline,Nurse_42,2,13.5
1,baseline,Nurse_43,3,17.5
1,baseline,Nurse_44,4,19.0
1,baseline,Nurse_45,2,14.5
1,baseline,Nurse_46,5,18.0
1,baseline,Nurse_47,4,15.0
1,baseline,Nurse_48,3,21.0
1,baseline,Nurse_49,2,9.0
1,baseline,Nurse_50,3,23.0
1,baseline,Nurse_51,2,7.5
1,baseline,Nurse_52,2,16.0
1,baseline,Nurse_53,5,23.5
1,baseline,Nurse_54,2,16.5
1,baseline,Nurse_55,3,15.5
1,baseline,Nurse_56,4,19.5
1,baseline,Nurse_57,0,6.0
1,baseline,Nurse_58,3,18.0
1,baseline,Nurse_59,4,24.5
1,baseline,Nurse_60,5,22.0
1,baseline,Nurse_61,4,19.0
1,baseline,Nurse_62,1,12.0
1,baseline,Nurse_63,0,7.0
1,baseline,Nurse_64,1,4.0
1,baseline,Nurse_65,1,7.5
1,baseline,Nurse_66,4,17.0
1,baseline,Nurse_67,3,13.0
1,baseline,Nurse_68,0,3.5
1,baseline,Nurse_69,0,7.0
1,baseline,Nurse_70,2,12.0
1,strain,Nurse_01,3,16.0
1,strain,Nurse_02,0,14.0
1,strain,Nurse_03,2,10.5
1,strain,Nurse_04,0,10.0
1,strain,Nurse_05,2,17.0
1,strain,Nurse_06,2,14.0
1,strain,Nurse_07,0,7.0
1,strain,Nurse_08,4,18.5
1,strain,Nurse_09,2,10.0
1,strain,Nurse_10,1,6.0
1,strain,Nurse_11,1,6.0
1,strain,Nurse_12,1,9.5
1,strain,Nurse_13,1,6.0
1,strain,Nurse_14,2,18.5
1,strain,Nurse_15,3,16.0
1,strain,Nurse_16,3,15.0
1,strain,Nurse_17,2,13.0
1,strain,Nurse_18,2,9.5
1,strain,Nurse_19,1,10.5
1,strain,Nurse_20,1,6.5
1,strain,Nurse_21,2,7.5
1,strain,Nurse_22,1,9.0
1,strain,Nurse_23,3,15.0
1,strain,Nurse_24,2,6.0
1,strain,Nurse_25,1,15.0
1,strain,Nurse_26,1,10.0
1,strain,Nurse_27,3,13.5
1,strain,Nurse_28,5,27.5
1,strain,Nurse_29,0,8.0
1,strain,Nurse_30,2,11.0
1,strain,Nurse_31,2,16.5
1,strain,Nurse_32,1,13.0
1,strain,Nurse_33,1,14.5
1,strain,Nurse_34,1,10.0
1,strain,Nurse_35,2,12.0
1,strain,Nurse_36,1,16.0
1,strain,Nurse_37,4,21.0
1,strain,Nurse_38,2,15.5
1,strain,Nurse_39,3,16.5
1,strain,Nurse_40,2,6.0
1,strain,Nurse_41,2,12.0
1,strain,Nurse_42,2,16.5
1,strain,Nurse_43,3,17.5
1,strain,Nurse_44,2,17.0
1,strain,Nurse_45,0,10.0
1,strain,Nurse_46,4,18.5
1,strain,Nurse_47,4,15.0
1,strain,Nurse_48,2,19.5
1,strain,Nurse_49,2,12.0
1,strain,Nurse_50,1,15.5
1,strain,Nurse_51,2,9.0
1,strain,Nurse_52,1,14.0
1,strain,Nurse_53,2,16.5
1,strain,Nurse_54,0,10.5
1,strain,Nurse_55,2,13.0
1,strain,Nurse_56,2,16.5
1,strain,Nurse_57,0,8.0
1,strain,Nurse_58,2,17.5
1,strain,Nurse_59,2,19.0
1,strain,Nurse_60,2,14.5
1,strain,Nurse_61,1,12.5
1,strain,Nurse_62,1,12.0
1,strain,Nurse_63,0,12.0
1,strain,Nurse_64,1,4.0
1,strain,Nurse_65,0,5.5
1,strain,Nurse_66,3,15.5
1,strain,Nurse_67,2,11.5
1,strain,Nurse_68,0,7.5
1,strain,Nurse_69,0,7.0
1,strain,Nurse_70,1,11.5
2,baseline,Nurse_01,4,18.5
2,baseline,Nurse_02,4,22.5
2,baseline,Nurse_03,0,8.5
2,baseline,Nurse_04,5,15.0
2,baseline,Nurse_05,2,15.0
2,baseline,Nurse_06,2,12.0
2,baseline,Nurse_07,2,8.0
2,baseline,Nurse_08,2,11.5
2,baseline,Nurse_09,1,9.0
2,baseline,Nurse_10,2,17.0
2,baseline,Nurse_11,3,19.5
2,baseline,Nurse_12,4,19.0
2,baseline,Nurse_13,6,24.0
2,baseline,Nurse_14,2,13.5
2,baseline,Nurse_15,5,19.0
2,baseline,Nurse_16,2,16.5
2,baseline,Nurse_17,3,19.0
2,baseline,Nurse_18,2,7.5
2,baseline,Nurse_19,3,13.5
2,baseline,Nurse_20,4,24.0
2,baseline,Nurse_21,4,22.0
2,baseline,Nurse_22,2,10.0
2,baseline,Nurse_23,2,15.5
2,baseline,Nurse_24,2,14.0
2,baseline,Nurse_25,5,16.5
2,baseline,Nurse_26,0,6.5
2,baseline,Nurse_27,1,10.0
2,baseline,Nurse_28,3,19.0
2,baseline,Nurse_29,5,21.0
2,baseline,Nurse_30,4,16.0
2,baseline,Nurse_31,2,7.5
2,baseline,Nurse_32,2,7.5
2,baseline,Nurse_33,1,12.0
2,baseline,Nurse_34,1,3.0
2,baseline,Nurse_35,2,16.0
2,baseline,Nurse_36,0,8.5
2,baseline,Nurse_37,5,28.0
2,baseline,Nurse_38,3,14.0
2,baseline,Nurse_39,1,12.0
2,baseline,Nurse_40,4,21.5
2,baseline,Nurse_41,0,4.0
2,baseline,Nurse_42,1,10.0
2,baseline,Nurse_43,0,9.0
2,baseline,Nurse_44,1,9.0
2,baseline,Nurse_45,0,6.0
2,baseline,Nurse_46,5,22.5
2,baseline,Nurse_47,4,15.0
2,baseline,Nurse_48,1,12.5
2,baseline,Nurse_49,3,17.0
2,baseline,Nurse_50,4,17.0
2,baseline,Nurse_51,3,9.0
2,baseline,Nurse_52,5,20.0
2,baseline,Nurse_53,1,6.0
2,baseline,Nurse_54,1,8.5
2,baseline,Nurse_55,4,16.0
2,baseline,Nurse_56,3,15.0
2,baseline,Nurse_57,2,14.0
2,baseline,Nurse_58,1,12.5
2,baseline,Nurse_59,2,8.0
2,baseline,Nurse_60,2,17.0
2,baseline,Nurse_61,3,15.0
2,baseline,Nurse_62,4,15.0
2,baseline,Nurse_63,3,13.5
2,baseline,Nurse_64,5,22.0
2,baseline,Nurse_65,2,10.5
2,baseline,Nurse_66,2,7.5
2,baseline,Nurse_67,4,18.5
2,baseline,Nurse_68,0,10.0
2,baseline,Nurse_69,2,14.0
2,baseline,Nurse_70,2,12.0
2,strain,Nurse_01,2,15.0
2,strain,Nurse_02,1,12.5
2,strain,Nurse_03,1,10.5
2,strain,Nurse_04,2,10.5
2,strain,Nurse_05,1,12.0
2,strain,Nurse_06,2,13.0
2,strain,Nurse_07,1,8.0
2,strain,Nurse_08,2,10.0
2,strain,Nurse_09,1,9.0
2,strain,Nurse_10,1,11.0
2,strain,Nurse_11,2,12.5
2,strain,Nurse_12,1,13.5
2,strain,Nurse_13,2,18.5
2,strain,Nurse_14,2,16.0
2,strain,Nurse_15,3,16.5
2,strain,Nurse_16,1,17.5
2,strain,Nurse_17,3,19.0
2,strain,Nurse_18,2,10.5
2,strain,Nurse_19,2,11.5
2,strain,Nurse_20,2,19.0
2,strain,Nurse_21,3,19.5
2,strain,Nurse_22,1,8.5
2,strain,Nurse_23,1,11.0
2,strain,Nurse_24,2,16.5
2,strain,Nurse_25,4,13.5
2,strain,Nurse_26,0,9.0
2,strain,Nurse_27,0,3.0
2,strain,Nurse_28,1,10.5
2,strain,Nurse_29,5,21.0
2,strain,Nurse_30,3,14.5
2,strain,Nurse_31,2,9.0
2,strain,Nurse_32,2,10.5
2,strain,Nurse_33,1,16.0
2,strain,Nurse_34,1,6.0
2,strain,Nurse_35,2,17.5
2,strain,Nurse_36,0,8.0
2,strain,Nurse_37,3,22.0
2,strain,Nurse_38,3,14.0
2,strain,Nurse_39,1,12.0
2,strain,Nurse_40,3,16.5
2,strain,Nurse_41,0,4.0
2,strain,Nurse_42,1,12.5
2,strain,Nurse_43,0,9.0
2,strain,Nurse_44,1,9.0
2,strain,Nurse_45,0,8.5
2,strain,Nurse_46,1,17.0
2,strain,Nurse_47,2,10.5
2,strain,Nurse_48,0,11.0
2,strain,Nurse_49,2,11.0
2,strain,Nurse_50,3,13.0
2,strain,Nurse_51,1,7.5
2,strain,Nurse_52,2,16.5
2,strain,Nurse_53,1,9.0
2,strain,Nurse_54,0,10.5
2,strain,Nurse_55,3,13.0
2,strain,Nurse_56,1,12.5
2,strain,Nurse_57,1,11.0
2,strain,Nurse_58,0,11.5
2,strain,Nurse_59,2,10.5
2,strain,Nurse_60,2,15.5
2,strain,Nurse_61,3,12.0
2,strain,Nurse_62,3,13.5
2,strain,Nurse_63,1,12.5
2,strain,Nurse_64,4,19.5
2,strain,Nurse_65,2,9.0
2,strain,Nurse_66,2,9.0
2,strain,Nurse_67,3,16.0
2,strain,Nurse_68,0,8.5
2,strain,Nurse_69,2,11.5
2,strain,Nurse_70,2,13.5
3,baseline,Nurse_01,4,17.0
3,baseline,Nurse_02,1,9.5
3,baseline,Nurse_03,1,10.5
3,baseline,Nurse_04,3,12.0
3,baseline,Nurse_05,0,10.5
3,baseline,Nurse_06,4,16.0
3,baseline,Nurse_07,3,14.5
3,baseline,Nurse_08,5,20.0
3,baseline,Nurse_09,3,16.0
3,baseline,Nurse_10,2,12.0
3,baseline,Nurse_11,3,15.0
3,baseline,Nurse_12,2,7.5
3,baseline,Nurse_13,6,25.5
3,baseline,Nurse_14,3,17.0
3,baseline,Nurse_15,2,14.0
3,baseline,Nurse_16,0,6.5
3,baseline,Nurse_17,3,16.5
3,baseline,Nurse_18,1,17.0
3,baseline,Nurse_19,3,17.5
3,baseline,Nurse_20,4,15.5
3,baseline,Nurse_21,4,25.5
3,baseline,Nurse_22,1,9.5
3,baseline,Nurse_23,3,19.0
3,baseline,Nurse_24,4,19.0
3,baseline,Nurse_25,2,16.5
3,baseline,Nurse_26,1,3.0
3,baseline,Nurse_27,4,17.0
3,baseline,Nurse_28,3,25.0
3,baseline,Nurse_29,4,18.0
3,baseline,Nurse_30,5,26.5
3,baseline,Nurse_31,3,15.5
3,baseline,Nurse_32,4,17.5
3,baseline,Nurse_33,3,13.5
3,baseline,Nurse_34,3,9.0
3,baseline,Nurse_35,2,11.5
3,baseline,Nurse_36,3,18.0
3,baseline,Nurse_37,5,25.5
3,baseline,Nurse_38,3,20.0
3,baseline,Nurse_39,1,9.5
3,baseline,Nurse_40,3,14.0
3,baseline,Nurse_41,4,22.5
3,baseline,Nurse_42,2,14.0
3,baseline,Nurse_43,3,15.5
3,baseline,Nurse_44,0,0.0
3,baseline,Nurse_45,2,6.0
3,baseline,Nurse_46,2,7.5
3,baseline,Nurse_47,0,6.0
3,baseline,Nurse_48,1,10.5
3,baseline,Nurse_49,0,10.5
3,baseline,Nurse_50,3,20.5
3,baseline,Nurse_51,3,15.0
3,baseline,Nurse_52,3,13.0
3,baseline,Nurse_53,4,12.0
3,baseline,Nurse_54,5,25.0
3,baseline,Nurse_55,1,15.0
3,baseline,Nurse_56,4,20.5
3,baseline,Nurse_57,6,23.5
3,baseline,Nurse_58,3,18.5
3,baseline,Nurse_59,2,6.0
3,baseline,Nurse_60,2,15.0
3,baseline,Nurse_61,0,3.0
3,baseline,Nurse_62,1,11.0
3,baseline,Nurse_63,3,20.0
3,baseline,Nurse_64,2,10.5
3,baseline,Nurse_65,1,9.0
3,baseline,Nurse_66,3,17.5
3,baseline,Nurse_67,2,11.0
3,baseline,Nurse_68,2,9.5
3,baseline,Nurse_69,2,13.5
3,baseline,Nurse_70,1,10.0
3,strain,Nurse_01,2,12.5
3,strain,Nurse_02,1,9.5
3,strain,Nurse_03,1,10.5
3,strain,Nurse_04,1,9.0
3,strain,Nurse_05,0,10.0
3,strain,Nurse_06,3,17.5
3,strain,Nurse_07,2,13.0
3,strain,Nurse_08,3,15.5
3,strain,Nurse_09,3,17.5
3,strain,Nurse_10,2,13.5
3,strain,Nurse_11,3,17.0
3,strain,Nurse_12,2,7.5
3,strain,Nurse_13,1,15.5
3,strain,Nurse_14,1,10.5
3,strain,Nurse_15,2,15.5
3,strain,Nurse_16,0,9.5
3,strain,Nurse_17,1,14.5
3,strain,Nurse_18,1,16.0
3,strain,Nurse_19,2,13.5
3,strain,Nurse_20,2,11.0
3,strain,Nurse_21,1,18.0
3,strain,Nurse_22,0,11.5
3,strain,Nurse_23,1,14.5
3,strain,Nurse_24,2,17.5
3,strain,Nurse_25,1,17.0
3,strain,Nurse_26,1,3.0
3,strain,Nurse_27,2,14.0
3,strain,Nurse_28,2,21.5
3,strain,Nurse_29,0,11.5
3,strain,Nurse_30,2,17.0
3,strain,Nurse_31,2,13.0
3,strain,Nurse_32,2,13.5
3,strain,Nurse_33,1,11.0
3,strain,Nurse_34,3,9.0
3,strain,Nurse_35,2,10.0
3,strain,Nurse_36,2,14.5
3,strain,Nurse_37,1,12.5
3,strain,Nurse_38,1,15.5
3,strain,Nurse_39,0,5.0
3,strain,Nurse_40,3,12.0
3,strain,Nurse_41,2,17.5
3,strain,Nurse_42,1,13.0
3,strain,Nurse_43,1,12.0
3,strain,Nurse_44,0,6.0
3,strain,Nurse_45,2,9.0
3,strain,Nurse_46,1,7.5
3,strain,Nurse_47,1,15.0
3,strain,Nurse_48,1,9.5
3,strain,Nurse_49,0,14.0
3,strain,Nurse_50,2,15.5
3,strain,Nurse_51,2,14.5
3,strain,Nurse_52,3,13.0
3,strain,Nurse_53,4,12.0
3,strain,Nurse_54,3,17.5
3,strain,Nurse_55,1,15.0
3,strain,Nurse_56,2,16.5
3,strain,Nurse_57,1,15.5
3,strain,Nurse_58,2,17.5
3,strain,Nurse_59,2,7.5
3,strain,Nurse_60,2,10.5
3,strain,Nurse_61,0,4.5
3,strain,Nurse_62,1,10.5
3,strain,Nurse_63,2,13.0
3,strain,Nurse_64,2,12.0
3,strain,Nurse_65,0,5.5
3,strain,Nurse_66,3,14.5
3,strain,Nurse_67,1,8.5
3,strain,Nurse_68,0,9.0
3,strain,Nurse_69,1,13.0
3,strain,Nurse_70,1,10.0
4,baseline,Nurse_01,1,7.0
4,baseline,Nurse_02,1,8.5
4,baseline,Nurse_03,0,3.0
4,baseline,Nurse_04,2,10.5
4,baseline,Nurse_05,3,10.5
4,baseline,Nurse_06,4,15.0
4,baseline,Nurse_07,4,19.5
4,baseline,Nurse_08,5,24.5
4,baseline,Nurse_09,1,15.5
4,baseline,Nurse_10,3,12.0
4,baseline,Nurse_11,2,17.5
4,baseline,Nurse_12,2,12.0
4,baseline,Nurse_13,2,17.0
4,baseline,Nurse_14,2,12.0
4,baseline,Nurse_15,2,9.0
4,baseline,Nurse_16,4,21.0
4,baseline,Nurse_17,1,11.5
4,baseline,Nurse_18,1,10.5
4,baseline,Nurse_19,2,13.5
4,baseline,Nurse_20,2,7.5
4,baseline,Nurse_21,1,18.5
4,baseline,Nurse_22,2,12.5
4,baseline,Nurse_23,4,17.0
4,baseline,Nurse_24,1,8.5
4,baseline,Nurse_25,5,24.5
4,baseline,Nurse_26,2,12.0
4,baseline,Nurse_27,3,9.0
4,baseline,Nurse_28,1,9.5
4,baseline,Nurse_29,5,20.0
4,baseline,Nurse_30,4,17.0
4,baseline,Nurse_31,2,12.5
4,baseline,Nurse_32,3,14.0
4,baseline,Nurse_33,1,9.0
4,baseline,Nurse_34,5,23.5
4,baseline,Nurse_35,4,15.0
4,baseline,Nurse_36,1,11.5
4,baseline,Nurse_37,3,15.5
4,baseline,Nurse_38,4,13.5
4,baseline,Nurse_39,4,20.0
4,baseline,Nurse_40,4,15.5
4,baseline,Nurse_41,2,11.0
4,baseline,Nurse_42,5,24.0
4,baseline,Nurse_43,3,17.0
4,baseline,Nurse_44,1,8.5
4,baseline,Nurse_45,1,12.5
4,baseline,Nurse_46,3,19.0
4,baseline,Nurse_47,7,28.0
4,baseline,Nurse_48,2,15.0
4,baseline,Nurse_49,1,11.5
4,baseline,Nurse_50,2,14.5
4,baseline,Nurse_51,0,10.0
4,baseline,Nurse_52,4,19.0
4,baseline,Nurse_53,0,5.5
4,baseline,Nurse_54,1,11.0
4,baseline,Nurse_55,3,17.5
4,baseline,Nurse_56,5,24.0
4,baseline,Nurse_57,5,19.5
4,baseline,Nurse_58,5,18.0
4,baseline,Nurse_59,0,11.0
4,baseline,Nurse_60,5,19.5
4,baseline,Nurse_61,5,15.0
4,baseline,Nurse_62,1,13.0
4,baseline,Nurse_63,3,10.5
4,baseline,Nurse_64,5,21.0
4,baseline,Nurse_65,4,18.0
4,baseline,Nurse_66,1,10.0
4,baseline,Nurse_67,4,18.5
4,baseline,Nurse_68,4,18.5
4,baseline,Nurse_69,1,13.5
4,baseline,Nurse_70,0,9.0
4,strain,Nurse_01,1,11.0
4,strain,Nurse_02,1,10.0
4,strain,Nurse_03,0,3.0
4,strain,Nurse_04,2,7.5
4,strain,Nurse_05,3,9.0
4,strain,Nurse_06,4,16.5
4,strain,Nurse_07,3,16.0
4,strain,Nurse_08,1,14.5
4,strain,Nurse_09,1,15.5
4,strain,Nurse_10,2,12.0
4,strain,Nurse_11,2,19.0
4,strain,Nurse_12,2,10.0
4,strain,Nurse_13,1,11.5
4,strain,Nurse_14,1,12.0
4,strain,Nurse_15,2,10.5
4,strain,Nurse_16,2,16.5
4,strain,Nurse_17,0,10.0
4,strain,Nurse_18,0,6.5
4,strain,Nurse_19,0,10.5
4,strain,Nurse_20,2,6.0
4,strain,Nurse_21,1,17.0
4,strain,Nurse_22,1,10.5
4,strain,Nurse_23,1,15.0
4,strain,Nurse_24,1,8.5
4,strain,Nurse_25,3,20.5
4,strain,Nurse_26,1,10.5
4,strain,Nurse_27,2,9.0
4,strain,Nurse_28,0,7.0
4,strain,Nurse_29,1,11.5
4,strain,Nurse_30,2,14.0
4,strain,Nurse_31,2,11.5
4,strain,Nurse_32,3,14.0
4,strain,Nurse_33,0,8.5
4,strain,Nurse_34,1,16.5
4,strain,Nurse_35,4,16.0
4,strain,Nurse_36,0,12.5
4,strain,Nurse_37,2,12.5
4,strain,Nurse_38,4,13.5
4,strain,Nurse_39,3,17.5
4,strain,Nurse_40,4,15.5
4,strain,Nurse_41,2,14.0
4,strain,Nurse_42,3,20.0
4,strain,Nurse_43,3,15.5
4,strain,Nurse_44,1,6.0
4,strain,Nurse_45,1,12.0
4,strain,Nurse_46,2,13.0
4,strain,Nurse_47,3,18.5
4,strain,Nurse_48,1,12.0
4,strain,Nurse_49,0,8.5
4,strain,Nurse_50,2,13.5
4,strain,Nurse_51,0,10.5
4,strain,Nurse_52,1,13.0
4,strain,Nurse_53,0,8.0
4,strain,Nurse_54,1,11.0
4,strain,Nurse_55,2,13.5
4,strain,Nurse_56,1,19.0
4,strain,Nurse_57,2,15.0
4,strain,Nurse_58,4,16.5
4,strain,Nurse_59,0,10.0
4,strain,Nurse_60,5,20.5
4,strain,Nurse_61,5,15.0
4,strain,Nurse_62,1,14.5
4,strain,Nurse_63,3,12.0
4,strain,Nurse_64,4,20.5
4,strain,Nurse_65,3,16.0
4,strain,Nurse_66,0,8.5
4,strain,Nurse_67,2,13.0
4,strain,Nurse_68,2,16.5
4,strain,Nurse_69,1,12.5
4,strain,Nurse_70,0,10.0
5,baseline,Nurse_01,0,1.5
5,baseline,Nurse_02,0,9.0
5,baseline,Nurse_03,0,7.0
5,baseline,Nurse_04,4,13.0
5,baseline,Nurse_05,5,20.0
5,baseline,Nurse_06,5,20.0
5,baseline,Nurse_07,5,22.5
5,baseline,Nurse_08,5,18.0
5,baseline,Nurse_09,4,27.5
5,baseline,Nurse_10,1,4.5
5,baseline,Nurse_11,4,21.0
5,baseline,Nurse_12,5,20.0
5,baseline,Nurse_13,4,16.5
5,baseline,Nurse_14,0,6.5
5,baseline,Nurse_15,0,6.0
5,baseline,Nurse_16,4,16.5
5,baseline,Nurse_17,2,14.0
5,baseline,Nurse_18,5,21.5
5,baseline,Nurse_19,0,7.0
5,baseline,Nurse_20,2,15.0
5,baseline,Nurse_21,5,21.0
5,baseline,Nurse_22,2,14.5
5,baseline,Nurse_23,0,8.0
5,baseline,Nurse_24,4,14.0
5,baseline,Nurse_25,0,1.5
5,baseline,Nurse_26,0,9.5
5,baseline,Nurse_27,4,16.0
5,baseline,Nurse_28,3,9.0
5,baseline,Nurse_29,1,16.5
5,baseline,Nurse_30,1,7.0
5,baseline,Nurse_31,1,10.5
5,baseline,Nurse_32,4,19.0
5,baseline,Nurse_33,4,17.5
5,baseline,Nurse_34,3,15.5
5,baseline,Nurse_35,2,13.0
5,baseline,Nurse_36,2,15.5
5,baseline,Nurse_37,5,20.0
5,baseline,Nurse_38,0,8.0
5,baseline,Nurse_39,4,14.0
5,baseline,Nurse_40,4,22.5
5,baseline,Nurse_41,2,10.0
5,baseline,Nurse_42,4,24.5
5,baseline,Nurse_43,3,10.5
5,baseline,Nurse_44,1,5.0
5,baseline,Nurse_45,1,9.0
5,baseline,Nurse_46,3,18.0
5,baseline,Nurse_47,4,20.5
5,baseline,Nurse_48,5,21.5
5,baseline,Nurse_49,2,12.5
5,baseline,Nurse_50,0,12.0
5,baseline,Nurse_51,3,11.0
5,baseline,Nurse_52,0,5.0
5,baseline,Nurse_53,2,16.0
5,baseline,Nurse_54,1,12.5
5,baseline,Nurse_55,4,17.0
5,baseline,Nurse_56,1,12.5
5,baseline,Nurse_57,2,14.5
5,baseline,Nurse_58,4,14.0
5,baseline,Nurse_59,2,13.5
5,baseline,Nurse_60,2,16.0
5,baseline,Nurse_61,4,19.5
5,baseline,Nurse_62,2,15.5
5,baseline,Nurse_63,4,20.5
5,baseline,Nurse_64,3,22.5
5,baseline,Nurse_65,1,4.5
5,baseline,Nurse_66,2,16.0
5,baseline,Nurse_67,2,13.0
5,baseline,Nurse_68,2,13.5
5,baseline,Nurse_69,0,3.0
5,baseline,Nurse_70,4,20.0
5,strain,Nurse_01,0,6.0
5,strain,Nurse_02,0,13.0
5,strain,Nurse_03,0,10.0
5,strain,Nurse_04,1,10.0
5,strain,Nurse_05,3,14.5
5,strain,Nurse_06,3,18.0
5,strain,Nurse_07,3,18.0
5,strain,Nurse_08,3,16.0
5,strain,Nurse_09,3,18.5
5,strain,Nurse_10,0,3.0
5,strain,Nurse_11,3,19.5
5,strain,Nurse_12,3,16.0
5,strain,Nurse_13,4,16.5
5,strain,Nurse_14,0,7.5
5,strain,Nurse_15,0,14.0
5,strain,Nurse_16,3,16.5
5,strain,Nurse_17,2,13.0
5,strain,Nurse_18,3,15.5
5,strain,Nurse_19,0,8.0
5,strain,Nurse_20,1,11.5
5,strain,Nurse_21,2,16.5
5,strain,Nurse_22,2,13.0
5,strain,Nurse_23,0,9.0
5,strain,Nurse_24,3,12.5
5,strain,Nurse_25,0,4.5
5,strain,Nurse_26,1,10.5
5,strain,Nurse_27,4,16.0
5,strain,Nurse_28,3,10.5
5,strain,Nurse_29,0,9.5
5,strain,Nurse_30,1,7.0
5,strain,Nurse_31,1,10.5
5,strain,Nurse_32,1,13.5
5,strain,Nurse_33,2,14.0
5,strain,Nurse_34,3,13.0
5,strain,Nurse_35,0,11.5
5,strain,Nurse_36,2,16.5
5,strain,Nurse_37,2,18.0
5,strain,Nurse_38,0,8.0
5,strain,Nurse_39,4,14.0
5,strain,Nurse_40,4,21.5
5,strain,Nurse_41,2,10.0
5,strain,Nurse_42,1,17.0
5,strain,Nurse_43,2,7.5
5,strain,Nurse_44,1,6.5
5,strain,Nurse_45,1,10.5
5,strain,Nurse_46,2,17.0
5,strain,Nurse_47,2,14.5
5,strain,Nurse_48,4,17.5
5,strain,Nurse_49,1,12.0
5,strain,Nurse_50,0,14.0
5,strain,Nurse_51,2,9.5
5,strain,Nurse_52,0,6.5
5,strain,Nurse_53,1,13.0
5,strain,Nurse_54,0,8.5
5,strain,Nurse_55,3,14.5
5,strain,Nurse_56,0,7.5
5,strain,Nurse_57,1,8.5
5,strain,Nurse_58,3,15.0
5,strain,Nurse_59,0,5.5
5,strain,Nurse_60,1,13.5
5,strain,Nurse_61,2,18.5
5,strain,Nurse_62,1,8.0
5,strain,Nurse_63,2,16.5
5,strain,Nurse_64,1,13.5
5,strain,Nurse_65,1,4.5
5,strain,Nurse_66,1,8.5
5,strain,Nurse_67,2,13.0
5,strain,Nurse_68,1,17.0
5,strain,Nurse_69,0,4.0
5,strain,Nurse_70,1,16.5
6,baseline,Nurse_01,5,20.0
6,baseline,Nurse_02,3,16.5
6,baseline,Nurse_03,4,18.0
6,baseline,Nurse_04,4,18.0
6,baseline,Nurse_05,3,15.5
6,baseline,Nurse_06,2,12.0
6,baseline,Nurse_07,3,18.0
6,baseline,Nurse_08,3,17.5
6,baseline,Nurse_09,3,17.5
6,baseline,Nurse_10,4,20.0
6,baseline,Nurse_11,4,12.0
6,baseline,Nurse_12,2,16.0
6,baseline,Nurse_13,0,5.0
6,baseline,Nurse_14,1,5.0
6,baseline,Nurse_15,4,19.5
6,baseline,Nurse_16,1,7.5
6,baseline,Nurse_17,3,20.5
6,baseline,Nurse_18,2,13.5
6,baseline,Nurse_19,0,4.5
6,baseline,Nurse_20,6,22.0
6,baseline,Nurse_21,0,10.5
6,baseline,Nurse_22,4,17.5
6,baseline,Nurse_23,0,8.0
6,baseline,Nurse_24,3,20.0
6,baseline,Nurse_25,3,10.5
6,baseline,Nurse_26,3,16.0
6,baseline,Nurse_27,1,8.0
6,baseline,Nurse_28,0,10.0
6,baseline,Nurse_29,3,19.0
6,baseline,Nurse_30,2,6.0
6,baseline,Nurse_31,2,9.0
6,baseline,Nurse_32,5,20.5
6,baseline,Nurse_33,2,16.0
6,baseline,Nurse_34,0,11.0
6,baseline,Nurse_35,5,19.5
6,baseline,Nurse_36,2,16.0
6,baseline,Nurse_37,1,10.0
6,baseline,Nurse_38,3,23.5
6,baseline,Nurse_39,1,12.5
6,baseline,Nurse_40,5,20.0
6,baseline,Nurse_41,5,17.5
6,baseline,Nurse_42,2,11.5
6,baseline,Nurse_43,3,14.0
6,baseline,Nurse_44,1,13.0
6,baseline,Nurse_45,4,19.5
6,baseline,Nurse_46,2,10.5
6,baseline,Nurse_47,6,26.5
6,baseline,Nurse_48,3,18.0
6,baseline,Nurse_49,1,4.5
6,baseline,Nurse_50,5,22.0
6,baseline,Nurse_51,3,13.0
6,baseline,Nurse_52,0,8.5
6,baseline,Nurse_53,3,19.0
6,baseline,Nurse_54,1,8.0
6,baseline,Nurse_55,2,11.5
6,baseline,Nurse_56,3,15.5
6,baseline,Nurse_57,0,1.5
6,baseline,Nurse_58,3,14.5
6,baseline,Nurse_59,4,16.5
6,baseline,Nurse_60,3,17.0
6,baseline,Nurse_61,3,15.5
6,baseline,Nurse_62,5,17.0
6,baseline,Nurse_63,1,6.0
6,baseline,Nurse_64,1,9.0
6,baseline,Nurse_65,0,2.0
6,baseline,Nurse_66,5,22.5
6,baseline,Nurse_67,3,9.0
6,baseline,Nurse_68,1,13.5
6,baseline,Nurse_69,1,17.5
6,baseline,Nurse_70,1,15.0
6,strain,Nurse_01,3,18.0
6,strain,Nurse_02,1,16.0
6,strain,Nurse_03,3,16.5
6,strain,Nurse_04,2,16.5
6,strain,Nurse_05,2,13.0
6,strain,Nurse_06,2,13.5
6,strain,Nurse_07,2,12.5
6,strain,Nurse_08,1,12.0
6,strain,Nurse_09,2,14.5
6,strain,Nurse_10,4,17.0
6,strain,Nurse_11,3,13.5
6,strain,Nurse_12,0,13.5
6,strain,Nurse_13,0,5.0
6,strain,Nurse_14,0,5.5
6,strain,Nurse_15,2,15.0
6,strain,Nurse_16,1,7.5
6,strain,Nurse_17,1,15.0
6,strain,Nurse_18,1,8.0
6,strain,Nurse_19,0,4.5
6,strain,Nurse_20,3,16.5
6,strain,Nurse_21,0,8.0
6,strain,Nurse_22,4,17.5
6,strain,Nurse_23,0,8.5
6,strain,Nurse_24,3,17.0
6,strain,Nurse_25,3,12.0
6,strain,Nurse_26,3,16.0
6,strain,Nurse_27,1,8.0
6,strain,Nurse_28,0,8.5
6,strain,Nurse_29,1,18.5
6,strain,Nurse_30,2,7.5
6,strain,Nurse_31,0,4.5
6,strain,Nurse_32,5,18.0
6,strain,Nurse_33,0,10.0
6,strain,Nurse_34,0,10.0
6,strain,Nurse_35,4,13.5
6,strain,Nurse_36,1,12.0
6,strain,Nurse_37,1,10.5
6,strain,Nurse_38,1,19.0
6,strain,Nurse_39,1,11.0
6,strain,Nurse_40,3,18.0
6,strain,Nurse_41,3,14.5
6,strain,Nurse_42,2,13.0
6,strain,Nurse_43,2,12.5
6,strain,Nurse_44,0,15.5
6,strain,Nurse_45,3,18.0
6,strain,Nurse_46,1,9.0
6,strain,Nurse_47,5,21.0
6,strain,Nurse_48,2,21.5
6,strain,Nurse_49,0,3.0
6,strain,Nurse_50,3,19.0
6,strain,Nurse_51,2,12.5
6,strain,Nurse_52,0,9.5
6,strain,Nurse_53,1,13.5
6,strain,Nurse_54,0,7.5
6,strain,Nurse_55,2,10.5
6,strain,Nurse_56,2,11.0
6,strain,Nurse_57,0,4.5
6,strain,Nurse_58,1,11.0
6,strain,Nurse_59,2,12.5
6,strain,Nurse_60,2,16.5
6,strain,Nurse_61,2,12.5
6,strain,Nurse_62,1,13.0
6,strain,Nurse_63,1,6.0
6,strain,Nurse_64,0,7.5
6,strain,Nurse_65,0,6.5
6,strain,Nurse_66,1,14.0
6,strain,Nurse_67,2,10.5
6,strain,Nurse_68,1,14.5
6,strain,Nurse_69,1,16.5
6,strain,Nurse_70,1,14.0
7,baseline,Nurse_01,3,23.0
7,baseline,Nurse_02,3,23.0
7,baseline,Nurse_03,5,18.0
7,baseline,Nurse_04,4,16.0
7,baseline,Nurse_05,3,12.0
7,baseline,Nurse_06,3,20.0
7,baseline,Nurse_07,1,7.0
7,baseline,Nurse_08,0,8.0
7,baseline,Nurse_09,4,18.5
7,baseline,Nurse_10,0,8.0
7,baseline,Nurse_11,6,20.0
7,baseline,Nurse_12,2,15.5
7,baseline,Nurse_13,4,21.0
7,baseline,Nurse_14,2,6.0
7,baseline,Nurse_15,2,15.0
7,baseline,Nurse_16,1,3.0
7,baseline,Nurse_17,2,12.0
7,baseline,Nurse_18,1,12.5
7,baseline,Nurse_19,3,16.0
7,baseline,Nurse_20,2,11.0
7,baseline,Nurse_21,2,13.5
7,baseline,Nurse_22,0,5.5
7,baseline,Nurse_23,1,6.0
7,baseline,Nurse_24,5,25.5
7,baseline,Nurse_25,5,25.5
7,baseline,Nurse_26,5,16.5
7,baseline,Nurse_27,2,18.0
7,baseline,Nurse_28,0,5.5
7,baseline,Nurse_29,2,11.0
7,baseline,Nurse_30,3,16.0
7,baseline,Nurse_31,3,12.0
7,baseline,Nurse_32,4,19.0
7,baseline,Nurse_33,3,13.0
7,baseline,Nurse_34,3,14.0
7,baseline,Nurse_35,1,15.0
7,baseline,Nurse_36,5,22.5
7,baseline,Nurse_37,5,23.5
7,baseline,Nurse_38,4,18.5
7,baseline,Nurse_39,5,19.0
7,baseline,Nurse_40,3,12.0
7,baseline,Nurse_41,2,12.0
7,baseline,Nurse_42,0,8.0
7,baseline,Nurse_43,5,17.0
7,baseline,Nurse_44,2,16.0
7,baseline,Nurse_45,4,25.0
7,baseline,Nurse_46,2,12.0
7,baseline,Nurse_47,4,18.0
7,baseline,Nurse_48,1,3.0
7,baseline,Nurse_49,3,17.5
7,baseline,Nurse_50,3,17.5
7,baseline,Nurse_51,1,13.0
7,baseline,Nurse_52,4,22.5
7,baseline,Nurse_53,0,3.0
7,baseline,Nurse_54,3,19.5
7,baseline,Nurse_55,4,17.0
7,baseline,Nurse_56,1,10.0
7,baseline,Nurse_57,2,9.0
7,baseline,Nurse_58,2,9.0
7,baseline,Nurse_59,0,6.0
7,baseline,Nurse_60,2,13.5
7,baseline,Nurse_61,1,3.0
7,baseline,Nurse_62,3,16.5
7,baseline,Nurse_63,4,15.0
7,baseline,Nurse_64,0,8.5
7,baseline,Nurse_65,3,16.0
7,baseline,Nurse_66,5,15.0
7,baseline,Nurse_67,1,7.5
7,baseline,Nurse_68,4,22.0
7,baseline,Nurse_69,2,7.5
7,baseline,Nurse_70,1,10.5
7,strain,Nurse_01,2,17.5
7,strain,Nurse_02,2,18.5
7,strain,Nurse_03,3,13.5
7,strain,Nurse_04,3,17.0
7,strain,Nurse_05,3,13.0
7,strain,Nurse_06,2,13.5
7,strain,Nurse_07,0,6.5
7,strain,Nurse_08,0,9.0
7,strain,Nurse_09,4,22.0
7,strain,Nurse_10,0,9.0
7,strain,Nurse_11,5,20.0
7,strain,Nurse_12,2,14.5
7,strain,Nurse_13,2,17.0
7,strain,Nurse_14,1,6.0
7,strain,Nurse_15,1,9.5
7,strain,Nurse_16,1,6.0
7,strain,Nurse_17,2,12.0
7,strain,Nurse_18,1,11.5
7,strain,Nurse_19,2,15.5
7,strain,Nurse_20,2,9.5
7,strain,Nurse_21,1,9.5
7,strain,Nurse_22,0,7.0
7,strain,Nurse_23,1,9.0
7,strain,Nurse_24,4,24.0
7,strain,Nurse_25,2,17.0
7,strain,Nurse_26,3,15.0
7,strain,Nurse_27,2,16.5
7,strain,Nurse_28,0,5.5
7,strain,Nurse_29,2,11.0
7,strain,Nurse_30,2,14.0
7,strain,Nurse_31,3,12.0
7,strain,Nurse_32,1,15.5
7,strain,Nurse_33,2,10.5
7,strain,Nurse_34,2,13.0
7,strain,Nurse_35,0,14.0
7,strain,Nurse_36,4,18.0
7,strain,Nurse_37,3,19.0
7,strain,Nurse_38,3,15.5
7,strain,Nurse_39,3,14.5
7,strain,Nurse_40,2,10.5
7,strain,Nurse_41,1,11.5
7,strain,Nurse_42,0,8.0
7,strain,Nurse_43,4,15.5
7,strain,Nurse_44,2,13.5
7,strain,Nurse_45,1,17.0
7,strain,Nurse_46,2,12.0
7,strain,Nurse_47,3,15.5
7,strain,Nurse_48,1,3.0
7,strain,Nurse_49,1,12.0
7,strain,Nurse_50,2,14.0
7,strain,Nurse_51,1,9.0
7,strain,Nurse_52,1,15.0
7,strain,Nurse_53,0,5.5
7,strain,Nurse_54,2,16.5
7,strain,Nurse_55,1,12.5
7,strain,Nurse_56,2,9.0
7,strain,Nurse_57,1,9.0
7,strain,Nurse_58,2,10.0
7,strain,Nurse_59,0,8.5
7,strain,Nurse_60,2,14.5
7,strain,Nurse_61,1,6.0
7,strain,Nurse_62,2,14.0
7,strain,Nurse_63,4,15.0
7,strain,Nurse_64,0,7.5
7,strain,Nurse_65,2,14.0
7,strain,Nurse_66,3,13.5
7,strain,Nurse_67,1,9.0
7,strain,Nurse_68,1,12.0
7,strain,Nurse_69,2,9.0
7,strain,Nurse_70,1,12.5
8,baseline,Nurse_01,1,9.5
8,baseline,Nurse_02,1,10.0
8,baseline,Nurse_03,4,13.5
8,baseline,Nurse_04,4,22.0
8,baseline,Nurse_05,2,15.5
8,baseline,Nurse_06,4,16.5
8,baseline,Nurse_07,3,10.5
8,baseline,Nurse_08,4,20.5
8,baseline,Nurse_09,5,20.0
8,baseline,Nurse_10,5,16.5
8,baseline,Nurse_11,3,15.0
8,baseline,Nurse_12,5,24.0
8,baseline,Nurse_13,0,0.0
8,baseline,Nurse_14,2,9.5
8,baseline,Nurse_15,2,16.5
8,baseline,Nurse_16,2,15.5
8,baseline,Nurse_17,3,19.0
8,baseline,Nurse_18,2,14.0
8,baseline,Nurse_19,1,15.5
8,baseline,Nurse_20,2,8.5
8,baseline,Nurse_21,0,5.0
8,baseline,Nurse_22,5,21.5
8,baseline,Nurse_23,6,21.0
8,baseline,Nurse_24,4,18.5
8,baseline,Nurse_25,4,21.0
8,baseline,Nurse_26,2,13.5
8,baseline,Nurse_27,5,23.0
8,baseline,Nurse_28,1,3.0
8,baseline,Nurse_29,3,13.5
8,baseline,Nurse_30,5,19.5
8,baseline,Nurse_31,3,23.5
8,baseline,Nurse_32,0,5.0
8,baseline,Nurse_33,3,22.5
8,baseline,Nurse_34,0,3.0
8,baseline,Nurse_35,5,20.5
8,baseline,Nurse_36,1,3.0
8,baseline,Nurse_37,1,3.0
8,baseline,Nurse_38,2,11.0
8,baseline,Nurse_39,0,10.5
8,baseline,Nurse_40,4,21.5
8,baseline,Nurse_41,0,6.5
8,baseline,Nurse_42,1,9.5
8,baseline,Nurse_43,0,9.5
8,baseline,Nurse_44,4,21.0
8,baseline,Nurse_45,0,7.0
8,baseline,Nurse_46,2,9.0
8,baseline,Nurse_47,0,4.0
8,baseline,Nurse_48,0,4.0
8,baseline,Nurse_49,3,17.0
8,baseline,Nurse_50,2,13.5
8,baseline,Nurse_51,1,9.0
8,baseline,Nurse_52,6,22.0
8,baseline,Nurse_53,3,19.0
8,baseline,Nurse_54,0,7.5
8,baseline,Nurse_55,2,13.5
8,baseline,Nurse_56,4,22.5
8,baseline,Nurse_57,2,7.5
8,baseline,Nurse_58,1,14.0
8,baseline,Nurse_59,0,7.5
8,baseline,Nurse_60,3,12.0
8,baseline,Nurse_61,5,22.5
8,baseline,Nurse_62,5,18.0
8,baseline,Nurse_63,4,13.0
8,baseline,Nurse_64,5,19.0
8,baseline,Nurse_65,1,7.0
8,baseline,Nurse_66,5,17.0
8,baseline,Nurse_67,3,17.5
8,baseline,Nurse_68,2,15.0
8,baseline,Nurse_69,3,21.5
8,baseline,Nurse_70,1,12.5
8,strain,Nurse_01,1,8.0
8,strain,Nurse_02,1,12.5
8,strain,Nurse_03,2,12.0
8,strain,Nurse_04,2,18.5
8,strain,Nurse_05,2,15.5
8,strain,Nurse_06,2,11.5
8,strain,Nurse_07,2,9.0
8,strain,Nurse_08,3,16.0
8,strain,Nurse_09,3,17.0
8,strain,Nurse_10,3,12.0
8,strain,Nurse_11,1,10.0
8,strain,Nurse_12,3,21.5
8,strain,Nurse_13,0,3.0
8,strain,Nurse_14,2,9.5
8,strain,Nurse_15,1,12.0
8,strain,Nurse_16,1,15.5
8,strain,Nurse_17,2,17.5
8,strain,Nurse_18,1,12.5
8,strain,Nurse_19,0,8.5
8,strain,Nurse_20,1,8.0
8,strain,Nurse_21,0,6.5
8,strain,Nurse_22,3,17.5
8,strain,Nurse_23,3,16.5
8,strain,Nurse_24,2,14.5
8,strain,Nurse_25,3,18.0
8,strain,Nurse_26,1,12.0
8,strain,Nurse_27,4,25.5
8,strain,Nurse_28,1,3.0
8,strain,Nurse_29,1,7.5
8,strain,Nurse_30,2,12.0
8,strain,Nurse_31,2,19.0
8,strain,Nurse_32,0,6.0
8,strain,Nurse_33,3,17.5
8,strain,Nurse_34,0,3.0
8,strain,Nurse_35,4,17.5
8,strain,Nurse_36,1,7.0
8,strain,Nurse_37,1,6.0
8,strain,Nurse_38,1,11.0
8,strain,Nurse_39,0,12.0
8,strain,Nurse_40,2,15.5
8,strain,Nurse_41,0,5.0
8,strain,Nurse_42,1,9.5
8,strain,Nurse_43,0,9.5
8,strain,Nurse_44,4,21.0
8,strain,Nurse_45,0,8.5
8,strain,Nurse_46,1,5.0
8,strain,Nurse_47,0,4.0
8,strain,Nurse_48,0,7.0
8,strain,Nurse_49,3,15.5
8,strain,Nurse_50,1,11.5
8,strain,Nurse_51,0,7.0
8,strain,Nurse_52,4,19.0
8,strain,Nurse_53,3,16.0
8,strain,Nurse_54,0,11.5
8,strain,Nurse_55,1,9.5
8,strain,Nurse_56,1,17.0
8,strain,Nurse_57,2,9.0
8,strain,Nurse_58,1,13.5
8,strain,Nurse_59,0,6.5
8,strain,Nurse_60,2,10.5
8,strain,Nurse_61,3,16.0
8,strain,Nurse_62,3,16.0
8,strain,Nurse_63,4,13.0
8,strain,Nurse_64,3,18.5
8,strain,Nurse_65,1,10.0
8,strain,Nurse_66,4,15.5
8,strain,Nurse_67,1,12.5
8,strain,Nurse_68,1,12.0
8,strain,Nurse_69,3,20.0
8,strain,Nurse_70,1,11.0
9,baseline,Nurse_01,0,8.0
9,baseline,Nurse_02,3,12.0
9,baseline,Nurse_03,5,15.0
9,baseline,Nurse_04,3,16.0
9,baseline,Nurse_05,5,28.0
9,baseline,Nurse_06,0,8.0
9,baseline,Nurse_07,2,14.5
9,baseline,Nurse_08,0,8.5
9,baseline,Nurse_09,5,21.0
9,baseline,Nurse_10,4,21.0
9,baseline,Nurse_11,1,9.5
9,baseline,Nurse_12,3,20.5
9,baseline,Nurse_13,6,25.0
9,baseline,Nurse_14,1,13.0
9,baseline,Nurse_15,0,9.5
9,baseline,Nurse_16,1,9.0
9,baseline,Nurse_17,2,13.0
9,baseline,Nurse_18,0,11.0
9,baseline,Nurse_19,3,17.0
9,baseline,Nurse_20,0,8.5
9,baseline,Nurse_21,3,9.0
9,baseline,Nurse_22,2,11.0
9,baseline,Nurse_23,1,4.5
9,baseline,Nurse_24,4,20.0
9,baseline,Nurse_25,1,13.0
9,baseline,Nurse_26,1,12.0
9,baseline,Nurse_27,2,17.0
9,baseline,Nurse_28,6,24.0
9,baseline,Nurse_29,1,11.0
9,baseline,Nurse_30,6,26.0
9,baseline,Nurse_31,2,11.0
9,baseline,Nurse_32,2,16.5
9,baseline,Nurse_33,2,14.0
9,baseline,Nurse_34,3,12.0
9,baseline,Nurse_35,1,7.0
9,baseline,Nurse_36,3,17.5
9,baseline,Nurse_37,2,12.5
9,baseline,Nurse_38,0,6.0
9,baseline,Nurse_39,4,16.0
9,baseline,Nurse_40,2,14.0
9,baseline,Nurse_41,0,10.5
9,baseline,Nurse_42,3,19.5
9,baseline,Nurse_43,4,12.0
9,baseline,Nurse_44,2,9.5
9,baseline,Nurse_45,0,8.0
9,baseline,Nurse_46,1,8.0
9,baseline,Nurse_47,4,15.0
9,baseline,Nurse_48,2,15.5
9,baseline,Nurse_49,6,21.0
9,baseline,Nurse_50,3,15.5
9,baseline,Nurse_51,1,6.0
9,baseline,Nurse_52,4,12.0
9,baseline,Nurse_53,2,15.0
9,baseline,Nurse_54,0,3.5
9,baseline,Nurse_55,0,7.5
9,baseline,Nurse_56,4,14.5
9,baseline,Nurse_57,3,14.5
9,baseline,Nurse_58,6,25.0
9,baseline,Nurse_59,5,23.5
9,baseline,Nurse_60,2,9.0
9,baseline,Nurse_61,4,12.0
9,baseline,Nurse_62,3,15.5
9,baseline,Nurse_63,0,6.5
9,baseline,Nurse_64,3,13.0
9,baseline,Nurse_65,2,15.0
9,baseline,Nurse_66,2,13.5
9,baseline,Nurse_67,2,14.5
9,baseline,Nurse_68,4,12.0
9,baseline,Nurse_69,3,10.5
9,baseline,Nurse_70,4,18.5
9,strain,Nurse_01,0,11.0
9,strain,Nurse_02,1,9.0
9,strain,Nurse_03,2,9.0
9,strain,Nurse_04,2,12.0
9,strain,Nurse_05,5,24.0
9,strain,Nurse_06,0,13.0
9,strain,Nurse_07,0,13.5
9,strain,Nurse_08,0,10.0
9,strain,Nurse_09,3,16.5
9,strain,Nurse_10,2,15.5
9,strain,Nurse_11,0,5.0
9,strain,Nurse_12,1,15.5
9,strain,Nurse_13,4,21.0
9,strain,Nurse_14,1,10.5
9,strain,Nurse_15,0,9.5
9,strain,Nurse_16,1,9.0
9,strain,Nurse_17,2,13.0
9,strain,Nurse_18,0,11.0
9,strain,Nurse_19,2,11.5
9,strain,Nurse_20,0,8.5
9,strain,Nurse_21,3,9.0
9,strain,Nurse_22,1,9.5
9,strain,Nurse_23,1,6.0
9,strain,Nurse_24,4,17.5
9,strain,Nurse_25,1,13.5
9,strain,Nurse_26,1,15.5
9,strain,Nurse_27,1,14.5
9,strain,Nurse_28,4,18.0
9,strain,Nurse_29,1,11.0
9,strain,Nurse_30,3,18.0
9,strain,Nurse_31,1,11.0
9,strain,Nurse_32,2,11.0
9,strain,Nurse_33,1,12.0
9,strain,Nurse_34,1,10.0
9,strain,Nurse_35,1,8.5
9,strain,Nurse_36,3,12.0
9,strain,Nurse_37,2,11.0
9,strain,Nurse_38,0,13.0
9,strain,Nurse_39,3,17.5
9,strain,Nurse_40,1,11.0
9,strain,Nurse_41,0,10.5
9,strain,Nurse_42,3,22.0
9,strain,Nurse_43,1,7.5
9,strain,Nurse_44,1,9.5
9,strain,Nurse_45,0,8.0
9,strain,Nurse_46,0,3.5
9,strain,Nurse_47,4,16.5
9,strain,Nurse_48,2,14.0
9,strain,Nurse_49,3,18.0
9,strain,Nurse_50,3,15.5
9,strain,Nurse_51,1,6.0
9,strain,Nurse_52,4,13.5
9,strain,Nurse_53,1,11.5
9,strain,Nurse_54,0,6.5
9,strain,Nurse_55,0,6.5
9,strain,Nurse_56,1,10.5
9,strain,Nurse_57,3,14.5
9,strain,Nurse_58,2,16.5
9,strain,Nurse_59,2,16.5
9,strain,Nurse_60,2,9.0
9,strain,Nurse_61,3,13.5
9,strain,Nurse_62,3,14.5
9,strain,Nurse_63,0,9.0
9,strain,Nurse_64,2,11.5
9,strain,Nurse_65,1,13.0
9,strain,Nurse_66,2,12.0
9,strain,Nurse_67,2,14.5
9,strain,Nurse_68,4,12.0
9,strain,Nurse_69,2,7.5
9,strain,Nurse_70,2,13.5
10,baseline,Nurse_01,3,13.0
10,baseline,Nurse_02,3,16.5
10,baseline,Nurse_03,3,17.0
10,baseline,Nurse_04,2,10.0
10,baseline,Nurse_05,4,21.0
10,baseline,Nurse_06,5,15.0
10,baseline,Nurse_07,1,4.5
10,baseline,Nurse_08,2,12.0
10,baseline,Nurse_09,0,5.0
10,baseline,Nurse_10,2,17.0
10,baseline,Nurse_11,1,11.0
10,baseline,Nurse_12,3,18.0
10,baseline,Nurse_13,1,14.0
10,baseline,Nurse_14,1,6.0
10,baseline,Nurse_15,3,21.5
10,baseline,Nurse_16,0,7.5
10,baseline,Nurse_17,3,20.5
10,baseline,Nurse_18,4,20.0
10,baseline,Nurse_19,4,18.0
10,baseline,Nurse_20,1,11.0
10,baseline,Nurse_21,6,26.5
10,baseline,Nurse_22,1,7.5
10,baseline,Nurse_23,0,0.0
10,baseline,Nurse_24,1,8.5
10,baseline,Nurse_25,3,17.0
10,baseline,Nurse_26,3,15.5
10,baseline,Nurse_27,6,27.5
10,baseline,Nurse_28,1,16.5
10,baseline,Nurse_29,0,4.0
10,baseline,Nurse_30,3,12.0
10,baseline,Nurse_31,5,20.0
10,baseline,Nurse_32,4,22.0
10,baseline,Nurse_33,2,11.5
10,baseline,Nurse_34,2,13.0
10,baseline,Nurse_35,4,21.0
10,baseline,Nurse_36,4,19.5
10,baseline,Nurse_37,4,16.0
10,baseline,Nurse_38,4,22.0
10,baseline,Nurse_39,2,15.5
10,baseline,Nurse_40,1,6.0
10,baseline,Nurse_41,4,24.5
10,baseline,Nurse_42,3,20.5
10,baseline,Nurse_43,4,19.0
10,baseline,Nurse_44,3,13.5
10,baseline,Nurse_45,3,13.5
10,baseline,Nurse_46,5,19.0
10,baseline,Nurse_47,1,10.5
10,baseline,Nurse_48,2,7.5
10,baseline,Nurse_49,1,7.0
10,baseline,Nurse_50,3,17.0
10,baseline,Nurse_51,4,15.5
10,baseline,Nurse_52,3,19.5
10,baseline,Nurse_53,1,9.0
10,baseline,Nurse_54,2,11.5
10,baseline,Nurse_55,3,9.0
10,baseline,Nurse_56,2,9.0
10,baseline,Nurse_57,1,14.5
10,baseline,Nurse_58,1,8.0
10,baseline,Nurse_59,3,16.5
10,baseline,Nurse_60,0,3.0
10,baseline,Nurse_61,4,17.0
10,baseline,Nurse_62,0,9.0
10,baseline,Nurse_63,4,19.5
10,baseline,Nurse_64,2,11.0
10,baseline,Nurse_65,1,8.0
10,baseline,Nurse_66,2,14.0
10,baseline,Nurse_67,1,7.0
10,baseline,Nurse_68,2,14.0
10,baseline,Nurse_69,5,20.5
10,baseline,Nurse_70,2,7.5
10,strain,Nurse_01,1,10.0
10,strain,Nurse_02,3,16.5
10,strain,Nurse_03,1,13.5
10,strain,Nurse_04,2,10.0
10,strain,Nurse_05,2,17.5
10,strain,Nurse_06,4,13.5
10,strain,Nurse_07,1,7.5
10,strain,Nurse_08,1,10.0
10,strain,Nurse_09,0,2.0
10,strain,Nurse_10,1,15.0
10,strain,Nurse_11,0,7.5
10,strain,Nurse_12,3,18.0
10,strain,Nurse_13,1,12.5
10,strain,Nurse_14,1,9.0
10,strain,Nurse_15,1,15.5
10,strain,Nurse_16,0,10.0
10,strain,Nurse_17,2,16.0
10,strain,Nurse_18,3,18.5
10,strain,Nurse_19,3,16.5
10,strain,Nurse_20,1,13.5
10,strain,Nurse_21,3,16.5
10,strain,Nurse_22,0,4.5
10,strain,Nurse_23,0,1.5
10,strain,Nurse_24,0,7.5
10,strain,Nurse_25,1,10.5
10,strain,Nurse_26,3,14.0
10,strain,Nurse_27,3,19.5
10,strain,Nurse_28,1,14.0
10,strain,Nurse_29,0,4.0
10,strain,Nurse_30,2,6.0
10,strain,Nurse_31,2,14.0
10,strain,Nurse_32,2,14.5
10,strain,Nurse_33,1,10.5
10,strain,Nurse_34,1,15.5
10,strain,Nurse_35,1,14.5
10,strain,Nurse_36,2,16.5
10,strain,Nurse_37,1,9.0
10,strain,Nurse_38,2,17.5
10,strain,Nurse_39,1,14.0
10,strain,Nurse_40,1,6.0
10,strain,Nurse_41,2,20.5
10,strain,Nurse_42,2,17.5
10,strain,Nurse_43,3,18.0
10,strain,Nurse_44,2,12.0
10,strain,Nurse_45,2,9.0
10,strain,Nurse_46,2,13.0
10,strain,Nurse_47,1,12.0
10,strain,Nurse_48,1,7.5
10,strain,Nurse_49,1,10.0
10,strain,Nurse_50,1,13.0
10,strain,Nurse_51,2,12.5
10,strain,Nurse_52,1,14.0
10,strain,Nurse_53,1,11.5
10,strain,Nurse_54,1,10.0
10,strain,Nurse_55,2,7.5
10,strain,Nurse_56,2,6.0
10,strain,Nurse_57,0,12.5
10,strain,Nurse_58,0,6.5
10,strain,Nurse_59,1,9.5
10,strain,Nurse_60,0,4.5
10,strain,Nurse_61,2,15.0
10,strain,Nurse_62,0,10.5
10,strain,Nurse_63,3,19.0
10,strain,Nurse_64,2,11.0
10,strain,Nurse_65,1,9.5
10,strain,Nurse_66,1,12.5
10,strain,Nurse_67,1,11.0
10,strain,Nurse_68,2,14.0
10,strain,Nurse_69,2,11.5
10,strain,Nurse_70,1,6.0
11,baseline,Nurse_01,0,10.0
11,baseline,Nurse_02,5,22.5
11,baseline,Nurse_03,0,4.5
11,baseline,Nurse_04,2,9.0
11,baseline,Nurse_05,3,9.0
11,baseline,Nurse_06,0,6.0
11,baseline,Nurse_07,2,7.5
11,baseline,Nurse_08,3,13.5
11,baseline,Nurse_09,2,17.0
11,baseline,Nurse_10,0,3.0
11,baseline,Nurse_11,3,16.5
11,baseline,Nurse_12,1,4.5
11,baseline,Nurse_13,3,16.5
11,baseline,Nurse_14,2,17.5
11,baseline,Nurse_15,4,20.5
11,baseline,Nurse_16,0,4.5
11,baseline,Nurse_17,2,7.5
11,baseline,Nurse_18,4,21.0
11,baseline,Nurse_19,3,18.5
11,baseline,Nurse_20,4,17.0
11,baseline,Nurse_21,0,3.0
11,baseline,Nurse_22,3,9.0
11,baseline,Nurse_23,3,13.5
11,baseline,Nurse_24,4,18.5
11,baseline,Nurse_25,1,8.0
11,baseline,Nurse_26,1,14.5
11,baseline,Nurse_27,5,17.0
11,baseline,Nurse_28,2,14.5
11,baseline,Nurse_29,0,4.5
11,baseline,Nurse_30,6,25.5
11,baseline,Nurse_31,6,23.0
11,baseline,Nurse_32,5,27.0
11,baseline,Nurse_33,3,21.0
11,baseline,Nurse_34,0,6.5
11,baseline,Nurse_35,1,6.0
11,baseline,Nurse_36,5,24.0
11,baseline,Nurse_37,2,15.0
11,baseline,Nurse_38,1,8.5
11,baseline,Nurse_39,0,8.0
11,baseline,Nurse_40,1,8.0
11,baseline,Nurse_41,5,27.0
11,baseline,Nurse_42,4,21.0
11,baseline,Nurse_43,3,15.0
11,baseline,Nurse_44,4,14.5
11,baseline,Nurse_45,0,4.0
11,baseline,Nurse_46,4,21.0
11,baseline,Nurse_47,0,6.0
11,baseline,Nurse_48,2,12.0
11,baseline,Nurse_49,2,14.0
11,baseline,Nurse_50,2,15.0
11,baseline,Nurse_51,4,17.0
11,baseline,Nurse_52,2,14.0
11,baseline,Nurse_53,3,19.0
11,baseline,Nurse_54,4,21.0
11,baseline,Nurse_55,4,19.5
11,baseline,Nurse_56,3,20.5
11,baseline,Nurse_57,2,13.0
11,baseline,Nurse_58,2,14.5
11,baseline,Nurse_59,2,7.5
11,baseline,Nurse_60,3,18.5
11,baseline,Nurse_61,3,17.0
11,baseline,Nurse_62,2,12.0
11,baseline,Nurse_63,4,17.0
11,baseline,Nurse_64,4,16.5
11,baseline,Nurse_65,3,9.0
11,baseline,Nurse_66,3,15.0
11,baseline,Nurse_67,3,15.5
11,baseline,Nurse_68,0,6.5
11,baseline,Nurse_69,1,12.0
11,baseline,Nurse_70,4,23.0
11,strain,Nurse_01,0,8.0
11,strain,Nurse_02,3,16.0
11,strain,Nurse_03,0,6.0
11,strain,Nurse_04,2,9.0
11,strain,Nurse_05,2,7.5
11,strain,Nurse_06,0,6.0
11,strain,Nurse_07,1,6.0
11,strain,Nurse_08,3,13.5
11,strain,Nurse_09,1,14.5
11,strain,Nurse_10,0,5.5
11,strain,Nurse_11,3,18.0
11,strain,Nurse_12,1,4.5
11,strain,Nurse_13,2,9.0
11,strain,Nurse_14,0,14.0
11,strain,Nurse_15,2,14.5
11,strain,Nurse_16,0,4.5
11,strain,Nurse_17,2,9.0
11,strain,Nurse_18,3,18.0
11,strain,Nurse_19,3,18.5
11,strain,Nurse_20,3,14.5
11,strain,Nurse_21,0,7.5
11,strain,Nurse_22,3,9.0
11,strain,Nurse_23,3,16.0
11,strain,Nurse_24,3,14.5
11,strain,Nurse_25,1,8.0
11,strain,Nurse_26,1,12.0
11,strain,Nurse_27,1,9.5
11,strain,Nurse_28,2,14.5
11,strain,Nurse_29,0,4.5
11,strain,Nurse_30,1,17.0
11,strain,Nurse_31,5,20.0
11,strain,Nurse_32,1,16.0
11,strain,Nurse_33,1,16.5
11,strain,Nurse_34,0,8.0
11,strain,Nurse_35,1,10.5
11,strain,Nurse_36,3,20.0
11,strain,Nurse_37,1,11.5
11,strain,Nurse_38,1,10.5
11,strain,Nurse_39,0,9.0
11,strain,Nurse_40,0,6.5
11,strain,Nurse_41,1,18.5
11,strain,Nurse_42,3,19.5
11,strain,Nurse_43,3,15.0
11,strain,Nurse_44,3,11.5
11,strain,Nurse_45,0,6.5
11,strain,Nurse_46,3,20.5
11,strain,Nurse_47,0,11.0
11,strain,Nurse_48,0,7.5
11,strain,Nurse_49,2,14.0
11,strain,Nurse_50,1,11.0
11,strain,Nurse_51,4,17.0
11,strain,Nurse_52,2,14.0
11,strain,Nurse_53,1,10.5
11,strain,Nurse_54,3,21.0
11,strain,Nurse_55,2,12.5
11,strain,Nurse_56,2,14.5
11,strain,Nurse_57,2,13.0
11,strain,Nurse_58,1,12.5
11,strain,Nurse_59,2,9.0
11,strain,Nurse_60,3,16.5
11,strain,Nurse_61,2,16.0
11,strain,Nurse_62,2,13.0
11,strain,Nurse_63,0,13.0
11,strain,Nurse_64,4,17.5
11,strain,Nurse_65,1,9.0
11,strain,Nurse_66,3,15.0
11,strain,Nurse_67,2,11.5
11,strain,Nurse_68,0,6.5
11,strain,Nurse_69,0,11.5
11,strain,Nurse_70,0,18.5
12,baseline,Nurse_01,3,23.0
12,baseline,Nurse_02,2,16.0
12,baseline,Nurse_03,5,27.5
12,baseline,Nurse_04,4,24.5
12,baseline,Nurse_05,2,13.5
12,baseline,Nurse_06,5,20.0
12,baseline,Nurse_07,5,22.0
12,baseline,Nurse_08,3,17.0
12,baseline,Nurse_09,0,10.0
12,baseline,Nurse_10,0,5.0
12,baseline,Nurse_11,4,18.0
12,baseline,Nurse_12,3,15.5
12,baseline,Nurse_13,2,10.5
12,baseline,Nurse_14,4,22.5
12,baseline,Nurse_15,3,14.0
12,baseline,Nurse_16,2,14.0
12,baseline,Nurse_17,3,16.5
12,baseline,Nurse_18,0,1.5
12,baseline,Nurse_19,2,15.5
12,baseline,Nurse_20,2,9.0
12,baseline,Nurse_21,0,6.0
12,baseline,Nurse_22,0,10.0
12,baseline,Nurse_23,0,5.5
12,baseline,Nurse_24,3,13.5
12,baseline,Nurse_25,4,19.5
12,baseline,Nurse_26,1,10.0
12,baseline,Nurse_27,1,14.0
12,baseline,Nurse_28,0,6.0
12,baseline,Nurse_29,2,10.5
12,baseline,Nurse_30,3,9.0
12,baseline,Nurse_31,2,11.5
12,baseline,Nurse_32,2,20.5
12,baseline,Nurse_33,4,20.5
12,baseline,Nurse_34,3,16.5
12,baseline,Nurse_35,1,8.0
12,baseline,Nurse_36,0,6.5
12,baseline,Nurse_37,5,24.0
12,baseline,Nurse_38,1,8.5
12,baseline,Nurse_39,3,14.0
12,baseline,Nurse_40,2,14.5
12,baseline,Nurse_41,1,13.5
12,baseline,Nurse_42,4,19.0
12,baseline,Nurse_43,2,15.5
12,baseline,Nurse_44,5,19.0
12,baseline,Nurse_45,0,8.5
12,baseline,Nurse_46,3,17.5
12,baseline,Nurse_47,2,14.5
12,baseline,Nurse_48,0,1.5
12,baseline,Nurse_49,3,10.5
12,baseline,Nurse_50,5,19.0
12,baseline,Nurse_51,1,8.5
12,baseline,Nurse_52,3,12.0
12,baseline,Nurse_53,2,15.0
12,baseline,Nurse_54,1,15.0
12,baseline,Nurse_55,0,7.5
12,baseline,Nurse_56,3,9.0
12,baseline,Nurse_57,0,3.0
12,baseline,Nurse_58,2,18.5
12,baseline,Nurse_59,0,1.0
12,baseline,Nurse_60,6,23.0
12,baseline,Nurse_61,3,16.5
12,baseline,Nurse_62,5,22.5
12,baseline,Nurse_63,4,20.0
12,baseline,Nurse_64,2,6.0
12,baseline,Nurse_65,2,15.5
12,baseline,Nurse_66,5,16.5
12,baseline,Nurse_67,5,22.0
12,baseline,Nurse_68,1,7.5
12,baseline,Nurse_69,2,13.5
12,baseline,Nurse_70,4,18.0
12,strain,Nurse_01,1,17.0
12,strain,Nurse_02,2,14.5
12,strain,Nurse_03,3,19.5
12,strain,Nurse_04,3,21.0
12,strain,Nurse_05,1,11.0
12,strain,Nurse_06,5,20.0
12,strain,Nurse_07,4,19.0
12,strain,Nurse_08,3,17.5
12,strain,Nurse_09,0,11.0
12,strain,Nurse_10,0,5.0
12,strain,Nurse_11,3,16.5
12,strain,Nurse_12,1,10.5
12,strain,Nurse_13,2,10.5
12,strain,Nurse_14,2,14.0
12,strain,Nurse_15,3,11.0
12,strain,Nurse_16,1,9.5
12,strain,Nurse_17,1,12.5
12,strain,Nurse_18,0,4.5
12,strain,Nurse_19,1,12.0
12,strain,Nurse_20,2,9.0
12,strain,Nurse_21,0,6.5
12,strain,Nurse_22,0,12.5
12,strain,Nurse_23,0,9.0
12,strain,Nurse_24,2,12.0
12,strain,Nurse_25,2,12.0
12,strain,Nurse_26,1,10.0
12,strain,Nurse_27,1,12.5
12,strain,Nurse_28,0,6.0
12,strain,Nurse_29,1,7.5
12,strain,Nurse_30,3,9.0
12,strain,Nurse_31,2,10.5
12,strain,Nurse_32,2,20.0
12,strain,Nurse_33,3,16.5
12,strain,Nurse_34,2,15.0
12,strain,Nurse_35,1,8.0
12,strain,Nurse_36,0,9.0
12,strain,Nurse_37,3,21.5
12,strain,Nurse_38,1,12.0
12,strain,Nurse_39,2,11.0
12,strain,Nurse_40,0,13.5
12,strain,Nurse_41,1,9.5
12,strain,Nurse_42,3,16.5
12,strain,Nurse_43,1,14.0
12,strain,Nurse_44,4,20.0
12,strain,Nurse_45,0,13.5
12,strain,Nurse_46,0,13.0
12,strain,Nurse_47,1,12.5
12,strain,Nurse_48,0,1.5
12,strain,Nurse_49,2,7.5
12,strain,Nurse_50,3,18.0
12,strain,Nurse_51,1,11.0
12,strain,Nurse_52,2,10.5
12,strain,Nurse_53,1,13.5
12,strain,Nurse_54,0,12.5
12,strain,Nurse_55,0,10.0
12,strain,Nurse_56,2,10.5
12,strain,Nurse_57,0,8.5
12,strain,Nurse_58,2,13.5
12,strain,Nurse_59,0,5.5
12,strain,Nurse_60,3,17.0
12,strain,Nurse_61,3,17.5
12,strain,Nurse_62,3,15.5
12,strain,Nurse_63,2,17.5
12,strain,Nurse_64,2,9.0
12,strain,Nurse_65,1,12.5
12,strain,Nurse_66,3,12.0
12,strain,Nurse_67,3,20.0
12,strain,Nurse_68,1,4.5
12,strain,Nurse_69,1,9.5
12,strain,Nurse_70,2,14.5
13,baseline,Nurse_01,0,12.0
13,baseline,Nurse_02,0,9.5
13,baseline,Nurse_03,1,9.0
13,baseline,Nurse_04,5,20.5
13,baseline,Nurse_05,4,22.0
13,baseline,Nurse_06,3,16.5
13,baseline,Nurse_07,3,20.0
13,baseline,Nurse_08,5,27.5
13,baseline,Nurse_09,0,4.5
13,baseline,Nurse_10,1,6.5
13,baseline,Nurse_11,3,15.0
13,baseline,Nurse_12,1,15.5
13,baseline,Nurse_13,6,28.0
13,baseline,Nurse_14,4,20.0
13,baseline,Nurse_15,2,13.0
13,baseline,Nurse_16,5,24.5
13,baseline,Nurse_17,4,17.0
13,baseline,Nurse_18,5,23.0
13,baseline,Nurse_19,2,14.0
13,baseline,Nurse_20,6,19.0
13,baseline,Nurse_21,0,5.5
13,baseline,Nurse_22,2,14.5
13,baseline,Nurse_23,0,3.0
13,baseline,Nurse_24,3,12.0
13,baseline,Nurse_25,1,8.0
13,baseline,Nurse_26,0,5.0
13,baseline,Nurse_27,4,13.5
13,baseline,Nurse_28,3,18.5
13,baseline,Nurse_29,0,7.5
13,baseline,Nurse_30,5,22.5
13,baseline,Nurse_31,2,12.0
13,baseline,Nurse_32,3,14.0
13,baseline,Nurse_33,2,10.0
13,baseline,Nurse_34,5,25.0
13,baseline,Nurse_35,6,25.0
13,baseline,Nurse_36,2,14.0
13,baseline,Nurse_37,2,17.0
13,baseline,Nurse_38,5,22.5
13,baseline,Nurse_39,2,10.0
13,baseline,Nurse_40,1,10.0
13,baseline,Nurse_41,1,12.0
13,baseline,Nurse_42,5,20.0
13,baseline,Nurse_43,1,12.5
13,baseline,Nurse_44,2,10.5
13,baseline,Nurse_45,4,19.5
13,baseline,Nurse_46,5,21.5
13,baseline,Nurse_47,4,24.5
13,baseline,Nurse_48,3,15.0
13,baseline,Nurse_49,3,12.0
13,baseline,Nurse_50,1,15.0
13,baseline,Nurse_51,4,15.0
13,baseline,Nurse_52,1,12.0
13,baseline,Nurse_53,2,10.0
13,baseline,Nurse_54,3,14.0
13,baseline,Nurse_55,5,19.0
13,baseline,Nurse_56,2,6.0
13,baseline,Nurse_57,2,13.5
13,baseline,Nurse_58,4,16.5
13,baseline,Nurse_59,6,20.0
13,baseline,Nurse_60,3,15.0
13,baseline,Nurse_61,2,13.5
13,baseline,Nurse_62,4,17.0
13,baseline,Nurse_63,2,7.5
13,baseline,Nurse_64,0,0.0
13,baseline,Nurse_65,0,6.5
13,baseline,Nurse_66,0,6.5
13,baseline,Nurse_67,2,9.0
13,baseline,Nurse_68,3,16.5
13,baseline,Nurse_69,2,9.0
13,baseline,Nurse_70,5,24.5
13,strain,Nurse_01,0,13.0
13,strain,Nurse_02,0,9.5
13,strain,Nurse_03,0,8.5
13,strain,Nurse_04,3,15.0
13,strain,Nurse_05,3,20.5
13,strain,Nurse_06,3,14.0
13,strain,Nurse_07,2,15.0
13,strain,Nurse_08,4,23.5
13,strain,Nurse_09,0,7.5
13,strain,Nurse_10,0,7.5
13,strain,Nurse_11,1,8.0
13,strain,Nurse_12,1,13.0
13,strain,Nurse_13,4,23.5
13,strain,Nurse_14,4,20.0
13,strain,Nurse_15,1,10.0
13,strain,Nurse_16,3,23.0
13,strain,Nurse_17,3,15.5
13,strain,Nurse_18,2,13.5
13,strain,Nurse_19,2,14.0
13,strain,Nurse_20,2,17.0
13,strain,Nurse_21,0,7.0
13,strain,Nurse_22,1,12.0
13,strain,Nurse_23,0,6.0
13,strain,Nurse_24,2,10.5
13,strain,Nurse_25,1,14.5
13,strain,Nurse_26,0,8.0
13,strain,Nurse_27,2,9.0
13,strain,Nurse_28,3,17.0
13,strain,Nurse_29,0,7.0
13,strain,Nurse_30,4,21.0
13,strain,Nurse_31,2,12.0
13,strain,Nurse_32,2,12.5
13,strain,Nurse_33,2,13.0
13,strain,Nurse_34,2,16.5
13,strain,Nurse_35,2,15.0
13,strain,Nurse_36,1,8.0
13,strain,Nurse_37,2,17.0
13,strain,Nurse_38,5,21.0
13,strain,Nurse_39,2,10.0
13,strain,Nurse_40,1,8.5
13,strain,Nurse_41,0,11.0
13,strain,Nurse_42,3,17.0
13,strain,Nurse_43,1,12.5
13,strain,Nurse_44,2,11.5
13,strain,Nurse_45,3,14.0
13,strain,Nurse_46,2,18.5
13,strain,Nurse_47,3,20.5
13,strain,Nurse_48,2,12.0
13,strain,Nurse_49,1,6.0
13,strain,Nurse_50,1,13.5
13,strain,Nurse_51,4,13.5
13,strain,Nurse_52,1,13.0
13,strain,Nurse_53,1,8.5
13,strain,Nurse_54,3,16.5
13,strain,Nurse_55,3,14.5
13,strain,Nurse_56,2,9.0
13,strain,Nurse_57,1,12.0
13,strain,Nurse_58,2,12.5
13,strain,Nurse_59,3,18.0
13,strain,Nurse_60,0,8.5
13,strain,Nurse_61,1,10.5
13,strain,Nurse_62,4,14.0
13,strain,Nurse_63,1,7.5
13,strain,Nurse_64,0,3.0
13,strain,Nurse_65,0,9.0
13,strain,Nurse_66,0,5.0
13,strain,Nurse_67,2,7.5
13,strain,Nurse_68,2,13.5
13,strain,Nurse_69,2,10.5
13,strain,Nurse_70,3,20.0
14,baseline,Nurse_01,0,2.0
14,baseline,Nurse_02,3,9.0
14,baseline,Nurse_03,1,8.5
14,baseline,Nurse_04,0,5.0
14,baseline,Nurse_05,3,21.5
14,baseline,Nurse_06,2,18.5
14,baseline,Nurse_07,1,10.5
14,baseline,Nurse_08,3,18.0
14,baseline,Nurse_09,4,20.5
14,baseline,Nurse_10,3,16.0
14,baseline,Nurse_11,4,21.0
14,baseline,Nurse_12,3,14.0
14,baseline,Nurse_13,2,16.5
14,baseline,Nurse_14,1,3.0
14,baseline,Nurse_15,3,11.0
14,baseline,Nurse_16,3,10.5
14,baseline,Nurse_17,6,24.5
14,baseline,Nurse_18,0,6.0
14,baseline,Nurse_19,0,6.5
14,baseline,Nurse_20,4,21.5
14,baseline,Nurse_21,5,20.5
14,baseline,Nurse_22,0,9.5
14,baseline,Nurse_23,0,0.0
14,baseline,Nurse_24,3,13.5
14,baseline,Nurse_25,2,7.5
14,baseline,Nurse_26,3,12.0
14,baseline,Nurse_27,3,13.5
14,baseline,Nurse_28,0,3.0
14,baseline,Nurse_29,4,17.0
14,baseline,Nurse_30,2,7.5
14,baseline,Nurse_31,0,4.5
14,baseline,Nurse_32,1,11.5
14,baseline,Nurse_33,0,6.5
14,baseline,Nurse_34,1,10.0
14,baseline,Nurse_35,0,6.0
14,baseline,Nurse_36,3,14.0
14,baseline,Nurse_37,4,18.5
14,baseline,Nurse_38,6,25.0
14,baseline,Nurse_39,3,14.0
14,baseline,Nurse_40,4,18.5
14,baseline,Nurse_41,5,26.0
14,baseline,Nurse_42,4,18.5
14,baseline,Nurse_43,1,13.0
14,baseline,Nurse_44,4,22.5
14,baseline,Nurse_45,2,16.0
14,baseline,Nurse_46,6,24.0
14,baseline,Nurse_47,3,10.5
14,baseline,Nurse_48,1,9.0
14,baseline,Nurse_49,3,18.5
14,baseline,Nurse_50,1,10.0
14,baseline,Nurse_51,2,9.5
14,baseline,Nurse_52,5,19.0
14,baseline,Nurse_53,2,11.0
14,baseline,Nurse_54,3,15.5
14,baseline,Nurse_55,4,24.5
14,baseline,Nurse_56,1,17.0
14,baseline,Nurse_57,0,5.0
14,baseline,Nurse_58,3,12.0
14,baseline,Nurse_59,0,7.0
14,baseline,Nurse_60,5,19.0
14,baseline,Nurse_61,2,14.0
14,baseline,Nurse_62,4,22.0
14,baseline,Nurse_63,2,11.0
14,baseline,Nurse_64,1,13.5
14,baseline,Nurse_65,5,21.0
14,baseline,Nurse_66,2,12.0
14,baseline,Nurse_67,5,20.0
14,baseline,Nurse_68,4,24.0
14,baseline,Nurse_69,3,16.0
14,baseline,Nurse_70,3,12.0
14,strain,Nurse_01,0,4.5
14,strain,Nurse_02,3,9.0
14,strain,Nurse_03,1,8.5
14,strain,Nurse_04,0,7.5
14,strain,Nurse_05,2,15.5
14,strain,Nurse_06,1,12.0
14,strain,Nurse_07,1,9.0
14,strain,Nurse_08,1,14.0
14,strain,Nurse_09,1,16.5
14,strain,Nurse_10,2,14.5
14,strain,Nurse_11,3,19.0
14,strain,Nurse_12,1,8.0
14,strain,Nurse_13,2,16.5
14,strain,Nurse_14,1,6.0
14,strain,Nurse_15,1,8.0
14,strain,Nurse_16,3,9.0
14,strain,Nurse_17,4,18.0
14,strain,Nurse_18,0,7.0
14,strain,Nurse_19,0,7.5
14,strain,Nurse_20,3,18.5
14,strain,Nurse_21,2,14.5
14,strain,Nurse_22,0,12.5
14,strain,Nurse_23,0,3.0
14,strain,Nurse_24,1,10.0
14,strain,Nurse_25,2,9.0
14,strain,Nurse_26,2,10.5
14,strain,Nurse_27,2,12.0
14,strain,Nurse_28,0,3.0
14,strain,Nurse_29,2,11.5
14,strain,Nurse_30,2,7.5
14,strain,Nurse_31,1,12.0
14,strain,Nurse_32,0,7.5
14,strain,Nurse_33,0,6.0
14,strain,Nurse_34,0,6.5
14,strain,Nurse_35,0,12.0
14,strain,Nurse_36,2,12.5
14,strain,Nurse_37,2,15.5
14,strain,Nurse_38,4,18.5
14,strain,Nurse_39,2,13.5
14,strain,Nurse_40,3,16.5
14,strain,Nurse_41,3,19.5
14,strain,Nurse_42,2,12.0
14,strain,Nurse_43,0,8.5
14,strain,Nurse_44,3,17.0
14,strain,Nurse_45,2,14.5
14,strain,Nurse_46,4,21.5
14,strain,Nurse_47,2,9.0
14,strain,Nurse_48,1,10.5
14,strain,Nurse_49,1,15.0
14,strain,Nurse_50,0,8.5
14,strain,Nurse_51,2,12.0
14,strain,Nurse_52,2,15.0
14,strain,Nurse_53,1,12.5
14,strain,Nurse_54,2,15.0
14,strain,Nurse_55,4,19.0
14,strain,Nurse_56,0,12.5
14,strain,Nurse_57,0,5.0
14,strain,Nurse_58,3,12.0
14,strain,Nurse_59,0,6.5
14,strain,Nurse_60,4,17.5
14,strain,Nurse_61,2,14.0
14,strain,Nurse_62,3,19.0
14,strain,Nurse_63,2,11.0
14,strain,Nurse_64,0,11.5
14,strain,Nurse_65,4,20.5
14,strain,Nurse_66,1,12.5
14,strain,Nurse_67,4,17.5
14,strain,Nurse_68,2,17.0
14,strain,Nurse_69,1,12.0
14,strain,Nurse_70,2,10.5
15,baseline,Nurse_01,3,14.0
15,baseline,Nurse_02,3,12.0
15,baseline,Nurse_03,1,11.0
15,baseline,Nurse_04,4,17.0
15,baseline,Nurse_05,5,27.0
15,baseline,Nurse_06,6,27.5
15,baseline,Nurse_07,3,16.5
15,baseline,Nurse_08,3,13.0
15,baseline,Nurse_09,1,11.5
15,baseline,Nurse_10,0,8.0
15,baseline,Nurse_11,2,13.5
15,baseline,Nurse_12,3,15.5
15,baseline,Nurse_13,3,12.0
15,baseline,Nurse_14,4,22.0
15,baseline,Nurse_15,2,17.0
15,baseline,Nurse_16,3,16.5
15,baseline,Nurse_17,3,16.0
15,baseline,Nurse_18,5,27.0
15,baseline,Nurse_19,2,11.0
15,baseline,Nurse_20,0,3.0
15,baseline,Nurse_21,5,20.5
15,baseline,Nurse_22,2,15.5
15,baseline,Nurse_23,2,9.0
15,baseline,Nurse_24,1,8.0
15,baseline,Nurse_25,1,15.5
15,baseline,Nurse_26,0,6.5
15,baseline,Nurse_27,2,12.0
15,baseline,Nurse_28,4,15.0
15,baseline,Nurse_29,4,18.0
15,baseline,Nurse_30,4,26.0
15,baseline,Nurse_31,5,22.5
15,baseline,Nurse_32,2,16.0
15,baseline,Nurse_33,0,8.0
15,baseline,Nurse_34,3,12.5
15,baseline,Nurse_35,4,20.5
15,baseline,Nurse_36,6,24.0
15,baseline,Nurse_37,1,7.5
15,baseline,Nurse_38,2,15.5
15,baseline,Nurse_39,2,13.0
15,baseline,Nurse_40,2,12.0
15,baseline,Nurse_41,1,3.0
15,baseline,Nurse_42,3,12.5
15,baseline,Nurse_43,1,9.5
15,baseline,Nurse_44,4,23.0
15,baseline,Nurse_45,0,5.0
15,baseline,Nurse_46,4,13.5
15,baseline,Nurse_47,4,14.0
15,baseline,Nurse_48,3,16.5
15,baseline,Nurse_49,2,12.5
15,baseline,Nurse_50,0,8.5
15,baseline,Nurse_51,1,9.0
15,baseline,Nurse_52,2,12.5
15,baseline,Nurse_53,3,12.0
15,baseline,Nurse_54,6,25.5
15,baseline,Nurse_55,1,8.5
15,baseline,Nurse_56,2,12.5
15,baseline,Nurse_57,1,10.5
15,baseline,Nurse_58,4,20.0
15,baseline,Nurse_59,6,18.0
15,baseline,Nurse_60,0,4.0
15,baseline,Nurse_61,0,6.0
15,baseline,Nurse_62,1,15.0
15,baseline,Nurse_63,1,11.0
15,baseline,Nurse_64,3,14.0
15,baseline,Nurse_65,4,12.0
15,baseline,Nurse_66,5,21.5
15,baseline,Nurse_67,3,19.0
15,baseline,Nurse_68,2,14.5
15,baseline,Nurse_69,4,16.5
15,baseline,Nurse_70,3,15.0
15,strain,Nurse_01,3,14.0
15,strain,Nurse_02,3,12.0
15,strain,Nurse_03,1,12.5
15,strain,Nurse_04,1,13.5
15,strain,Nurse_05,3,21.5
15,strain,Nurse_06,4,21.0
15,strain,Nurse_07,1,15.5
15,strain,Nurse_08,3,14.5
15,strain,Nurse_09,1,10.0
15,strain,Nurse_10,0,9.0
15,strain,Nurse_11,1,10.5
15,strain,Nurse_12,3,15.5
15,strain,Nurse_13,2,7.5
15,strain,Nurse_14,2,16.5
15,strain,Nurse_15,0,11.0
15,strain,Nurse_16,2,17.5
15,strain,Nurse_17,2,12.0
15,strain,Nurse_18,4,23.0
15,strain,Nurse_19,2,12.5
15,strain,Nurse_20,0,7.5
15,strain,Nurse_21,3,16.0
15,strain,Nurse_22,2,17.0
15,strain,Nurse_23,1,6.0
15,strain,Nurse_24,1,9.5
15,strain,Nurse_25,0,12.5
15,strain,Nurse_26,0,6.5
15,strain,Nurse_27,2,10.5
15,strain,Nurse_28,4,15.0
15,strain,Nurse_29,4,19.5
15,strain,Nurse_30,3,23.0
15,strain,Nurse_31,5,21.5
15,strain,Nurse_32,1,11.5
15,strain,Nurse_33,0,7.0
15,strain,Nurse_34,2,12.5
15,strain,Nurse_35,2,15.0
15,strain,Nurse_36,1,15.0
15,strain,Nurse_37,1,6.0
15,strain,Nurse_38,1,14.0
15,strain,Nurse_39,2,13.0
15,strain,Nurse_40,1,11.0
15,strain,Nurse_41,1,4.5
15,strain,Nurse_42,3,14.0
15,strain,Nurse_43,1,8.0
15,strain,Nurse_44,1,14.5
15,strain,Nurse_45,0,9.0
15,strain,Nurse_46,3,10.5
15,strain,Nurse_47,3,14.0
15,strain,Nurse_48,1,12.0
15,strain,Nurse_49,1,12.5
15,strain,Nurse_50,0,12.0
15,strain,Nurse_51,1,10.0
15,strain,Nurse_52,1,8.0
15,strain,Nurse_53,3,12.0
15,strain,Nurse_54,3,20.5
15,strain,Nurse_55,1,10.0
15,strain,Nurse_56,1,9.5
15,strain,Nurse_57,1,10.5
15,strain,Nurse_58,3,17.0
15,strain,Nurse_59,5,18.0
15,strain,Nurse_60,0,8.5
15,strain,Nurse_61,0,6.0
15,strain,Nurse_62,0,11.0
15,strain,Nurse_63,0,10.5
15,strain,Nurse_64,3,12.5
15,strain,Nurse_65,2,10.5
15,strain,Nurse_66,2,16.5
15,strain,Nurse_67,2,14.5
15,strain,Nurse_68,1,11.5
15,strain,Nurse_69,3,15.0
15,strain,Nurse_70,1,7.5
16,baseline,Nurse_01,3,19.5
16,baseline,Nurse_02,3,15.5
16,baseline,Nurse_03,4,23.5
16,baseline,Nurse_04,3,9.0
16,baseline,Nurse_05,1,8.5
16,baseline,Nurse_06,2,14.0
16,baseline,Nurse_07,3,17.5
16,baseline,Nurse_08,1,15.0
16,baseline,Nurse_09,3,14.0
16,baseline,Nurse_10,3,20.5
16,baseline,Nurse_11,6,21.0
16,baseline,Nurse_12,0,1.5
16,baseline,Nurse_13,3,14.5
16,baseline,Nurse_14,0,4.5
16,baseline,Nurse_15,0,5.0
16,baseline,Nurse_16,3,15.5
16,baseline,Nurse_17,1,4.5
16,baseline,Nurse_18,2,8.5
16,baseline,Nurse_19,3,17.5
16,baseline,Nurse_20,5,25.0
16,baseline,Nurse_21,2,10.5
16,baseline,Nurse_22,4,22.0
16,baseline,Nurse_23,1,4.5
16,baseline,Nurse_24,5,24.5
16,baseline,Nurse_25,4,16.5
16,baseline,Nurse_26,6,23.5
16,baseline,Nurse_27,0,4.0
16,baseline,Nurse_28,6,22.0
16,baseline,Nurse_29,3,9.0
16,baseline,Nurse_30,1,6.0
16,baseline,Nurse_31,3,18.5
16,baseline,Nurse_32,3,18.5
16,baseline,Nurse_33,0,5.0
16,baseline,Nurse_34,2,17.0
16,baseline,Nurse_35,5,22.0
16,baseline,Nurse_36,0,10.0
16,baseline,Nurse_37,4,13.5
16,baseline,Nurse_38,2,16.0
16,baseline,Nurse_39,0,1.5
16,baseline,Nurse_40,1,10.0
16,baseline,Nurse_41,4,15.5
16,baseline,Nurse_42,3,20.0
16,baseline,Nurse_43,1,8.5
16,baseline,Nurse_44,3,17.0
16,baseline,Nurse_45,0,6.0
16,baseline,Nurse_46,4,16.5
16,baseline,Nurse_47,1,12.5
16,baseline,Nurse_48,4,18.0
16,baseline,Nurse_49,2,8.0
16,baseline,Nurse_50,1,9.5
16,baseline,Nurse_51,2,19.0
16,baseline,Nurse_52,0,8.0
16,baseline,Nurse_53,1,13.0
16,baseline,Nurse_54,4,18.0
16,baseline,Nurse_55,3,9.0
16,baseline,Nurse_56,5,24.5
16,baseline,Nurse_57,4,20.0
16,baseline,Nurse_58,2,12.0
16,baseline,Nurse_59,5,20.0
16,baseline,Nurse_60,3,22.5
16,baseline,Nurse_61,3,18.0
16,baseline,Nurse_62,6,24.0
16,baseline,Nurse_63,1,14.5
16,baseline,Nurse_64,4,16.0
16,baseline,Nurse_65,3,12.0
16,baseline,Nurse_66,1,12.0
16,baseline,Nurse_67,1,8.5
16,baseline,Nurse_68,3,13.0
16,baseline,Nurse_69,3,17.0
16,baseline,Nurse_70,4,23.0
16,strain,Nurse_01,2,15.0
16,strain,Nurse_02,2,13.5
16,strain,Nurse_03,1,14.5
16,strain,Nurse_04,2,9.0
16,strain,Nurse_05,0,7.0
16,strain,Nurse_06,1,9.5
16,strain,Nurse_07,3,18.5
16,strain,Nurse_08,1,17.5
16,strain,Nurse_09,1,11.0
16,strain,Nurse_10,2,21.5
16,strain,Nurse_11,3,17.5
16,strain,Nurse_12,0,3.0
16,strain,Nurse_13,3,14.5
16,strain,Nurse_14,0,5.5
16,strain,Nurse_15,0,7.5
16,strain,Nurse_16,2,15.0
16,strain,Nurse_17,1,4.5
16,strain,Nurse_18,2,10.0
16,strain,Nurse_19,3,15.0
16,strain,Nurse_20,3,20.0
16,strain,Nurse_21,2,13.0
16,strain,Nurse_22,2,16.0
16,strain,Nurse_23,1,7.5
16,strain,Nurse_24,4,21.0
16,strain,Nurse_25,3,14.5
16,strain,Nurse_26,4,20.5
16,strain,Nurse_27,0,4.0
16,strain,Nurse_28,3,17.5
16,strain,Nurse_29,2,7.5
16,strain,Nurse_30,1,7.5
16,strain,Nurse_31,2,14.5
16,strain,Nurse_32,2,13.0
16,strain,Nurse_33,0,6.5
16,strain,Nurse_34,1,12.5
16,strain,Nurse_35,3,16.5
16,strain,Nurse_36,0,7.0
16,strain,Nurse_37,3,10.5
16,strain,Nurse_38,0,11.5
16,strain,Nurse_39,0,6.0
16,strain,Nurse_40,0,13.5
16,strain,Nurse_41,2,12.0
16,strain,Nurse_42,2,15.5
16,strain,Nurse_43,1,9.0
16,strain,Nurse_44,3,18.5
16,strain,Nurse_45,0,6.0
16,strain,Nurse_46,2,12.0
16,strain,Nurse_47,1,12.5
16,strain,Nurse_48,3,16.5
16,strain,Nurse_49,1,9.0
16,strain,Nurse_50,1,11.0
16,strain,Nurse_51,0,14.0
16,strain,Nurse_52,0,9.5
16,strain,Nurse_53,0,13.0
16,strain,Nurse_54,3,17.5
16,strain,Nurse_55,0,4.5
16,strain,Nurse_56,2,13.5
16,strain,Nurse_57,2,15.5
16,strain,Nurse_58,1,7.5
16,strain,Nurse_59,3,13.5
16,strain,Nurse_60,3,17.5
16,strain,Nurse_61,2,13.5
16,strain,Nurse_62,3,17.0
16,strain,Nurse_63,0,12.0
16,strain,Nurse_64,3,16.0
16,strain,Nurse_65,2,13.5
16,strain,Nurse_66,1,10.5
16,strain,Nurse_67,1,8.5
16,strain,Nurse_68,2,11.5
16,strain,Nurse_69,2,16.5
16,strain,Nurse_70,4,21.5
17,baseline,Nurse_01,3,16.5
17,baseline,Nurse_02,0,8.5
17,baseline,Nurse_03,0,3.0
17,baseline,Nurse_04,3,20.5
17,baseline,Nurse_05,4,14.0
17,baseline,Nurse_06,5,21.0
17,baseline,Nurse_07,0,7.0
17,baseline,Nurse_08,1,12.0
17,baseline,Nurse_09,1,14.5
17,baseline,Nurse_10,6,24.5
17,baseline,Nurse_11,4,17.5
17,baseline,Nurse_12,0,7.5
17,baseline,Nurse_13,3,10.5
17,baseline,Nurse_14,0,4.0
17,baseline,Nurse_15,4,21.5
17,baseline,Nurse_16,2,11.5
17,baseline,Nurse_17,3,9.0
17,baseline,Nurse_18,0,5.5
17,baseline,Nurse_19,5,21.5
17,baseline,Nurse_20,6,23.0
17,baseline,Nurse_21,4,23.0
17,baseline,Nurse_22,4,17.0
17,baseline,Nurse_23,0,8.0
17,baseline,Nurse_24,2,15.5
17,baseline,Nurse_25,3,20.5
17,baseline,Nurse_26,2,16.0
17,baseline,Nurse_27,0,7.5
17,baseline,Nurse_28,2,7.5
17,baseline,Nurse_29,2,9.0
17,baseline,Nurse_30,0,4.0
17,baseline,Nurse_31,1,7.0
17,baseline,Nurse_32,0,1.5
17,baseline,Nurse_33,3,9.0
17,baseline,Nurse_34,2,11.0
17,baseline,Nurse_35,2,7.5
17,baseline,Nurse_36,1,16.5
17,baseline,Nurse_37,3,18.5
17,baseline,Nurse_38,4,17.0
17,baseline,Nurse_39,3,17.0
17,baseline,Nurse_40,3,18.0
17,baseline,Nurse_41,1,8.0
17,baseline,Nurse_42,5,21.5
17,baseline,Nurse_43,1,11.0
17,baseline,Nurse_44,0,5.5
17,baseline,Nurse_45,1,8.0
17,baseline,Nurse_46,5,20.0
17,baseline,Nurse_47,2,13.5
17,baseline,Nurse_48,2,14.0
17,baseline,Nurse_49,2,15.0
17,baseline,Nurse_50,5,19.5
17,baseline,Nurse_51,5,21.5
17,baseline,Nurse_52,2,11.5
17,baseline,Nurse_53,2,15.0
17,baseline,Nurse_54,3,13.0
17,baseline,Nurse_55,3,15.0
17,baseline,Nurse_56,4,13.5
17,baseline,Nurse_57,3,19.0
17,baseline,Nurse_58,3,9.0
17,baseline,Nurse_59,3,15.0
17,baseline,Nurse_60,3,14.5
17,baseline,Nurse_61,5,20.0
17,baseline,Nurse_62,4,21.5
17,baseline,Nurse_63,3,17.5
17,baseline,Nurse_64,3,18.0
17,baseline,Nurse_65,2,17.5
17,baseline,Nurse_66,1,8.0
17,baseline,Nurse_67,3,21.5
17,baseline,Nurse_68,0,8.0
17,baseline,Nurse_69,2,13.0
17,baseline,Nurse_70,5,15.0
17,strain,Nurse_01,3,16.5
17,strain,Nurse_02,0,6.0
17,strain,Nurse_03,1,4.5
17,strain,Nurse_04,2,19.5
17,strain,Nurse_05,1,10.0
17,strain,Nurse_06,3,18.0
17,strain,Nurse_07,0,9.5
17,strain,Nurse_08,1,15.5
17,strain,Nurse_09,1,12.5
17,strain,Nurse_10,3,17.0
17,strain,Nurse_11,2,14.0
17,strain,Nurse_12,0,9.0
17,strain,Nurse_13,2,9.0
17,strain,Nurse_14,0,5.0
17,strain,Nurse_15,3,15.5
17,strain,Nurse_16,1,9.5
17,strain,Nurse_17,2,9.0
17,strain,Nurse_18,0,8.0
17,strain,Nurse_19,2,15.0
17,strain,Nurse_20,4,17.5
17,strain,Nurse_21,0,13.5
17,strain,Nurse_22,4,17.0
17,strain,Nurse_23,0,5.0
17,strain,Nurse_24,1,11.0
17,strain,Nurse_25,2,20.0
17,strain,Nurse_26,2,15.5
17,strain,Nurse_27,0,8.5
17,strain,Nurse_28,2,7.5
17,strain,Nurse_29,2,13.0
17,strain,Nurse_30,0,4.0
17,strain,Nurse_31,0,7.0
17,strain,Nurse_32,0,1.5
17,strain,Nurse_33,3,13.5
17,strain,Nurse_34,2,14.0
17,strain,Nurse_35,2,7.5
17,strain,Nurse_36,0,11.0
17,strain,Nurse_37,2,17.0
17,strain,Nurse_38,1,11.0
17,strain,Nurse_39,2,17.5
17,strain,Nurse_40,2,16.0
17,strain,Nurse_41,1,11.0
17,strain,Nurse_42,2,14.5
17,strain,Nurse_43,0,8.5
17,strain,Nurse_44,0,7.0
17,strain,Nurse_45,1,12.0
17,strain,Nurse_46,3,15.5
17,strain,Nurse_47,1,12.0
17,strain,Nurse_48,1,11.5
17,strain,Nurse_49,1,12.0
17,strain,Nurse_50,2,13.5
17,strain,Nurse_51,2,16.5
17,strain,Nurse_52,1,9.5
17,strain,Nurse_53,2,15.0
17,strain,Nurse_54,3,13.0
17,strain,Nurse_55,3,15.0
17,strain,Nurse_56,4,15.0
17,strain,Nurse_57,3,15.0
17,strain,Nurse_58,3,10.5
17,strain,Nurse_59,1,11.0
17,strain,Nurse_60,2,13.0
17,strain,Nurse_61,2,14.5
17,strain,Nurse_62,4,15.0
17,strain,Nurse_63,2,10.5
17,strain,Nurse_64,1,9.5
17,strain,Nurse_65,1,13.5
17,strain,Nurse_66,0,9.0
17,strain,Nurse_67,2,14.5
17,strain,Nurse_68,0,11.0
17,strain,Nurse_69,1,8.5
17,strain,Nurse_70,3,13.5
18,baseline,Nurse_01,4,15.0
18,baseline,Nurse_02,2,14.5
18,baseline,Nurse_03,1,9.5
18,baseline,Nurse_04,4,18.0
18,baseline,Nurse_05,0,7.5
18,baseline,Nurse_06,3,9.0
18,baseline,Nurse_07,3,16.5
18,baseline,Nurse_08,5,24.0
18,baseline,Nurse_09,5,23.0
18,baseline,Nurse_10,3,13.5
18,baseline,Nurse_11,2,11.0
18,baseline,Nurse_12,1,13.5
18,baseline,Nurse_13,0,5.5
18,baseline,Nurse_14,2,11.0
18,baseline,Nurse_15,0,9.5
18,baseline,Nurse_16,5,22.5
18,baseline,Nurse_17,0,11.0
18,baseline,Nurse_18,3,13.0
18,baseline,Nurse_19,4,25.5
18,baseline,Nurse_20,3,13.5
18,baseline,Nurse_21,6,23.0
18,baseline,Nurse_22,2,6.0
18,baseline,Nurse_23,2,17.0
18,baseline,Nurse_24,4,12.0
18,baseline,Nurse_25,0,7.5
18,baseline,Nurse_26,6,22.0
18,baseline,Nurse_27,4,19.5
18,baseline,Nurse_28,5,23.0
18,baseline,Nurse_29,2,12.5
18,baseline,Nurse_30,3,18.0
18,baseline,Nurse_31,4,13.0
18,baseline,Nurse_32,2,17.0
18,baseline,Nurse_33,2,12.5
18,baseline,Nurse_34,1,8.0
18,baseline,Nurse_35,4,17.0
18,baseline,Nurse_36,2,10.0
18,baseline,Nurse_37,0,9.5
18,baseline,Nurse_38,0,6.0
18,baseline,Nurse_39,6,25.5
18,baseline,Nurse_40,4,24.0
18,baseline,Nurse_41,4,22.5
18,baseline,Nurse_42,4,20.0
18,baseline,Nurse_43,5,25.5
18,baseline,Nurse_44,6,18.0
18,baseline,Nurse_45,1,8.0
18,baseline,Nurse_46,3,16.0
18,baseline,Nurse_47,2,8.0
18,baseline,Nurse_48,2,14.5
18,baseline,Nurse_49,5,20.0
18,baseline,Nurse_50,5,24.0
18,baseline,Nurse_51,4,18.5
18,baseline,Nurse_52,1,11.0
18,baseline,Nurse_53,4,18.0
18,baseline,Nurse_54,3,16.5
18,baseline,Nurse_55,0,6.5
18,baseline,Nurse_56,6,29.0
18,baseline,Nurse_57,0,0.0
18,baseline,Nurse_58,0,8.0
18,baseline,Nurse_59,3,19.5
18,baseline,Nurse_60,4,12.0
18,baseline,Nurse_61,2,11.0
18,baseline,Nurse_62,1,3.0
18,baseline,Nurse_63,1,8.0
18,baseline,Nurse_64,6,25.0
18,baseline,Nurse_65,2,6.0
18,baseline,Nurse_66,0,8.5
18,baseline,Nurse_67,1,9.5
18,baseline,Nurse_68,3,19.0
18,baseline,Nurse_69,4,18.5
18,baseline,Nurse_70,1,12.0
18,strain,Nurse_01,1,7.5
18,strain,Nurse_02,2,14.5
18,strain,Nurse_03,0,10.0
18,strain,Nurse_04,2,16.5
18,strain,Nurse_05,0,9.0
18,strain,Nurse_06,2,7.5
18,strain,Nurse_07,3,19.0
18,strain,Nurse_08,3,15.5
18,strain,Nurse_09,3,19.5
18,strain,Nurse_10,3,12.0
18,strain,Nurse_11,1,8.0
18,strain,Nurse_12,0,9.0
18,strain,Nurse_13,0,6.5
18,strain,Nurse_14,2,16.5
18,strain,Nurse_15,0,10.5
18,strain,Nurse_16,4,19.5
18,strain,Nurse_17,0,11.0
18,strain,Nurse_18,3,14.5
18,strain,Nurse_19,2,17.5
18,strain,Nurse_20,2,13.5
18,strain,Nurse_21,4,17.5
18,strain,Nurse_22,2,9.0
18,strain,Nurse_23,1,12.5
18,strain,Nurse_24,2,9.0
18,strain,Nurse_25,0,10.0
18,strain,Nurse_26,3,17.0
18,strain,Nurse_27,3,16.5
18,strain,Nurse_28,3,20.5
18,strain,Nurse_29,2,12.5
18,strain,Nurse_30,1,16.0
18,strain,Nurse_31,3,12.0
18,strain,Nurse_32,1,11.5
18,strain,Nurse_33,2,12.5
18,strain,Nurse_34,1,10.0
18,strain,Nurse_35,4,17.0
18,strain,Nurse_36,1,9.5
18,strain,Nurse_37,0,9.5
18,strain,Nurse_38,0,7.5
18,strain,Nurse_39,3,20.5
18,strain,Nurse_40,3,20.5
18,strain,Nurse_41,2,13.0
18,strain,Nurse_42,2,17.5
18,strain,Nurse_43,1,20.0
18,strain,Nurse_44,3,13.5
18,strain,Nurse_45,0,5.0
18,strain,Nurse_46,2,15.5
18,strain,Nurse_47,1,8.0
18,strain,Nurse_48,2,12.0
18,strain,Nurse_49,2,17.0
18,strain,Nurse_50,4,21.5
18,strain,Nurse_51,3,18.0
18,strain,Nurse_52,1,9.5
18,strain,Nurse_53,1,16.0
18,strain,Nurse_54,3,18.0
18,strain,Nurse_55,0,5.0
18,strain,Nurse_56,4,22.5
18,strain,Nurse_57,0,0.0
18,strain,Nurse_58,0,6.5
18,strain,Nurse_59,1,8.5
18,strain,Nurse_60,4,15.0
18,strain,Nurse_61,2,8.0
18,strain,Nurse_62,0,3.0
18,strain,Nurse_63,1,8.0
18,strain,Nurse_64,5,22.0
18,strain,Nurse_65,2,7.5
18,strain,Nurse_66,0,11.5
18,strain,Nurse_67,1,11.0
18,strain,Nurse_68,1,15.0
18,strain,Nurse_69,3,13.5
18,strain,Nurse_70,1,11.0
19,baseline,Nurse_01,3,12.0
19,baseline,Nurse_02,1,14.0
19,baseline,Nurse_03,5,23.5
19,baseline,Nurse_04,4,23.0
19,baseline,Nurse_05,2,13.5
19,baseline,Nurse_06,2,14.5
19,baseline,Nurse_07,2,15.5
19,baseline,Nurse_08,5,19.0
19,baseline,Nurse_09,1,9.5
19,baseline,Nurse_10,0,9.5
19,baseline,Nurse_11,0,13.0
19,baseline,Nurse_12,5,20.5
19,baseline,Nurse_13,3,10.5
19,baseline,Nurse_14,2,7.5
19,baseline,Nurse_15,3,16.0
19,baseline,Nurse_16,0,5.5
19,baseline,Nurse_17,1,9.5
19,baseline,Nurse_18,1,10.5
19,baseline,Nurse_19,1,12.0
19,baseline,Nurse_20,0,5.0
19,baseline,Nurse_21,1,11.5
19,baseline,Nurse_22,3,19.0
19,baseline,Nurse_23,3,21.0
19,baseline,Nurse_24,4,19.5
19,baseline,Nurse_25,3,19.0
19,baseline,Nurse_26,3,14.0
19,baseline,Nurse_27,0,5.0
19,baseline,Nurse_28,0,10.0
19,baseline,Nurse_29,5,15.0
19,baseline,Nurse_30,1,11.0
19,baseline,Nurse_31,1,8.5
19,baseline,Nurse_32,3,21.0
19,baseline,Nurse_33,1,6.0
19,baseline,Nurse_34,2,12.5
19,baseline,Nurse_35,5,15.0
19,baseline,Nurse_36,0,6.5
19,baseline,Nurse_37,1,15.5
19,baseline,Nurse_38,0,8.0
19,baseline,Nurse_39,0,3.5
19,baseline,Nurse_40,3,13.0
19,baseline,Nurse_41,2,11.5
19,baseline,Nurse_42,2,15.5
19,baseline,Nurse_43,4,23.0
19,baseline,Nurse_44,4,16.0
19,baseline,Nurse_45,6,22.5
19,baseline,Nurse_46,3,18.5
19,baseline,Nurse_47,4,22.5
19,baseline,Nurse_48,2,7.5
19,baseline,Nurse_49,3,14.0
19,baseline,Nurse_50,3,14.5
19,baseline,Nurse_51,5,15.0
19,baseline,Nurse_52,3,17.0
19,baseline,Nurse_53,1,9.5
19,baseline,Nurse_54,6,24.5
19,baseline,Nurse_55,2,15.0
19,baseline,Nurse_56,2,12.5
19,baseline,Nurse_57,3,17.0
19,baseline,Nurse_58,1,7.0
19,baseline,Nurse_59,2,14.0
19,baseline,Nurse_60,5,23.5
19,baseline,Nurse_61,1,12.0
19,baseline,Nurse_62,0,3.0
19,baseline,Nurse_63,3,10.5
19,baseline,Nurse_64,4,17.5
19,baseline,Nurse_65,3,11.0
19,baseline,Nurse_66,2,13.5
19,baseline,Nurse_67,4,12.0
19,baseline,Nurse_68,3,14.5
19,baseline,Nurse_69,5,19.0
19,baseline,Nurse_70,2,14.5
19,strain,Nurse_01,3,10.5
19,strain,Nurse_02,0,9.5
19,strain,Nurse_03,0,10.5
19,strain,Nurse_04,2,17.0
19,strain,Nurse_05,1,11.0
19,strain,Nurse_06,0,11.5
19,strain,Nurse_07,1,11.5
19,strain,Nurse_08,3,17.0
19,strain,Nurse_09,1,11.0
19,strain,Nurse_10,0,13.5
19,strain,Nurse_11,0,10.0
19,strain,Nurse_12,1,10.0
19,strain,Nurse_13,2,10.5
19,strain,Nurse_14,1,4.5
19,strain,Nurse_15,3,16.0
19,strain,Nurse_16,0,7.0
19,strain,Nurse_17,0,13.0
19,strain,Nurse_18,1,10.5
19,strain,Nurse_19,0,13.5
19,strain,Nurse_20,0,8.0
19,strain,Nurse_21,1,10.0
19,strain,Nurse_22,2,14.5
19,strain,Nurse_23,3,18.5
19,strain,Nurse_24,1,15.0
19,strain,Nurse_25,1,18.5
19,strain,Nurse_26,2,15.5
19,strain,Nurse_27,1,8.0
19,strain,Nurse_28,0,7.5
19,strain,Nurse_29,3,13.5
19,strain,Nurse_30,1,12.5
19,strain,Nurse_31,0,5.5
19,strain,Nurse_32,0,11.0
19,strain,Nurse_33,1,9.0
19,strain,Nurse_34,2,12.5
19,strain,Nurse_35,3,12.0
19,strain,Nurse_36,0,9.5
19,strain,Nurse_37,1,11.0
19,strain,Nurse_38,0,8.0
19,strain,Nurse_39,0,4.5
19,strain,Nurse_40,2,12.0
19,strain,Nurse_41,1,7.0
19,strain,Nurse_42,2,17.0
19,strain,Nurse_43,2,18.0
19,strain,Nurse_44,1,14.0
19,strain,Nurse_45,3,14.0
19,strain,Nurse_46,1,11.5
19,strain,Nurse_47,2,17.5
19,strain,Nurse_48,2,6.0
19,strain,Nurse_49,3,14.0
19,strain,Nurse_50,1,9.5
19,strain,Nurse_51,4,13.5
19,strain,Nurse_52,3,17.0
19,strain,Nurse_53,0,6.5
19,strain,Nurse_54,4,17.5
19,strain,Nurse_55,2,12.5
19,strain,Nurse_56,2,12.5
19,strain,Nurse_57,1,14.0
19,strain,Nurse_58,2,10.0
19,strain,Nurse_59,2,14.5
19,strain,Nurse_60,2,17.5
19,strain,Nurse_61,0,11.5
19,strain,Nurse_62,0,3.0
19,strain,Nurse_63,2,9.0
19,strain,Nurse_64,2,14.0
19,strain,Nurse_65,3,11.0
19,strain,Nurse_66,1,12.0
19,strain,Nurse_67,4,15.0
19,strain,Nurse_68,2,14.0
19,strain,Nurse_69,3,15.0
19,strain,Nurse_70,0,12.5
20,baseline,Nurse_01,3,16.0
20,baseline,Nurse_02,4,18.0
20,baseline,Nurse_03,4,20.0
20,baseline,Nurse_04,1,13.0
20,baseline,Nurse_05,1,9.0
20,baseline,Nurse_06,3,14.0
20,baseline,Nurse_07,4,20.5
20,baseline,Nurse_08,1,12.0
20,baseline,Nurse_09,1,10.5
20,baseline,Nurse_10,3,18.5
20,baseline,Nurse_11,2,12.5
20,baseline,Nurse_12,4,19.5
20,baseline,Nurse_13,5,21.5
20,baseline,Nurse_14,2,13.0
20,baseline,Nurse_15,3,19.0
20,baseline,Nurse_16,2,12.5
20,baseline,Nurse_17,4,21.0
20,baseline,Nurse_18,5,22.5
20,baseline,Nurse_19,2,9.0
20,baseline,Nurse_20,3,14.5
20,baseline,Nurse_21,2,14.0
20,baseline,Nurse_22,1,10.0
20,baseline,Nurse_23,5,20.5
20,baseline,Nurse_24,3,15.5
20,baseline,Nurse_25,2,7.5
20,baseline,Nurse_26,0,7.5
20,baseline,Nurse_27,0,3.0
20,baseline,Nurse_28,4,22.0
20,baseline,Nurse_29,2,18.5
20,baseline,Nurse_30,5,16.5
20,baseline,Nurse_31,5,24.0
20,baseline,Nurse_32,0,5.5
20,baseline,Nurse_33,3,15.5
20,baseline,Nurse_34,2,17.0
20,baseline,Nurse_35,2,12.0
20,baseline,Nurse_36,1,13.5
20,baseline,Nurse_37,1,17.0
20,baseline,Nurse_38,2,12.0
20,baseline,Nurse_39,3,12.0
20,baseline,Nurse_40,4,20.5
20,baseline,Nurse_41,5,21.0
20,baseline,Nurse_42,2,6.0
20,baseline,Nurse_43,0,4.5
20,baseline,Nurse_44,4,24.5
20,baseline,Nurse_45,5,20.5
20,baseline,Nurse_46,3,15.5
20,baseline,Nurse_47,0,2.5
20,baseline,Nurse_48,6,28.5
20,baseline,Nurse_49,0,11.5
20,baseline,Nurse_50,3,16.0
20,baseline,Nurse_51,6,20.0
20,baseline,Nurse_52,2,8.0
20,baseline,Nurse_53,3,13.0
20,baseline,Nurse_54,5,21.5
20,baseline,Nurse_55,4,19.0
20,baseline,Nurse_56,2,11.5
20,baseline,Nurse_57,3,9.0
20,baseline,Nurse_58,0,6.5
20,baseline,Nurse_59,5,19.0
20,baseline,Nurse_60,5,19.0
20,baseline,Nurse_61,4,19.5
20,baseline,Nurse_62,0,8.0
20,baseline,Nurse_63,1,13.0
20,baseline,Nurse_64,0,7.0
20,baseline,Nurse_65,2,15.5
20,baseline,Nurse_66,2,9.0
20,baseline,Nurse_67,4,20.0
20,baseline,Nurse_68,5,22.5
20,baseline,Nurse_69,1,4.5
20,baseline,Nurse_70,4,20.5
20,strain,Nurse_01,3,15.0
20,strain,Nurse_02,2,13.5
20,strain,Nurse_03,3,20.0
20,strain,Nurse_04,1,10.0
20,strain,Nurse_05,1,13.0
20,strain,Nurse_06,2,8.0
20,strain,Nurse_07,3,16.5
20,strain,Nurse_08,0,14.5
20,strain,Nurse_09,0,6.0
20,strain,Nurse_10,3,21.0
20,strain,Nurse_11,1,12.0
20,strain,Nurse_12,3,16.5
20,strain,Nurse_13,2,15.5
20,strain,Nurse_14,1,11.0
20,strain,Nurse_15,2,17.0
20,strain,Nurse_16,1,15.0
20,strain,Nurse_17,3,17.5
20,strain,Nurse_18,3,16.0
20,strain,Nurse_19,1,7.5
20,strain,Nurse_20,2,14.0
20,strain,Nurse_21,2,12.5
20,strain,Nurse_22,1,14.0
20,strain,Nurse_23,3,17.5
20,strain,Nurse_24,2,11.5
20,strain,Nurse_25,2,10.5
20,strain,Nurse_26,0,7.5
20,strain,Nurse_27,0,8.0
20,strain,Nurse_28,3,19.0
20,strain,Nurse_29,1,16.5
20,strain,Nurse_30,5,16.5
20,strain,Nurse_31,3,16.0
20,strain,Nurse_32,0,8.5
20,strain,Nurse_33,2,14.0
20,strain,Nurse_34,2,16.5
20,strain,Nurse_35,2,14.0
20,strain,Nurse_36,0,12.0
20,strain,Nurse_37,0,11.5
20,strain,Nurse_38,2,9.5
20,strain,Nurse_39,3,10.5
20,strain,Nurse_40,3,20.0
20,strain,Nurse_41,4,16.5
20,strain,Nurse_42,2,7.5
20,strain,Nurse_43,0,4.5
20,strain,Nurse_44,3,20.0
20,strain,Nurse_45,3,14.5
20,strain,Nurse_46,3,16.5
20,strain,Nurse_47,0,6.5
20,strain,Nurse_48,2,16.5
20,strain,Nurse_49,0,13.5
20,strain,Nurse_50,2,14.5
20,strain,Nurse_51,2,15.0
20,strain,Nurse_52,1,8.0
20,strain,Nurse_53,2,10.0
20,strain,Nurse_54,2,10.5
20,strain,Nurse_55,3,18.0
20,strain,Nurse_56,2,12.5
20,strain,Nurse_57,2,9.0
20,strain,Nurse_58,0,8.0
20,strain,Nurse_59,3,15.5
20,strain,Nurse_60,2,15.5
20,strain,Nurse_61,4,18.5
20,strain,Nurse_62,0,8.0
20,strain,Nurse_63,1,12.0
20,strain,Nurse_64,0,6.5
20,strain,Nurse_65,2,15.5
20,strain,Nurse_66,2,9.0
20,strain,Nurse_67,3,19.0
20,strain,Nurse_68,3,17.0
20,strain,Nurse_69,1,4.5
20,strain,Nurse_70,2,17.0
21,baseline,Nurse_01,2,18.5
21,baseline,Nurse_02,0,0.0
21,baseline,Nurse_03,2,14.5
21,baseline,Nurse_04,3,16.5
21,baseline,Nurse_05,2,11.0
21,baseline,Nurse_06,1,13.0
21,baseline,Nurse_07,4,18.0
21,baseline,Nurse_08,5,18.5
21,baseline,Nurse_09,0,7.0
21,baseline,Nurse_10,1,13.5
21,baseline,Nurse_11,1,8.0
21,baseline,Nurse_12,1,6.5
21,baseline,Nurse_13,0,7.0
21,baseline,Nurse_14,3,15.5
21,baseline,Nurse_15,0,11.0
21,baseline,Nurse_16,2,15.5
21,baseline,Nurse_17,4,19.0
21,baseline,Nurse_18,3,17.5
21,baseline,Nurse_19,0,4.5
21,baseline,Nurse_20,5,26.0
21,baseline,Nurse_21,1,8.5
21,baseline,Nurse_22,1,9.0
21,baseline,Nurse_23,3,16.0
21,baseline,Nurse_24,3,15.0
21,baseline,Nurse_25,2,15.0
21,baseline,Nurse_26,3,12.0
21,baseline,Nurse_27,1,10.5
21,baseline,Nurse_28,1,7.0
21,baseline,Nurse_29,3,17.5
21,baseline,Nurse_30,3,10.5
21,baseline,Nurse_31,2,14.5
21,baseline,Nurse_32,3,17.5
21,baseline,Nurse_33,3,19.0
21,baseline,Nurse_34,2,15.5
21,baseline,Nurse_35,3,17.5
21,baseline,Nurse_36,4,12.0
21,baseline,Nurse_37,5,24.0
21,baseline,Nurse_38,2,11.0
21,baseline,Nurse_39,4,17.0
21,baseline,Nurse_40,3,16.0
21,baseline,Nurse_41,4,19.5
21,baseline,Nurse_42,4,20.5
21,baseline,Nurse_43,0,5.5
21,baseline,Nurse_44,2,7.5
21,baseline,Nurse_45,3,17.0
21,baseline,Nurse_46,6,26.0
21,baseline,Nurse_47,0,5.0
21,baseline,Nurse_48,3,21.0
21,baseline,Nurse_49,1,12.5
21,baseline,Nurse_50,4,21.0
21,baseline,Nurse_51,0,0.0
21,baseline,Nurse_52,0,8.5
21,baseline,Nurse_53,3,9.0
21,baseline,Nurse_54,4,19.5
21,baseline,Nurse_55,4,16.0
21,baseline,Nurse_56,2,9.0
21,baseline,Nurse_57,0,9.0
21,baseline,Nurse_58,6,25.0
21,baseline,Nurse_59,3,14.5
21,baseline,Nurse_60,3,18.5
21,baseline,Nurse_61,5,19.5
21,baseline,Nurse_62,5,26.5
21,baseline,Nurse_63,3,13.5
21,baseline,Nurse_64,2,15.0
21,baseline,Nurse_65,4,15.5
21,baseline,Nurse_66,3,10.5
21,baseline,Nurse_67,5,25.0
21,baseline,Nurse_68,3,13.5
21,baseline,Nurse_69,1,10.5
21,baseline,Nurse_70,3,11.0
21,strain,Nurse_01,2,16.0
21,strain,Nurse_02,0,0.0
21,strain,Nurse_03,2,14.5
21,strain,Nurse_04,2,14.5
21,strain,Nurse_05,2,12.5
21,strain,Nurse_06,1,13.0
21,strain,Nurse_07,3,17.0
21,strain,Nurse_08,4,19.5
21,strain,Nurse_09,0,7.0
21,strain,Nurse_10,1,12.0
21,strain,Nurse_11,1,8.0
21,strain,Nurse_12,1,6.5
21,strain,Nurse_13,0,9.5
21,strain,Nurse_14,2,13.0
21,strain,Nurse_15,0,10.5
21,strain,Nurse_16,1,14.0
21,strain,Nurse_17,2,14.0
21,strain,Nurse_18,2,17.0
21,strain,Nurse_19,0,4.5
21,strain,Nurse_20,2,18.5
21,strain,Nurse_21,1,8.5
21,strain,Nurse_22,1,9.0
21,strain,Nurse_23,1,13.0
21,strain,Nurse_24,1,11.0
21,strain,Nurse_25,2,12.0
21,strain,Nurse_26,2,6.0
21,strain,Nurse_27,1,14.5
21,strain,Nurse_28,0,7.5
21,strain,Nurse_29,3,15.0
21,strain,Nurse_30,1,7.5
21,strain,Nurse_31,1,14.0
21,strain,Nurse_32,2,10.5
21,strain,Nurse_33,2,17.0
21,strain,Nurse_34,1,14.5
21,strain,Nurse_35,2,14.5
21,strain,Nurse_36,3,12.0
21,strain,Nurse_37,4,21.0
21,strain,Nurse_38,1,10.5
21,strain,Nurse_39,1,11.0
21,strain,Nurse_40,2,14.5
21,strain,Nurse_41,3,15.5
21,strain,Nurse_42,3,16.5
21,strain,Nurse_43,0,8.5
21,strain,Nurse_44,2,7.5
21,strain,Nurse_45,1,12.5
21,strain,Nurse_46,3,22.0
21,strain,Nurse_47,0,7.5
21,strain,Nurse_48,2,18.0
21,strain,Nurse_49,0,11.0
21,strain,Nurse_50,2,20.5
21,strain,Nurse_51,0,3.0
21,strain,Nurse_52,0,7.0
21,strain,Nurse_53,3,9.0
21,strain,Nurse_54,2,14.0
21,strain,Nurse_55,2,13.0
21,strain,Nurse_56,2,9.0
21,strain,Nurse_57,0,8.0
21,strain,Nurse_58,2,18.0
21,strain,Nurse_59,2,12.5
21,strain,Nurse_60,2,15.5
21,strain,Nurse_61,2,16.0
21,strain,Nurse_62,3,19.5
21,strain,Nurse_63,2,9.0
21,strain,Nurse_64,2,16.5
21,strain,Nurse_65,4,14.0
21,strain,Nurse_66,3,10.5
21,strain,Nurse_67,2,20.5
21,strain,Nurse_68,2,11.5
21,strain,Nurse_69,1,10.5
21,strain,Nurse_70,3,11.0
22,baseline,Nurse_01,2,9.5
22,baseline,Nurse_02,4,17.5
22,baseline,Nurse_03,3,17.0
22,baseline,Nurse_04,3,17.5
22,baseline,Nurse_05,5,18.0
22,baseline,Nurse_06,0,8.5
22,baseline,Nurse_07,0,5.5
22,baseline,Nurse_08,3,12.0
22,baseline,Nurse_09,6,27.5
22,baseline,Nurse_10,0,5.5
22,baseline,Nurse_11,4,12.0
22,baseline,Nurse_12,5,25.0
22,baseline,Nurse_13,5,23.5
22,baseline,Nurse_14,3,14.0
22,baseline,Nurse_15,4,24.0
22,baseline,Nurse_16,2,13.5
22,baseline,Nurse_17,3,16.0
22,baseline,Nurse_18,2,12.5
22,baseline,Nurse_19,4,17.5
22,baseline,Nurse_20,1,12.5
22,baseline,Nurse_21,1,4.5
22,baseline,Nurse_22,5,18.0
22,baseline,Nurse_23,6,27.5
22,baseline,Nurse_24,3,16.0
22,baseline,Nurse_25,1,6.5
22,baseline,Nurse_26,3,17.0
22,baseline,Nurse_27,4,24.0
22,baseline,Nurse_28,0,4.5
22,baseline,Nurse_29,2,13.5
22,baseline,Nurse_30,2,9.0
22,baseline,Nurse_31,4,20.0
22,baseline,Nurse_32,4,18.0
22,baseline,Nurse_33,5,24.0
22,baseline,Nurse_34,0,4.0
22,baseline,Nurse_35,0,5.5
22,baseline,Nurse_36,0,5.0
22,baseline,Nurse_37,4,14.0
22,baseline,Nurse_38,5,25.0
22,baseline,Nurse_39,2,9.0
22,baseline,Nurse_40,0,5.0
22,baseline,Nurse_41,2,13.5
22,baseline,Nurse_42,3,9.0
22,baseline,Nurse_43,2,16.0
22,baseline,Nurse_44,2,12.5
22,baseline,Nurse_45,2,16.0
22,baseline,Nurse_46,0,9.0
22,baseline,Nurse_47,0,10.5
22,baseline,Nurse_48,3,18.0
22,baseline,Nurse_49,1,9.5
22,baseline,Nurse_50,0,3.5
22,baseline,Nurse_51,3,15.0
22,baseline,Nurse_52,0,12.5
22,baseline,Nurse_53,3,16.0
22,baseline,Nurse_54,3,14.0
22,baseline,Nurse_55,1,12.5
22,baseline,Nurse_56,0,10.0
22,baseline,Nurse_57,6,21.5
22,baseline,Nurse_58,1,14.5
22,baseline,Nurse_59,6,22.5
22,baseline,Nurse_60,4,12.0
22,baseline,Nurse_61,2,12.5
22,baseline,Nurse_62,5,20.0
22,baseline,Nurse_63,5,19.5
22,baseline,Nurse_64,2,16.5
22,baseline,Nurse_65,3,9.0
22,baseline,Nurse_66,2,12.0
22,baseline,Nurse_67,0,5.0
22,baseline,Nurse_68,1,12.0
22,baseline,Nurse_69,0,3.5
22,baseline,Nurse_70,3,22.0
22,strain,Nurse_01,0,7.5
22,strain,Nurse_02,2,13.0
22,strain,Nurse_03,3,14.0
22,strain,Nurse_04,2,13.5
22,strain,Nurse_05,3,16.0
22,strain,Nurse_06,0,11.0
22,strain,Nurse_07,0,7.0
22,strain,Nurse_08,2,10.5
22,strain,Nurse_09,5,23.5
22,strain,Nurse_10,0,5.5
22,strain,Nurse_11,3,10.5
22,strain,Nurse_12,2,19.5
22,strain,Nurse_13,3,17.5
22,strain,Nurse_14,2,12.5
22,strain,Nurse_15,1,15.5
22,strain,Nurse_16,1,10.5
22,strain,Nurse_17,1,12.0
22,strain,Nurse_18,1,9.5
22,strain,Nurse_19,2,14.5
22,strain,Nurse_20,1,12.5
22,strain,Nurse_21,1,6.0
22,strain,Nurse_22,4,15.0
22,strain,Nurse_23,2,20.5
22,strain,Nurse_24,3,16.0
22,strain,Nurse_25,1,5.0
22,strain,Nurse_26,2,12.5
22,strain,Nurse_27,1,16.0
22,strain,Nurse_28,0,4.5
22,strain,Nurse_29,0,9.0
22,strain,Nurse_30,2,7.5
22,strain,Nurse_31,4,17.0
22,strain,Nurse_32,3,16.5
22,strain,Nurse_33,0,20.0
22,strain,Nurse_34,0,5.5
22,strain,Nurse_35,0,8.0
22,strain,Nurse_36,0,6.5
22,strain,Nurse_37,4,16.5
22,strain,Nurse_38,3,21.0
22,strain,Nurse_39,2,9.0
22,strain,Nurse_40,0,9.5
22,strain,Nurse_41,2,14.0
22,strain,Nurse_42,2,7.5
22,strain,Nurse_43,1,14.5
22,strain,Nurse_44,1,10.5
22,strain,Nurse_45,2,16.0
22,strain,Nurse_46,0,10.5
22,strain,Nurse_47,0,9.5
22,strain,Nurse_48,2,12.0
22,strain,Nurse_49,1,9.5
22,strain,Nurse_50,0,7.5
22,strain,Nurse_51,2,15.0
22,strain,Nurse_52,0,17.5
22,strain,Nurse_53,3,16.5
22,strain,Nurse_54,2,11.0
22,strain,Nurse_55,1,12.5
22,strain,Nurse_56,0,10.0
22,strain,Nurse_57,4,19.0
22,strain,Nurse_58,1,15.0
22,strain,Nurse_59,3,16.5
22,strain,Nurse_60,4,12.0
22,strain,Nurse_61,2,11.5
22,strain,Nurse_62,5,16.5
22,strain,Nurse_63,3,17.5
22,strain,Nurse_64,1,12.5
22,strain,Nurse_65,3,10.5
22,strain,Nurse_66,1,13.0
22,strain,Nurse_67,0,7.5
22,strain,Nurse_68,1,12.0
22,strain,Nurse_69,1,8.5
22,strain,Nurse_70,1,16.0
23,baseline,Nurse_01,2,17.0
23,baseline,Nurse_02,4,18.0
23,baseline,Nurse_03,2,12.5
23,baseline,Nurse_04,3,18.5
23,baseline,Nurse_05,3,10.5
23,baseline,Nurse_06,0,3.0
23,baseline,Nurse_07,3,11.0
23,baseline,Nurse_08,5,21.0
23,baseline,Nurse_09,1,13.5
23,baseline,Nurse_10,4,13.5
23,baseline,Nurse_11,4,18.0
23,baseline,Nurse_12,4,15.0
23,baseline,Nurse_13,4,16.5
23,baseline,Nurse_14,4,15.0
23,baseline,Nurse_15,4,17.5
23,baseline,Nurse_16,3,16.5
23,baseline,Nurse_17,1,9.5
23,baseline,Nurse_18,4,21.5
23,baseline,Nurse_19,1,9.0
23,baseline,Nurse_20,2,13.0
23,baseline,Nurse_21,5,22.5
23,baseline,Nurse_22,1,14.0
23,baseline,Nurse_23,1,13.0
23,baseline,Nurse_24,0,7.5
23,baseline,Nurse_25,1,13.5
23,baseline,Nurse_26,3,12.0
23,baseline,Nurse_27,3,17.0
23,baseline,Nurse_28,1,7.5
23,baseline,Nurse_29,4,18.0
23,baseline,Nurse_30,2,14.5
23,baseline,Nurse_31,0,7.0
23,baseline,Nurse_32,0,9.0
23,baseline,Nurse_33,5,22.5
23,baseline,Nurse_34,3,17.5
23,baseline,Nurse_35,5,23.0
23,baseline,Nurse_36,3,11.0
23,baseline,Nurse_37,4,18.5
23,baseline,Nurse_38,4,19.0
23,baseline,Nurse_39,5,24.0
23,baseline,Nurse_40,2,12.0
23,baseline,Nurse_41,1,4.5
23,baseline,Nurse_42,3,12.5
23,baseline,Nurse_43,2,10.5
23,baseline,Nurse_44,3,9.0
23,baseline,Nurse_45,3,20.5
23,baseline,Nurse_46,2,24.0
23,baseline,Nurse_47,2,14.5
23,baseline,Nurse_48,5,20.0
23,baseline,Nurse_49,2,9.5
23,baseline,Nurse_50,5,15.0
23,baseline,Nurse_51,3,13.0
23,baseline,Nurse_52,6,22.5
23,baseline,Nurse_53,1,11.0
23,baseline,Nurse_54,2,15.0
23,baseline,Nurse_55,2,15.5
23,baseline,Nurse_56,2,11.5
23,baseline,Nurse_57,4,19.5
23,baseline,Nurse_58,4,20.5
23,baseline,Nurse_59,3,19.5
23,baseline,Nurse_60,4,18.5
23,baseline,Nurse_61,1,4.5
23,baseline,Nurse_62,4,16.5
23,baseline,Nurse_63,3,15.0
23,baseline,Nurse_64,0,4.0
23,baseline,Nurse_65,3,12.5
23,baseline,Nurse_66,4,17.5
23,baseline,Nurse_67,1,5.0
23,baseline,Nurse_68,1,12.0
23,baseline,Nurse_69,1,13.5
23,baseline,Nurse_70,3,19.0
23,strain,Nurse_01,0,11.0
23,strain,Nurse_02,2,12.0
23,strain,Nurse_03,0,6.5
23,strain,Nurse_04,3,17.0
23,strain,Nurse_05,2,9.0
23,strain,Nurse_06,0,4.5
23,strain,Nurse_07,3,11.0
23,strain,Nurse_08,4,20.5
23,strain,Nurse_09,0,7.5
23,strain,Nurse_10,2,9.0
23,strain,Nurse_11,2,17.0
23,strain,Nurse_12,3,13.5
23,strain,Nurse_13,2,15.5
23,strain,Nurse_14,2,14.0
23,strain,Nurse_15,2,12.5
23,strain,Nurse_16,1,12.5
23,strain,Nurse_17,1,8.0
23,strain,Nurse_18,1,13.0
23,strain,Nurse_19,1,10.5
23,strain,Nurse_20,1,15.5
23,strain,Nurse_21,4,19.5
23,strain,Nurse_22,1,18.0
23,strain,Nurse_23,0,7.5
23,strain,Nurse_24,0,11.5
23,strain,Nurse_25,0,12.0
23,strain,Nurse_26,2,12.0
23,strain,Nurse_27,2,15.5
23,strain,Nurse_28,1,7.5
23,strain,Nurse_29,3,16.5
23,strain,Nurse_30,2,12.0
23,strain,Nurse_31,0,6.5
23,strain,Nurse_32,0,14.5
23,strain,Nurse_33,3,17.0
23,strain,Nurse_34,3,15.0
23,strain,Nurse_35,2,13.5
23,strain,Nurse_36,2,9.5
23,strain,Nurse_37,2,13.5
23,strain,Nurse_38,2,14.0
23,strain,Nurse_39,2,18.0
23,strain,Nurse_40,1,12.0
23,strain,Nurse_41,1,3.0
23,strain,Nurse_42,3,12.5
23,strain,Nurse_43,1,10.0
23,strain,Nurse_44,3,9.0
23,strain,Nurse_45,1,18.5
23,strain,Nurse_46,1,17.5
23,strain,Nurse_47,1,13.0
23,strain,Nurse_48,2,13.5
23,strain,Nurse_49,1,9.5
23,strain,Nurse_50,3,12.0
23,strain,Nurse_51,2,10.5
23,strain,Nurse_52,4,19.0
23,strain,Nurse_53,0,12.0
23,strain,Nurse_54,0,10.5
23,strain,Nurse_55,1,13.0
23,strain,Nurse_56,2,11.5
23,strain,Nurse_57,3,19.0
23,strain,Nurse_58,2,15.0
23,strain,Nurse_59,3,16.0
23,strain,Nurse_60,4,17.0
23,strain,Nurse_61,1,3.0
23,strain,Nurse_62,4,16.5
23,strain,Nurse_63,2,13.5
23,strain,Nurse_64,0,4.0
23,strain,Nurse_65,2,15.5
23,strain,Nurse_66,4,17.5
23,strain,Nurse_67,1,5.0
23,strain,Nurse_68,1,11.5
23,strain,Nurse_69,0,9.5
23,strain,Nurse_70,3,17.5
24,baseline,Nurse_01,4,20.5
24,baseline,Nurse_02,4,23.0
24,baseline,Nurse_03,0,4.0
24,baseline,Nurse_04,0,5.0
24,baseline,Nurse_05,2,9.5
24,baseline,Nurse_06,3,9.0
24,baseline,Nurse_07,0,0.0
24,baseline,Nurse_08,1,15.0
24,baseline,Nurse_09,2,16.0
24,baseline,Nurse_10,3,15.5
24,baseline,Nurse_11,3,16.5
24,baseline,Nurse_12,2,17.0
24,baseline,Nurse_13,1,10.0
24,baseline,Nurse_14,2,13.5
24,baseline,Nurse_15,1,9.0
24,baseline,Nurse_16,2,6.0
24,baseline,Nurse_17,4,18.0
24,baseline,Nurse_18,3,16.5
24,baseline,Nurse_19,3,12.0
24,baseline,Nurse_20,5,21.0
24,baseline,Nurse_21,2,24.0
24,baseline,Nurse_22,6,20.0
24,baseline,Nurse_23,2,18.0
24,baseline,Nurse_24,2,11.0
24,baseline,Nurse_25,5,20.0
24,baseline,Nurse_26,3,14.0
24,baseline,Nurse_27,0,5.5
24,baseline,Nurse_28,0,7.0
24,baseline,Nurse_29,5,20.0
24,baseline,Nurse_30,2,7.5
24,baseline,Nurse_31,1,11.5
24,baseline,Nurse_32,3,16.0
24,baseline,Nurse_33,3,13.0
24,baseline,Nurse_34,1,11.0
24,baseline,Nurse_35,5,17.0
24,baseline,Nurse_36,3,20.5
24,baseline,Nurse_37,3,17.5
24,baseline,Nurse_38,3,10.5
24,baseline,Nurse_39,3,20.0
24,baseline,Nurse_40,4,20.5
24,baseline,Nurse_41,4,19.5
24,baseline,Nurse_42,3,19.0
24,baseline,Nurse_43,6,27.0
24,baseline,Nurse_44,1,11.0
24,baseline,Nurse_45,3,19.0
24,baseline,Nurse_46,6,25.0
24,baseline,Nurse_47,0,4.5
24,baseline,Nurse_48,4,22.0
24,baseline,Nurse_49,4,12.0
24,baseline,Nurse_50,1,15.0
24,baseline,Nurse_51,2,11.0
24,baseline,Nurse_52,1,6.0
24,baseline,Nurse_53,0,1.5
24,baseline,Nurse_54,4,19.0
24,baseline,Nurse_55,3,10.5
24,baseline,Nurse_56,3,16.0
24,baseline,Nurse_57,3,17.5
24,baseline,Nurse_58,6,22.0
24,baseline,Nurse_59,4,19.0
24,baseline,Nurse_60,2,10.5
24,baseline,Nurse_61,4,19.0
24,baseline,Nurse_62,5,21.5
24,baseline,Nurse_63,2,12.0
24,baseline,Nurse_64,0,4.5
24,baseline,Nurse_65,1,13.5
24,baseline,Nurse_66,1,9.5
24,baseline,Nurse_67,2,12.5
24,baseline,Nurse_68,1,7.0
24,baseline,Nurse_69,4,15.0
24,baseline,Nurse_70,3,15.0
24,strain,Nurse_01,4,19.0
24,strain,Nurse_02,2,16.0
24,strain,Nurse_03,1,9.5
24,strain,Nurse_04,0,6.5
24,strain,Nurse_05,2,12.0
24,strain,Nurse_06,3,10.5
24,strain,Nurse_07,0,1.5
24,strain,Nurse_08,1,12.5
24,strain,Nurse_09,2,17.0
24,strain,Nurse_10,2,11.0
24,strain,Nurse_11,1,11.0
24,strain,Nurse_12,1,15.5
24,strain,Nurse_13,0,8.0
24,strain,Nurse_14,2,13.5
24,strain,Nurse_15,1,9.0
24,strain,Nurse_16,2,9.0
24,strain,Nurse_17,2,13.5
24,strain,Nurse_18,3,14.0
24,strain,Nurse_19,3,9.0
24,strain,Nurse_20,3,18.0
24,strain,Nurse_21,1,19.0
24,strain,Nurse_22,5,18.5
24,strain,Nurse_23,2,17.0
24,strain,Nurse_24,2,11.0
24,strain,Nurse_25,2,14.0
24,strain,Nurse_26,3,14.0
24,strain,Nurse_27,0,7.0
24,strain,Nurse_28,0,8.5
24,strain,Nurse_29,2,15.0
24,strain,Nurse_30,1,6.0
24,strain,Nurse_31,1,10.5
24,strain,Nurse_32,0,10.5
24,strain,Nurse_33,3,13.0
24,strain,Nurse_34,0,12.5
24,strain,Nurse_35,4,14.0
24,strain,Nurse_36,3,20.5
24,strain,Nurse_37,2,10.5
24,strain,Nurse_38,2,7.5
24,strain,Nurse_39,1,14.0
24,strain,Nurse_40,3,20.0
24,strain,Nurse_41,1,13.5
24,strain,Nurse_42,1,9.5
24,strain,Nurse_43,5,25.5
24,strain,Nurse_44,1,9.5
24,strain,Nurse_45,2,17.5
24,strain,Nurse_46,4,20.0
24,strain,Nurse_47,0,8.5
24,strain,Nurse_48,2,18.5
24,strain,Nurse_49,4,12.0
24,strain,Nurse_50,0,11.5
24,strain,Nurse_51,2,8.5
24,strain,Nurse_52,1,6.0
24,strain,Nurse_53,0,1.5
24,strain,Nurse_54,3,16.0
24,strain,Nurse_55,2,10.5
24,strain,Nurse_56,2,13.5
24,strain,Nurse_57,3,16.0
24,strain,Nurse_58,2,15.5
24,strain,Nurse_59,3,20.0
24,strain,Nurse_60,1,10.0
24,strain,Nurse_61,1,12.5
24,strain,Nurse_62,3,17.5
24,strain,Nurse_63,1,11.0
24,strain,Nurse_64,0,6.0
24,strain,Nurse_65,0,16.0
24,strain,Nurse_66,1,12.0
24,strain,Nurse_67,2,12.5
24,strain,Nurse_68,1,8.5
24,strain,Nurse_69,3,12.0
24,strain,Nurse_70,3,16.5
25,baseline,Nurse_01,3,16.0
25,baseline,Nurse_02,3,15.5
25,baseline,Nurse_03,3,18.0
25,baseline,Nurse_04,6,26.0
25,baseline,Nurse_05,2,7.5
25,baseline,Nurse_06,4,24.0
25,baseline,Nurse_07,1,7.5
25,baseline,Nurse_08,0,8.5
25,baseline,Nurse_09,3,14.0
25,baseline,Nurse_10,4,13.5
25,baseline,Nurse_11,1,11.5
25,baseline,Nurse_12,1,10.5
25,baseline,Nurse_13,3,17.0
25,baseline,Nurse_14,1,10.5
25,baseline,Nurse_15,3,17.5
25,baseline,Nurse_16,2,17.5
25,baseline,Nurse_17,1,12.0
25,baseline,Nurse_18,1,4.5
25,baseline,Nurse_19,1,6.0
25,baseline,Nurse_20,4,12.0
25,baseline,Nurse_21,2,7.5
25,baseline,Nurse_22,2,14.5
25,baseline,Nurse_23,3,19.5
25,baseline,Nurse_24,3,18.5
25,baseline,Nurse_25,2,15.5
25,baseline,Nurse_26,0,7.5
25,baseline,Nurse_27,1,8.0
25,baseline,Nurse_28,6,25.0
25,baseline,Nurse_29,3,18.0
25,baseline,Nurse_30,2,9.0
25,baseline,Nurse_31,4,18.5
25,baseline,Nurse_32,1,13.5
25,baseline,Nurse_33,1,8.0
25,baseline,Nurse_34,0,13.0
25,baseline,Nurse_35,4,19.0
25,baseline,Nurse_36,4,19.0
25,baseline,Nurse_37,4,17.0
25,baseline,Nurse_38,5,18.0
25,baseline,Nurse_39,2,7.5
25,baseline,Nurse_40,0,3.5
25,baseline,Nurse_41,1,9.0
25,baseline,Nurse_42,0,3.0
25,baseline,Nurse_43,1,10.5
25,baseline,Nurse_44,4,13.5
25,baseline,Nurse_45,3,15.5
25,baseline,Nurse_46,0,8.0
25,baseline,Nurse_47,3,15.5
25,baseline,Nurse_48,1,10.0
25,baseline,Nurse_49,3,10.0
25,baseline,Nurse_50,6,28.0
25,baseline,Nurse_51,4,18.0
25,baseline,Nurse_52,3,19.0
25,baseline,Nurse_53,5,16.5
25,baseline,Nurse_54,3,10.5
25,baseline,Nurse_55,3,15.0
25,baseline,Nurse_56,1,18.5
25,baseline,Nurse_57,4,21.0
25,baseline,Nurse_58,5,18.0
25,baseline,Nurse_59,2,13.0
25,baseline,Nurse_60,0,2.5
25,baseline,Nurse_61,5,19.5
25,baseline,Nurse_62,0,3.0
25,baseline,Nurse_63,5,15.0
25,baseline,Nurse_64,2,16.0
25,baseline,Nurse_65,5,20.0
25,baseline,Nurse_66,4,22.5
25,baseline,Nurse_67,6,30.0
25,baseline,Nurse_68,1,9.5
25,baseline,Nurse_69,2,10.0
25,baseline,Nurse_70,0,9.5
25,strain,Nurse_01,2,14.5
25,strain,Nurse_02,3,15.5
25,strain,Nurse_03,3,18.0
25,strain,Nurse_04,1,19.5
25,strain,Nurse_05,2,6.0
25,strain,Nurse_06,2,19.5
25,strain,Nurse_07,1,11.0
25,strain,Nurse_08,0,8.5
25,strain,Nurse_09,1,12.0
25,strain,Nurse_10,2,9.0
25,strain,Nurse_11,0,9.0
25,strain,Nurse_12,0,8.5
25,strain,Nurse_13,3,13.0
25,strain,Nurse_14,0,6.5
25,strain,Nurse_15,3,15.0
25,strain,Nurse_16,1,15.0
25,strain,Nurse_17,1,9.0
25,strain,Nurse_18,1,6.0
25,strain,Nurse_19,1,7.0
25,strain,Nurse_20,3,10.5
25,strain,Nurse_21,2,10.5
25,strain,Nurse_22,1,11.0
25,strain,Nurse_23,1,11.5
25,strain,Nurse_24,2,16.5
25,strain,Nurse_25,1,11.0
25,strain,Nurse_26,0,6.0
25,strain,Nurse_27,0,10.0
25,strain,Nurse_28,4,16.5
25,strain,Nurse_29,2,16.0
25,strain,Nurse_30,0,3.0
25,strain,Nurse_31,3,16.0
25,strain,Nurse_32,1,13.5
25,strain,Nurse_33,0,9.5
25,strain,Nurse_34,0,10.5
25,strain,Nurse_35,3,19.0
25,strain,Nurse_36,4,19.0
25,strain,Nurse_37,3,14.0
25,strain,Nurse_38,3,13.5
25,strain,Nurse_39,1,6.0
25,strain,Nurse_40,0,2.5
25,strain,Nurse_41,1,12.0
25,strain,Nurse_42,0,7.5
25,strain,Nurse_43,0,10.0
25,strain,Nurse_44,4,15.0
25,strain,Nurse_45,1,12.5
25,strain,Nurse_46,0,11.0
25,strain,Nurse_47,2,16.0
25,strain,Nurse_48,0,7.0
25,strain,Nurse_49,2,10.0
25,strain,Nurse_50,3,21.0
25,strain,Nurse_51,1,14.0
25,strain,Nurse_52,0,9.0
25,strain,Nurse_53,3,12.0
25,strain,Nurse_54,2,7.5
25,strain,Nurse_55,3,16.5
25,strain,Nurse_56,0,12.5
25,strain,Nurse_57,1,16.0
25,strain,Nurse_58,2,15.5
25,strain,Nurse_59,2,13.0
25,strain,Nurse_60,0,2.5
25,strain,Nurse_61,3,17.5
25,strain,Nurse_62,0,4.5
25,strain,Nurse_63,5,15.0
25,strain,Nurse_64,0,9.5
25,strain,Nurse_65,4,16.0
25,strain,Nurse_66,2,18.0
25,strain,Nurse_67,3,21.0
25,strain,Nurse_68,1,11.0
25,strain,Nurse_69,2,13.0
25,strain,Nurse_70,0,8.5
26,baseline,Nurse_01,3,14.0
26,baseline,Nurse_02,4,21.5
26,baseline,Nurse_03,2,16.5
26,baseline,Nurse_04,2,15.5
26,baseline,Nurse_05,2,15.5
26,baseline,Nurse_06,4,25.0
26,baseline,Nurse_07,3,15.0
26,baseline,Nurse_08,5,25.5
26,baseline,Nurse_09,4,17.0
26,baseline,Nurse_10,5,19.5
26,baseline,Nurse_11,3,13.0
26,baseline,Nurse_12,4,15.0
26,baseline,Nurse_13,0,9.5
26,baseline,Nurse_14,0,4.0
26,baseline,Nurse_15,3,20.5
26,baseline,Nurse_16,3,15.5
26,baseline,Nurse_17,2,9.0
26,baseline,Nurse_18,4,19.0
26,baseline,Nurse_19,4,18.5
26,baseline,Nurse_20,2,12.5
26,baseline,Nurse_21,5,24.0
26,baseline,Nurse_22,1,4.5
26,baseline,Nurse_23,4,16.5
26,baseline,Nurse_24,0,10.0
26,baseline,Nurse_25,1,14.0
26,baseline,Nurse_26,6,23.0
26,baseline,Nurse_27,2,12.0
26,baseline,Nurse_28,0,7.0
26,baseline,Nurse_29,2,9.0
26,baseline,Nurse_30,5,22.0
26,baseline,Nurse_31,2,11.0
26,baseline,Nurse_32,2,13.5
26,baseline,Nurse_33,5,18.0
26,baseline,Nurse_34,1,8.5
26,baseline,Nurse_35,0,4.0
26,baseline,Nurse_36,3,17.0
26,baseline,Nurse_37,3,19.5
26,baseline,Nurse_38,6,19.5
26,baseline,Nurse_39,1,10.0
26,baseline,Nurse_40,1,10.5
26,baseline,Nurse_41,2,13.0
26,baseline,Nurse_42,2,12.0
26,baseline,Nurse_43,4,18.5
26,baseline,Nurse_44,1,3.0
26,baseline,Nurse_45,4,23.0
26,baseline,Nurse_46,3,12.0
26,baseline,Nurse_47,4,18.5
26,baseline,Nurse_48,0,8.5
26,baseline,Nurse_49,4,17.0
26,baseline,Nurse_50,3,17.5
26,baseline,Nurse_51,1,4.5
26,baseline,Nurse_52,3,10.0
26,baseline,Nurse_53,3,19.0
26,baseline,Nurse_54,1,3.0
26,baseline,Nurse_55,4,20.5
26,baseline,Nurse_56,1,10.5
26,baseline,Nurse_57,1,9.5
26,baseline,Nurse_58,0,0.0
26,baseline,Nurse_59,1,7.0
26,baseline,Nurse_60,3,14.5
26,baseline,Nurse_61,3,16.0
26,baseline,Nurse_62,5,18.0
26,baseline,Nurse_63,3,15.0
26,baseline,Nurse_64,4,17.0
26,baseline,Nurse_65,1,22.4
26,baseline,Nurse_66,1,11.5
26,baseline,Nurse_67,1,11.0
26,baseline,Nurse_68,2,16.5
26,baseline,Nurse_69,3,17.0
26,baseline,Nurse_70,3,11.5
26,strain,Nurse_01,2,10.0
26,strain,Nurse_02,4,18.0
26,strain,Nurse_03,2,14.0
26,strain,Nurse_04,1,10.0
26,strain,Nurse_05,2,16.5
26,strain,Nurse_06,3,19.5
26,strain,Nurse_07,3,14.0
26,strain,Nurse_08,3,19.5
26,strain,Nurse_09,2,16.0
26,strain,Nurse_10,4,12.0
26,strain,Nurse_11,2,11.0
26,strain,Nurse_12,2,14.5
26,strain,Nurse_13,0,11.0
26,strain,Nurse_14,0,4.0
26,strain,Nurse_15,2,16.5
26,strain,Nurse_16,2,11.5
26,strain,Nurse_17,2,9.0
26,strain,Nurse_18,1,13.0
26,strain,Nurse_19,3,17.0
26,strain,Nurse_20,1,13.5
26,strain,Nurse_21,4,22.0
26,strain,Nurse_22,0,6.0
26,strain,Nurse_23,3,15.0
26,strain,Nurse_24,0,12.0
26,strain,Nurse_25,0,13.0
26,strain,Nurse_26,2,17.0
26,strain,Nurse_27,2,9.0
26,strain,Nurse_28,0,10.0
26,strain,Nurse_29,2,9.0
26,strain,Nurse_30,4,20.5
26,strain,Nurse_31,2,12.5
26,strain,Nurse_32,2,12.5
26,strain,Nurse_33,4,16.5
26,strain,Nurse_34,0,5.5
26,strain,Nurse_35,0,4.0
26,strain,Nurse_36,1,13.0
26,strain,Nurse_37,2,17.5
26,strain,Nurse_38,5,18.0
26,strain,Nurse_39,1,8.5
26,strain,Nurse_40,0,13.0
26,strain,Nurse_41,2,13.0
26,strain,Nurse_42,2,12.0
26,strain,Nurse_43,2,12.5
26,strain,Nurse_44,1,6.0
26,strain,Nurse_45,1,16.0
26,strain,Nurse_46,2,14.5
26,strain,Nurse_47,2,12.5
26,strain,Nurse_48,0,9.5
26,strain,Nurse_49,3,15.5
26,strain,Nurse_50,3,13.5
26,strain,Nurse_51,1,6.0
26,strain,Nurse_52,3,11.5
26,strain,Nurse_53,2,17.5
26,strain,Nurse_54,1,3.0
26,strain,Nurse_55,2,14.0
26,strain,Nurse_56,0,11.5
26,strain,Nurse_57,0,9.0
26,strain,Nurse_58,0,4.5
26,strain,Nurse_59,1,7.0
26,strain,Nurse_60,3,15.5
26,strain,Nurse_61,3,16.0
26,strain,Nurse_62,1,12.0
26,strain,Nurse_63,1,13.0
26,strain,Nurse_64,2,12.5
26,strain,Nurse_65,1,14.0
26,strain,Nurse_66,0,9.0
26,strain,Nurse_67,1,11.0
26,strain,Nurse_68,2,14.0
26,strain,Nurse_69,2,16.5
26,strain,Nurse_70,1,11.0
27,baseline,Nurse_01,0,1.5
27,baseline,Nurse_02,1,13.0
27,baseline,Nurse_03,3,14.0
27,baseline,Nurse_04,5,18.0
27,baseline,Nurse_05,0,5.0
27,baseline,Nurse_06,2,19.5
27,baseline,Nurse_07,1,8.0
27,baseline,Nurse_08,5,19.0
27,baseline,Nurse_09,2,15.0
27,baseline,Nurse_10,1,6.0
27,baseline,Nurse_11,5,21.0
27,baseline,Nurse_12,3,16.0
27,baseline,Nurse_13,0,13.5
27,baseline,Nurse_14,4,16.0
27,baseline,Nurse_15,5,23.0
27,baseline,Nurse_16,1,9.5
27,baseline,Nurse_17,4,18.5
27,baseline,Nurse_18,6,25.5
27,baseline,Nurse_19,2,6.0
27,baseline,Nurse_20,3,17.0
27,baseline,Nurse_21,3,15.5
27,baseline,Nurse_22,1,8.5
27,baseline,Nurse_23,3,17.5
27,baseline,Nurse_24,5,15.0
27,baseline,Nurse_25,2,10.0
27,baseline,Nurse_26,2,12.0
27,baseline,Nurse_27,4,18.5
27,baseline,Nurse_28,2,17.0
27,baseline,Nurse_29,0,4.5
27,baseline,Nurse_30,4,19.5
27,baseline,Nurse_31,3,14.0
27,baseline,Nurse_32,2,15.0
27,baseline,Nurse_33,2,17.5
27,baseline,Nurse_34,3,9.0
27,baseline,Nurse_35,1,13.0
27,baseline,Nurse_36,5,26.0
27,baseline,Nurse_37,4,17.0
27,baseline,Nurse_38,1,10.0
27,baseline,Nurse_39,3,12.0
27,baseline,Nurse_40,4,19.0
27,baseline,Nurse_41,5,24.5
27,baseline,Nurse_42,2,18.0
27,baseline,Nurse_43,1,6.0
27,baseline,Nurse_44,3,19.0
27,baseline,Nurse_45,1,6.5
27,baseline,Nurse_46,2,15.5
27,baseline,Nurse_47,2,7.5
27,baseline,Nurse_48,0,0.0
27,baseline,Nurse_49,1,10.0
27,baseline,Nurse_50,4,17.5
27,baseline,Nurse_51,4,19.0
27,baseline,Nurse_52,1,9.5
27,baseline,Nurse_53,1,10.0
27,baseline,Nurse_54,2,13.5
27,baseline,Nurse_55,5,25.0
27,baseline,Nurse_56,3,13.0
27,baseline,Nurse_57,0,3.5
27,baseline,Nurse_58,0,6.0
27,baseline,Nurse_59,2,7.5
27,baseline,Nurse_60,2,7.5
27,baseline,Nurse_61,0,7.5
27,baseline,Nurse_62,1,9.5
27,baseline,Nurse_63,2,13.0
27,baseline,Nurse_64,1,11.5
27,baseline,Nurse_65,3,18.5
27,baseline,Nurse_66,1,9.5
27,baseline,Nurse_67,3,15.5
27,baseline,Nurse_68,1,11.5
27,baseline,Nurse_69,5,24.0
27,baseline,Nurse_70,3,9.0
27,strain,Nurse_01,1,6.0
27,strain,Nurse_02,1,11.0
27,strain,Nurse_03,2,13.5
27,strain,Nurse_04,2,14.5
27,strain,Nurse_05,0,8.5
27,strain,Nurse_06,1,13.0
27,strain,Nurse_07,0,3.5
27,strain,Nurse_08,5,18.0
27,strain,Nurse_09,0,9.0
27,strain,Nurse_10,1,6.0
27,strain,Nurse_11,4,21.0
27,strain,Nurse_12,2,11.5
27,strain,Nurse_13,0,14.5
27,strain,Nurse_14,3,16.5
27,strain,Nurse_15,3,21.0
27,strain,Nurse_16,1,8.0
27,strain,Nurse_17,2,15.0
27,strain,Nurse_18,2,18.5
27,strain,Nurse_19,1,6.0
27,strain,Nurse_20,2,11.0
27,strain,Nurse_21,2,15.5
27,strain,Nurse_22,0,8.0
27,strain,Nurse_23,1,10.5
27,strain,Nurse_24,4,13.5
27,strain,Nurse_25,0,9.0
27,strain,Nurse_26,2,13.5
27,strain,Nurse_27,3,18.0
27,strain,Nurse_28,1,16.5
27,strain,Nurse_29,0,3.0
27,strain,Nurse_30,2,14.0
27,strain,Nurse_31,3,14.0
27,strain,Nurse_32,2,15.0
27,strain,Nurse_33,2,16.0
27,strain,Nurse_34,3,9.0
27,strain,Nurse_35,1,13.5
27,strain,Nurse_36,2,20.0
27,strain,Nurse_37,1,15.0
27,strain,Nurse_38,1,6.0
27,strain,Nurse_39,1,11.0
27,strain,Nurse_40,2,15.5
27,strain,Nurse_41,4,20.0
27,strain,Nurse_42,1,14.0
27,strain,Nurse_43,1,4.5
27,strain,Nurse_44,1,14.5
27,strain,Nurse_45,1,5.0
27,strain,Nurse_46,1,12.5
27,strain,Nurse_47,2,10.5
27,strain,Nurse_48,0,4.5
27,strain,Nurse_49,0,8.5
27,strain,Nurse_50,2,13.0
27,strain,Nurse_51,2,17.0
27,strain,Nurse_52,1,11.0
27,strain,Nurse_53,0,9.5
27,strain,Nurse_54,1,14.0
27,strain,Nurse_55,2,15.0
27,strain,Nurse_56,3,13.0
27,strain,Nurse_57,0,5.5
27,strain,Nurse_58,0,8.5
27,strain,Nurse_59,2,6.0
27,strain,Nurse_60,1,7.5
27,strain,Nurse_61,0,6.0
27,strain,Nurse_62,1,4.0
27,strain,Nurse_63,1,11.0
27,strain,Nurse_64,1,12.0
27,strain,Nurse_65,1,13.5
27,strain,Nurse_66,1,11.0
27,strain,Nurse_67,2,12.5
27,strain,Nurse_68,1,8.5
27,strain,Nurse_69,2,14.0
27,strain,Nurse_70,3,10.5
28,baseline,Nurse_01,2,15.5
28,baseline,Nurse_02,0,5.5
28,baseline,Nurse_03,1,12.0
28,baseline,Nurse_04,1,7.5
28,baseline,Nurse_05,5,20.5
28,baseline,Nurse_06,4,22.0
28,baseline,Nurse_07,3,16.5
28,baseline,Nurse_08,3,20.5
28,baseline,Nurse_09,3,12.0
28,baseline,Nurse_10,0,1.5
28,baseline,Nurse_11,5,24.5
28,baseline,Nurse_12,3,18.0
28,baseline,Nurse_13,2,17.5
28,baseline,Nurse_14,5,24.0
28,baseline,Nurse_15,1,9.0
28,baseline,Nurse_16,1,11.5
28,baseline,Nurse_17,5,23.5
28,baseline,Nurse_18,4,18.0
28,baseline,Nurse_19,3,17.0
28,baseline,Nurse_20,4,17.0
28,baseline,Nurse_21,2,14.0
28,baseline,Nurse_22,3,17.5
28,baseline,Nurse_23,5,23.5
28,baseline,Nurse_24,2,9.0
28,baseline,Nurse_25,4,18.5
28,baseline,Nurse_26,5,26.0
28,baseline,Nurse_27,0,0.0
28,baseline,Nurse_28,7,35.5
28,baseline,Nurse_29,2,19.0
28,baseline,Nurse_30,0,5.0
28,baseline,Nurse_31,0,1.5
28,baseline,Nurse_32,2,14.5
28,baseline,Nurse_33,4,23.5
28,baseline,Nurse_34,3,15.5
28,baseline,Nurse_35,0,6.5
28,baseline,Nurse_36,4,18.5
28,baseline,Nurse_37,0,0.0
28,baseline,Nurse_38,3,10.5
28,baseline,Nurse_39,0,1.5
28,baseline,Nurse_40,4,19.5
28,baseline,Nurse_41,1,11.5
28,baseline,Nurse_42,1,13.5
28,baseline,Nurse_43,3,17.0
28,baseline,Nurse_44,4,23.0
28,baseline,Nurse_45,4,17.0
28,baseline,Nurse_46,3,17.5
28,baseline,Nurse_47,2,13.5
28,baseline,Nurse_48,2,14.5
28,baseline,Nurse_49,3,14.0
28,baseline,Nurse_50,1,9.0
28,baseline,Nurse_51,4,17.0
28,baseline,Nurse_52,1,6.0
28,baseline,Nurse_53,0,0.0
28,baseline,Nurse_54,0,6.0
28,baseline,Nurse_55,0,3.0
28,baseline,Nurse_56,2,13.0
28,baseline,Nurse_57,2,14.5
28,baseline,Nurse_58,4,15.0
28,baseline,Nurse_59,2,16.5
28,baseline,Nurse_60,1,12.0
28,baseline,Nurse_61,5,16.0
28,baseline,Nurse_62,1,6.0
28,baseline,Nurse_63,1,13.5
28,baseline,Nurse_64,1,9.0
28,baseline,Nurse_65,2,13.0
28,baseline,Nurse_66,0,5.0
28,baseline,Nurse_67,4,23.0
28,baseline,Nurse_68,5,22.0
28,baseline,Nurse_69,5,20.0
28,baseline,Nurse_70,5,22.0
28,strain,Nurse_01,1,14.0
28,strain,Nurse_02,0,8.0
28,strain,Nurse_03,0,11.5
28,strain,Nurse_04,1,6.5
28,strain,Nurse_05,5,20.0
28,strain,Nurse_06,4,20.5
28,strain,Nurse_07,2,15.5
28,strain,Nurse_08,2,12.5
28,strain,Nurse_09,3,12.0
28,strain,Nurse_10,0,4.5
28,strain,Nurse_11,3,20.5
28,strain,Nurse_12,1,14.0
28,strain,Nurse_13,0,10.5
28,strain,Nurse_14,3,20.0
28,strain,Nurse_15,0,7.5
28,strain,Nurse_16,0,6.0
28,strain,Nurse_17,2,18.5
28,strain,Nurse_18,2,15.0
28,strain,Nurse_19,3,18.5
28,strain,Nurse_20,2,14.0
28,strain,Nurse_21,1,8.0
28,strain,Nurse_22,2,17.0
28,strain,Nurse_23,2,17.5
28,strain,Nurse_24,2,9.0
28,strain,Nurse_25,2,12.5
28,strain,Nurse_26,2,19.5
28,strain,Nurse_27,0,0.0
28,strain,Nurse_28,2,21.0
28,strain,Nurse_29,1,12.0
28,strain,Nurse_30,0,10.0
28,strain,Nurse_31,0,4.5
28,strain,Nurse_32,1,13.0
28,strain,Nurse_33,1,14.0
28,strain,Nurse_34,2,14.0
28,strain,Nurse_35,0,6.5
28,strain,Nurse_36,3,15.5
28,strain,Nurse_37,0,0.0
28,strain,Nurse_38,1,9.0
28,strain,Nurse_39,0,4.5
28,strain,Nurse_40,4,18.0
28,strain,Nurse_41,0,4.0
28,strain,Nurse_42,1,12.0
28,strain,Nurse_43,3,17.0
28,strain,Nurse_44,1,13.5
28,strain,Nurse_45,3,14.5
28,strain,Nurse_46,1,13.0
28,strain,Nurse_47,2,13.5
28,strain,Nurse_48,1,14.0
28,strain,Nurse_49,2,12.0
28,strain,Nurse_50,1,10.5
28,strain,Nurse_51,2,16.5
28,strain,Nurse_52,1,6.0
28,strain,Nurse_53,0,1.5
28,strain,Nurse_54,0,7.5
28,strain,Nurse_55,0,6.0
28,strain,Nurse_56,1,13.0
28,strain,Nurse_57,2,19.5
28,strain,Nurse_58,3,14.5
28,strain,Nurse_59,1,14.0
28,strain,Nurse_60,1,10.5
28,strain,Nurse_61,4,13.0
28,strain,Nurse_62,1,7.5
28,strain,Nurse_63,1,13.5
28,strain,Nurse_64,0,12.5
28,strain,Nurse_65,2,16.0
28,strain,Nurse_66,0,5.0
28,strain,Nurse_67,1,17.0
28,strain,Nurse_68,3,20.0
28,strain,Nurse_69,3,18.5
28,strain,Nurse_70,2,13.0
29,baseline,Nurse_01,3,15.0
29,baseline,Nurse_02,3,16.5
29,baseline,Nurse_03,2,13.0
29,baseline,Nurse_04,4,15.0
29,baseline,Nurse_05,5,23.5
29,baseline,Nurse_06,4,23.0
29,baseline,Nurse_07,0,4.0
29,baseline,Nurse_08,4,20.5
29,baseline,Nurse_09,3,14.5
29,baseline,Nurse_10,2,16.5
29,baseline,Nurse_11,2,13.0
29,baseline,Nurse_12,3,20.0
29,baseline,Nurse_13,0,12.5
29,baseline,Nurse_14,1,11.0
29,baseline,Nurse_15,1,13.5
29,baseline,Nurse_16,2,11.5
29,baseline,Nurse_17,1,13.0
29,baseline,Nurse_18,1,15.5
29,baseline,Nurse_19,4,19.0
29,baseline,Nurse_20,1,11.0
29,baseline,Nurse_21,0,3.0
29,baseline,Nurse_22,3,16.0
29,baseline,Nurse_23,4,12.0
29,baseline,Nurse_24,4,19.0
29,baseline,Nurse_25,3,15.0
29,baseline,Nurse_26,1,4.5
29,baseline,Nurse_27,2,14.0
29,baseline,Nurse_28,2,19.0
29,baseline,Nurse_29,4,17.0
29,baseline,Nurse_30,1,9.5
29,baseline,Nurse_31,2,11.5
29,baseline,Nurse_32,2,14.5
29,baseline,Nurse_33,2,7.5
29,baseline,Nurse_34,1,3.0
29,baseline,Nurse_35,1,14.0
29,baseline,Nurse_36,2,7.5
29,baseline,Nurse_37,5,18.0
29,baseline,Nurse_38,1,10.5
29,baseline,Nurse_39,3,13.0
29,baseline,Nurse_40,3,14.5
29,baseline,Nurse_41,2,13.0
29,baseline,Nurse_42,2,12.5
29,baseline,Nurse_43,4,18.5
29,baseline,Nurse_44,3,15.0
29,baseline,Nurse_45,2,12.5
29,baseline,Nurse_46,4,16.5
29,baseline,Nurse_47,0,7.0
29,baseline,Nurse_48,1,12.0
29,baseline,Nurse_49,1,9.5
29,baseline,Nurse_50,5,22.0
29,baseline,Nurse_51,4,21.0
29,baseline,Nurse_52,6,23.5
29,baseline,Nurse_53,2,11.5
29,baseline,Nurse_54,4,19.0
29,baseline,Nurse_55,2,18.0
29,baseline,Nurse_56,0,6.0
29,baseline,Nurse_57,2,11.0
29,baseline,Nurse_58,0,8.5
29,baseline,Nurse_59,2,13.0
29,baseline,Nurse_60,0,7.5
29,baseline,Nurse_61,4,25.0
29,baseline,Nurse_62,4,12.0
29,baseline,Nurse_63,2,7.5
29,baseline,Nurse_64,1,6.5
29,baseline,Nurse_65,5,19.0
29,baseline,Nurse_66,3,16.0
29,baseline,Nurse_67,3,9.0
29,baseline,Nurse_68,4,12.0
29,baseline,Nurse_69,2,12.0
29,baseline,Nurse_70,3,18.0
29,strain,Nurse_01,1,13.5
29,strain,Nurse_02,1,11.0
29,strain,Nurse_03,2,15.5
29,strain,Nurse_04,2,10.5
29,strain,Nurse_05,2,16.0
29,strain,Nurse_06,3,19.0
29,strain,Nurse_07,0,8.5
29,strain,Nurse_08,3,16.0
29,strain,Nurse_09,2,10.5
29,strain,Nurse_10,1,14.5
29,strain,Nurse_11,1,10.0
29,strain,Nurse_12,2,17.5
29,strain,Nurse_13,0,15.0
29,strain,Nurse_14,1,11.0
29,strain,Nurse_15,1,17.5
29,strain,Nurse_16,1,7.0
29,strain,Nurse_17,1,12.5
29,strain,Nurse_18,1,10.5
29,strain,Nurse_19,3,17.5
29,strain,Nurse_20,1,11.0
29,strain,Nurse_21,0,3.0
29,strain,Nurse_22,3,16.0
29,strain,Nurse_23,3,12.0
29,strain,Nurse_24,3,18.0
29,strain,Nurse_25,2,13.5
29,strain,Nurse_26,1,7.5
29,strain,Nurse_27,2,14.0
29,strain,Nurse_28,1,13.5
29,strain,Nurse_29,2,13.0
29,strain,Nurse_30,0,5.5
29,strain,Nurse_31,2,11.5
29,strain,Nurse_32,2,13.0
29,strain,Nurse_33,2,6.0
29,strain,Nurse_34,1,4.5
29,strain,Nurse_35,1,12.5
29,strain,Nurse_36,2,10.5
29,strain,Nurse_37,0,9.5
29,strain,Nurse_38,1,9.0
29,strain,Nurse_39,0,8.5
29,strain,Nurse_40,3,14.5
29,strain,Nurse_41,0,7.5
29,strain,Nurse_42,2,15.0
29,strain,Nurse_43,2,15.0
29,strain,Nurse_44,2,13.5
29,strain,Nurse_45,1,9.5
29,strain,Nurse_46,1,12.0
29,strain,Nurse_47,0,13.0
29,strain,Nurse_48,0,12.0
29,strain,Nurse_49,1,8.5
29,strain,Nurse_50,3,17.0
29,strain,Nurse_51,2,15.5
29,strain,Nurse_52,4,16.5
29,strain,Nurse_53,2,14.5
29,strain,Nurse_54,2,15.0
29,strain,Nurse_55,2,19.0
29,strain,Nurse_56,0,8.5
29,strain,Nurse_57,1,13.5
29,strain,Nurse_58,0,11.0
29,strain,Nurse_59,2,13.0
29,strain,Nurse_60,0,6.5
29,strain,Nurse_61,3,18.0
29,strain,Nurse_62,4,12.0
29,strain,Nurse_63,2,10.5
29,strain,Nurse_64,1,5.0
29,strain,Nurse_65,4,20.0
29,strain,Nurse_66,3,17.5
29,strain,Nurse_67,2,10.5
29,strain,Nurse_68,4,12.0
29,strain,Nurse_69,1,6.5
29,strain,Nurse_70,1,12.5
30,baseline,Nurse_01,4,21.0
30,baseline,Nurse_02,0,7.5
30,baseline,Nurse_03,3,16.5
30,baseline,Nurse_04,1,8.5
30,baseline,Nurse_05,0,4.0
30,baseline,Nurse_06,2,15.0
30,baseline,Nurse_07,2,6.0
30,baseline,Nurse_08,3,16.5
30,baseline,Nurse_09,4,21.0
30,baseline,Nurse_10,4,20.5
30,baseline,Nurse_11,2,9.0
30,baseline,Nurse_12,0,6.0
30,baseline,Nurse_13,2,14.0
30,baseline,Nurse_14,3,16.0
30,baseline,Nurse_15,3,10.5
30,baseline,Nurse_16,1,9.5
30,baseline,Nurse_17,5,24.0
30,baseline,Nurse_18,5,21.5
30,baseline,Nurse_19,4,23.5
30,baseline,Nurse_20,1,7.0
30,baseline,Nurse_21,5,24.0
30,baseline,Nurse_22,3,14.0
30,baseline,Nurse_23,2,15.0
30,baseline,Nurse_24,1,6.0
30,baseline,Nurse_25,5,23.0
30,baseline,Nurse_26,3,12.5
30,baseline,Nurse_27,0,3.0
30,baseline,Nurse_28,3,17.0
30,baseline,Nurse_29,3,14.5
30,baseline,Nurse_30,3,9.0
30,baseline,Nurse_31,5,22.0
30,baseline,Nurse_32,3,16.0
30,baseline,Nurse_33,2,10.0
30,baseline,Nurse_34,0,8.5
30,baseline,Nurse_35,3,15.5
30,baseline,Nurse_36,5,16.5
30,baseline,Nurse_37,1,4.5
30,baseline,Nurse_38,7,26.0
30,baseline,Nurse_39,0,6.0
30,baseline,Nurse_40,5,22.5
30,baseline,Nurse_41,3,14.0
30,baseline,Nurse_42,1,9.0
30,baseline,Nurse_43,5,23.5
30,baseline,Nurse_44,2,16.0
30,baseline,Nurse_45,3,13.0
30,baseline,Nurse_46,4,18.0
30,baseline,Nurse_47,0,10.5
30,baseline,Nurse_48,4,12.0
30,baseline,Nurse_49,0,5.0
30,baseline,Nurse_50,2,18.5
30,baseline,Nurse_51,1,9.5
30,baseline,Nurse_52,2,7.5
30,baseline,Nurse_53,2,11.0
30,baseline,Nurse_54,4,20.5
30,baseline,Nurse_55,7,30.0
30,baseline,Nurse_56,3,15.5
30,baseline,Nurse_57,2,16.0
30,baseline,Nurse_58,2,12.5
30,baseline,Nurse_59,5,21.5
30,baseline,Nurse_60,0,9.0
30,baseline,Nurse_61,3,19.5
30,baseline,Nurse_62,4,22.5
30,baseline,Nurse_63,2,15.0
30,baseline,Nurse_64,0,4.5
30,baseline,Nurse_65,0,7.0
30,baseline,Nurse_66,1,11.0
30,baseline,Nurse_67,0,8.0
30,baseline,Nurse_68,2,14.0
30,baseline,Nurse_69,3,13.5
30,baseline,Nurse_70,2,13.5
30,strain,Nurse_01,1,10.5
30,strain,Nurse_02,0,4.5
30,strain,Nurse_03,2,15.5
30,strain,Nurse_04,1,11.5
30,strain,Nurse_05,0,4.0
30,strain,Nurse_06,2,18.5
30,strain,Nurse_07,2,6.0
30,strain,Nurse_08,2,12.5
30,strain,Nurse_09,3,18.0
30,strain,Nurse_10,3,17.0
30,strain,Nurse_11,1,6.0
30,strain,Nurse_12,0,3.0
30,strain,Nurse_13,2,15.5
30,strain,Nurse_14,2,11.5
30,strain,Nurse_15,2,7.5
30,strain,Nurse_16,0,6.5
30,strain,Nurse_17,3,18.0
30,strain,Nurse_18,2,14.0
30,strain,Nurse_19,1,14.0
30,strain,Nurse_20,1,11.0
30,strain,Nurse_21,4,23.0
30,strain,Nurse_22,2,11.5
30,strain,Nurse_23,2,16.5
30,strain,Nurse_24,1,9.0
30,strain,Nurse_25,3,16.0
30,strain,Nurse_26,3,12.5
30,strain,Nurse_27,0,6.0
30,strain,Nurse_28,2,13.5
30,strain,Nurse_29,1,12.0
30,strain,Nurse_30,1,7.5
30,strain,Nurse_31,5,22.0
30,strain,Nurse_32,2,16.0
30,strain,Nurse_33,1,8.5
30,strain,Nurse_34,0,9.5
30,strain,Nurse_35,2,12.5
30,strain,Nurse_36,4,13.5
30,strain,Nurse_37,1,6.0
30,strain,Nurse_38,5,23.0
30,strain,Nurse_39,0,6.0
30,strain,Nurse_40,3,19.0
30,strain,Nurse_41,2,14.0
30,strain,Nurse_42,0,6.5
30,strain,Nurse_43,2,16.5
30,strain,Nurse_44,1,16.5
30,strain,Nurse_45,3,13.0
30,strain,Nurse_46,3,16.5
30,strain,Nurse_47,0,6.5
30,strain,Nurse_48,3,12.0
30,strain,Nurse_49,0,12.0
30,strain,Nurse_50,1,16.5
30,strain,Nurse_51,1,12.0
30,strain,Nurse_52,2,9.0
30,strain,Nurse_53,1,9.5
30,strain,Nurse_54,3,18.0
30,strain,Nurse_55,5,27.0
30,strain,Nurse_56,1,12.5
30,strain,Nurse_57,1,10.5
30,strain,Nurse_58,2,12.5
30,strain,Nurse_59,1,16.5
30,strain,Nurse_60,0,8.0
30,strain,Nurse_61,2,15.5
30,strain,Nurse_62,2,17.5
30,strain,Nurse_63,1,10.5
30,strain,Nurse_64,0,8.5
30,strain,Nurse_65,0,7.0
30,strain,Nurse_66,1,13.5
30,strain,Nurse_67,0,8.0
30,strain,Nurse_68,1,13.5
30,strain,Nurse_69,0,8.5
30,strain,Nurse_70,2,12.0
31,baseline,Nurse_01,1,13.0
31,baseline,Nurse_02,4,19.0
31,baseline,Nurse_03,0,6.0
31,baseline,Nurse_04,4,18.5
31,baseline,Nurse_05,5,23.5
31,baseline,Nurse_06,4,16.5
31,baseline,Nurse_07,3,14.5
31,baseline,Nurse_08,5,15.0
31,baseline,Nurse_09,1,9.5
31,baseline,Nurse_10,2,15.0
31,baseline,Nurse_11,3,18.5
31,baseline,Nurse_12,0,5.5
31,baseline,Nurse_13,3,19.0
31,baseline,Nurse_14,1,8.0
31,baseline,Nurse_15,5,16.5
31,baseline,Nurse_16,4,19.0
31,baseline,Nurse_17,5,23.5
31,baseline,Nurse_18,1,13.5
31,baseline,Nurse_19,3,18.5
31,baseline,Nurse_20,5,21.5
31,baseline,Nurse_21,1,6.0
31,baseline,Nurse_22,3,14.5
31,baseline,Nurse_23,1,10.0
31,baseline,Nurse_24,1,8.5
31,baseline,Nurse_25,2,9.0
31,baseline,Nurse_26,1,3.0
31,baseline,Nurse_27,3,15.5
31,baseline,Nurse_28,0,3.0
31,baseline,Nurse_29,2,13.0
31,baseline,Nurse_30,2,14.0
31,baseline,Nurse_31,2,12.5
31,baseline,Nurse_32,5,23.5
31,baseline,Nurse_33,6,23.0
31,baseline,Nurse_34,4,17.0
31,baseline,Nurse_35,4,20.5
31,baseline,Nurse_36,3,16.5
31,baseline,Nurse_37,5,24.0
31,baseline,Nurse_38,1,8.0
31,baseline,Nurse_39,6,23.0
31,baseline,Nurse_40,1,4.5
31,baseline,Nurse_41,1,13.0
31,baseline,Nurse_42,5,21.5
31,baseline,Nurse_43,3,18.5
31,baseline,Nurse_44,2,12.0
31,baseline,Nurse_45,1,9.5
31,baseline,Nurse_46,3,16.5
31,baseline,Nurse_47,0,5.0
31,baseline,Nurse_48,3,15.5
31,baseline,Nurse_49,6,28.5
31,baseline,Nurse_50,2,17.5
31,baseline,Nurse_51,4,18.0
31,baseline,Nurse_52,3,19.0
31,baseline,Nurse_53,1,8.5
31,baseline,Nurse_54,4,19.5
31,baseline,Nurse_55,2,9.0
31,baseline,Nurse_56,1,6.5
31,baseline,Nurse_57,2,15.0
31,baseline,Nurse_58,5,20.5
31,baseline,Nurse_59,2,6.0
31,baseline,Nurse_60,2,13.0
31,baseline,Nurse_61,4,16.0
31,baseline,Nurse_62,2,13.0
31,baseline,Nurse_63,3,15.0
31,baseline,Nurse_64,2,12.5
31,baseline,Nurse_65,2,6.0
31,baseline,Nurse_66,1,12.5
31,baseline,Nurse_67,1,12.5
31,baseline,Nurse_68,2,13.0
31,baseline,Nurse_69,2,13.0
31,baseline,Nurse_70,3,16.0
31,strain,Nurse_01,0,11.5
31,strain,Nurse_02,1,13.0
31,strain,Nurse_03,0,7.0
31,strain,Nurse_04,3,14.5
31,strain,Nurse_05,1,13.5
31,strain,Nurse_06,2,10.5
31,strain,Nurse_07,3,13.0
31,strain,Nurse_08,4,15.0
31,strain,Nurse_09,0,13.0
31,strain,Nurse_10,2,13.5
31,strain,Nurse_11,1,16.5
31,strain,Nurse_12,0,5.0
31,strain,Nurse_13,1,14.5
31,strain,Nurse_14,1,11.5
31,strain,Nurse_15,4,12.0
31,strain,Nurse_16,2,16.0
31,strain,Nurse_17,4,21.0
31,strain,Nurse_18,1,11.0
31,strain,Nurse_19,1,13.0
31,strain,Nurse_20,3,18.0
31,strain,Nurse_21,1,6.0
31,strain,Nurse_22,3,13.0
31,strain,Nurse_23,0,5.5
31,strain,Nurse_24,1,7.0
31,strain,Nurse_25,2,7.5
31,strain,Nurse_26,1,6.0
31,strain,Nurse_27,0,10.0
31,strain,Nurse_28,0,4.0
31,strain,Nurse_29,2,14.5
31,strain,Nurse_30,0,4.0
31,strain,Nurse_31,2,13.5
31,strain,Nurse_32,2,15.0
31,strain,Nurse_33,2,15.5
31,strain,Nurse_34,2,12.0
31,strain,Nurse_35,1,12.5
31,strain,Nurse_36,1,12.0
31,strain,Nurse_37,2,18.5
31,strain,Nurse_38,1,10.5
31,strain,Nurse_39,2,18.0
31,strain,Nurse_40,0,4.5
31,strain,Nurse_41,1,13.0
31,strain,Nurse_42,3,15.5
31,strain,Nurse_43,2,14.5
31,strain,Nurse_44,2,12.0
31,strain,Nurse_45,0,6.5
31,strain,Nurse_46,3,15.0
31,strain,Nurse_47,0,6.5
31,strain,Nurse_48,3,14.0
31,strain,Nurse_49,5,23.0
31,strain,Nurse_50,0,12.5
31,strain,Nurse_51,2,10.5
31,strain,Nurse_52,2,17.5
31,strain,Nurse_53,1,9.5
31,strain,Nurse_54,3,18.0
31,strain,Nurse_55,1,9.0
31,strain,Nurse_56,1,9.0
31,strain,Nurse_57,1,12.5
31,strain,Nurse_58,3,18.0
31,strain,Nurse_59,2,7.5
31,strain,Nurse_60,1,13.0
31,strain,Nurse_61,3,20.0
31,strain,Nurse_62,0,7.5
31,strain,Nurse_63,2,16.0
31,strain,Nurse_64,2,11.5
31,strain,Nurse_65,1,6.0
31,strain,Nurse_66,1,10.0
31,strain,Nurse_67,1,11.0
31,strain,Nurse_68,2,15.5
31,strain,Nurse_69,2,15.5
31,strain,Nurse_70,1,14.0
32,baseline,Nurse_01,4,17.0
32,baseline,Nurse_02,2,17.0
32,baseline,Nurse_03,1,14.5
32,baseline,Nurse_04,2,7.5
32,baseline,Nurse_05,4,18.5
32,baseline,Nurse_06,0,6.0
32,baseline,Nurse_07,2,12.0
32,baseline,Nurse_08,3,18.5
32,baseline,Nurse_09,3,20.0
32,baseline,Nurse_10,5,23.5
32,baseline,Nurse_11,4,16.5
32,baseline,Nurse_12,5,24.5
32,baseline,Nurse_13,2,13.0
32,baseline,Nurse_14,0,9.5
32,baseline,Nurse_15,1,7.0
32,baseline,Nurse_16,4,18.5
32,baseline,Nurse_17,2,10.5
32,baseline,Nurse_18,2,18.0
32,baseline,Nurse_19,4,13.5
32,baseline,Nurse_20,0,1.5
32,baseline,Nurse_21,4,23.5
32,baseline,Nurse_22,0,6.0
32,baseline,Nurse_23,4,21.5
32,baseline,Nurse_24,1,7.5
32,baseline,Nurse_25,1,6.5
32,baseline,Nurse_26,0,12.5
32,baseline,Nurse_27,6,26.5
32,baseline,Nurse_28,3,11.0
32,baseline,Nurse_29,3,17.5
32,baseline,Nurse_30,4,19.5
32,baseline,Nurse_31,3,13.0
32,baseline,Nurse_32,3,15.0
32,baseline,Nurse_33,3,17.5
32,baseline,Nurse_34,3,17.0
32,baseline,Nurse_35,1,9.5
32,baseline,Nurse_36,4,24.0
32,baseline,Nurse_37,0,0.0
32,baseline,Nurse_38,3,12.0
32,baseline,Nurse_39,4,18.5
32,baseline,Nurse_40,0,3.0
32,baseline,Nurse_41,1,14.5
32,baseline,Nurse_42,2,12.0
32,baseline,Nurse_43,4,22.0
32,baseline,Nurse_44,3,17.0
32,baseline,Nurse_45,4,16.0
32,baseline,Nurse_46,4,17.5
32,baseline,Nurse_47,1,9.0
32,baseline,Nurse_48,4,12.0
32,baseline,Nurse_49,0,5.5
32,baseline,Nurse_50,1,11.0
32,baseline,Nurse_51,2,15.0
32,baseline,Nurse_52,1,9.5
32,baseline,Nurse_53,2,14.0
32,baseline,Nurse_54,0,4.0
32,baseline,Nurse_55,4,12.0
32,baseline,Nurse_56,3,16.5
32,baseline,Nurse_57,1,17.5
32,baseline,Nurse_58,5,20.0
32,baseline,Nurse_59,2,10.0
32,baseline,Nurse_60,1,4.5
32,baseline,Nurse_61,3,14.5
32,baseline,Nurse_62,5,23.0
32,baseline,Nurse_63,5,20.0
32,baseline,Nurse_64,4,22.0
32,baseline,Nurse_65,3,17.0
32,baseline,Nurse_66,0,3.5
32,baseline,Nurse_67,6,25.0
32,baseline,Nurse_68,2,14.0
32,baseline,Nurse_69,4,15.0
32,baseline,Nurse_70,3,14.0
32,strain,Nurse_01,3,15.0
32,strain,Nurse_02,1,12.0
32,strain,Nurse_03,0,9.0
32,strain,Nurse_04,2,7.5
32,strain,Nurse_05,3,17.0
32,strain,Nurse_06,0,8.5
32,strain,Nurse_07,1,10.5
32,strain,Nurse_08,2,13.0
32,strain,Nurse_09,2,15.5
32,strain,Nurse_10,4,18.5
32,strain,Nurse_11,3,12.0
32,strain,Nurse_12,3,20.5
32,strain,Nurse_13,2,13.0
32,strain,Nurse_14,0,9.0
32,strain,Nurse_15,0,9.5
32,strain,Nurse_16,3,17.0
32,strain,Nurse_17,0,10.0
32,strain,Nurse_18,1,12.5
32,strain,Nurse_19,3,10.5
32,strain,Nurse_20,0,1.5
32,strain,Nurse_21,3,19.5
32,strain,Nurse_22,0,7.5
32,strain,Nurse_23,1,18.5
32,strain,Nurse_24,1,9.0
32,strain,Nurse_25,1,5.0
32,strain,Nurse_26,0,14.85
32,strain,Nurse_27,4,19.5
32,strain,Nurse_28,2,9.5
32,strain,Nurse_29,1,14.0
32,strain,Nurse_30,2,17.0
32,strain,Nurse_31,2,13.0
32,strain,Nurse_32,2,12.5
32,strain,Nurse_33,2,15.5
32,strain,Nurse_34,2,14.0
32,strain,Nurse_35,0,5.5
32,strain,Nurse_36,4,27.5
32,strain,Nurse_37,0,1.5
32,strain,Nurse_38,2,10.5
32,strain,Nurse_39,1,13.5
32,strain,Nurse_40,0,4.5
32,strain,Nurse_41,1,16.0
32,strain,Nurse_42,2,12.0
32,strain,Nurse_43,2,16.5
32,strain,Nurse_44,3,16.0
32,strain,Nurse_45,3,15.5
32,strain,Nurse_46,4,17.5
32,strain,Nurse_47,1,9.0
32,strain,Nurse_48,4,12.0
32,strain,Nurse_49,0,6.5
32,strain,Nurse_50,1,13.0
32,strain,Nurse_51,2,12.5
32,strain,Nurse_52,0,7.0
32,strain,Nurse_53,2,13.5
32,strain,Nurse_54,0,5.5
32,strain,Nurse_55,3,12.0
32,strain,Nurse_56,2,16.5
32,strain,Nurse_57,0,13.5
32,strain,Nurse_58,4,21.0
32,strain,Nurse_59,2,10.0
32,strain,Nurse_60,1,4.5
32,strain,Nurse_61,2,13.0
32,strain,Nurse_62,0,14.5
32,strain,Nurse_63,1,13.5
32,strain,Nurse_64,3,15.0
32,strain,Nurse_65,1,12.0
32,strain,Nurse_66,0,3.5
32,strain,Nurse_67,4,20.5
32,strain,Nurse_68,1,11.0
32,strain,Nurse_69,3,16.0
32,strain,Nurse_70,2,13.5
33,baseline,Nurse_01,3,19.5
33,baseline,Nurse_02,1,10.0
33,baseline,Nurse_03,0,6.0
33,baseline,Nurse_04,4,22.0
33,baseline,Nurse_05,0,8.0
33,baseline,Nurse_06,1,11.5
33,baseline,Nurse_07,0,7.5
33,baseline,Nurse_08,2,7.5
33,baseline,Nurse_09,2,7.0
33,baseline,Nurse_10,1,10.5
33,baseline,Nurse_11,4,17.5
33,baseline,Nurse_12,4,17.0
33,baseline,Nurse_13,3,12.0
33,baseline,Nurse_14,5,15.0
33,baseline,Nurse_15,4,21.0
33,baseline,Nurse_16,0,4.5
33,baseline,Nurse_17,0,6.5
33,baseline,Nurse_18,3,18.5
33,baseline,Nurse_19,3,15.5
33,baseline,Nurse_20,6,21.0
33,baseline,Nurse_21,3,10.5
33,baseline,Nurse_22,5,20.0
33,baseline,Nurse_23,3,18.0
33,baseline,Nurse_24,2,10.0
33,baseline,Nurse_25,2,18.5
33,baseline,Nurse_26,4,19.5
33,baseline,Nurse_27,4,19.5
33,baseline,Nurse_28,2,14.5
33,baseline,Nurse_29,5,22.0
33,baseline,Nurse_30,0,5.5
33,baseline,Nurse_31,0,1.5
33,baseline,Nurse_32,2,7.5
33,baseline,Nurse_33,5,22.0
33,baseline,Nurse_34,4,22.5
33,baseline,Nurse_35,3,15.5
33,baseline,Nurse_36,3,21.0
33,baseline,Nurse_37,4,20.0
33,baseline,Nurse_38,3,13.0
33,baseline,Nurse_39,4,19.0
33,baseline,Nurse_40,2,12.5
33,baseline,Nurse_41,4,19.5
33,baseline,Nurse_42,2,16.5
33,baseline,Nurse_43,1,10.0
33,baseline,Nurse_44,1,4.5
33,baseline,Nurse_45,3,12.0
33,baseline,Nurse_46,1,7.0
33,baseline,Nurse_47,1,10.5
33,baseline,Nurse_48,0,6.5
33,baseline,Nurse_49,3,16.5
33,baseline,Nurse_50,5,23.5
33,baseline,Nurse_51,3,16.0
33,baseline,Nurse_52,2,9.5
33,baseline,Nurse_53,0,11.5
33,baseline,Nurse_54,5,21.5
33,baseline,Nurse_55,6,22.0
33,baseline,Nurse_56,3,15.5
33,baseline,Nurse_57,2,15.5
33,baseline,Nurse_58,2,16.5
33,baseline,Nurse_59,5,21.5
33,baseline,Nurse_60,0,7.5
33,baseline,Nurse_61,0,0.0
33,baseline,Nurse_62,1,11.5
33,baseline,Nurse_63,2,15.0
33,baseline,Nurse_64,1,8.0
33,baseline,Nurse_65,5,21.0
33,baseline,Nurse_66,3,16.0
33,baseline,Nurse_67,3,17.0
33,baseline,Nurse_68,0,8.0
33,baseline,Nurse_69,2,17.0
33,baseline,Nurse_70,4,17.5
33,strain,Nurse_01,2,17.5
33,strain,Nurse_02,1,11.0
33,strain,Nurse_03,0,8.5
33,strain,Nurse_04,3,19.0
33,strain,Nurse_05,0,8.0
33,strain,Nurse_06,1,9.0
33,strain,Nurse_07,1,9.0
33,strain,Nurse_08,2,7.5
33,strain,Nurse_09,2,6.0
33,strain,Nurse_10,0,7.5
33,strain,Nurse_11,3,16.0
33,strain,Nurse_12,4,18.0
33,strain,Nurse_13,2,10.5
33,strain,Nurse_14,5,18.0
33,strain,Nurse_15,3,11.0
33,strain,Nurse_16,0,5.5
33,strain,Nurse_17,0,7.0
33,strain,Nurse_18,1,16.5
33,strain,Nurse_19,3,17.0
33,strain,Nurse_20,2,15.5
33,strain,Nurse_21,2,6.0
33,strain,Nurse_22,4,18.5
33,strain,Nurse_23,2,13.0
33,strain,Nurse_24,1,12.5
33,strain,Nurse_25,0,12.0
33,strain,Nurse_26,2,15.0
33,strain,Nurse_27,2,16.5
33,strain,Nurse_28,0,10.5
33,strain,Nurse_29,4,19.5
33,strain,Nurse_30,0,6.0
33,strain,Nurse_31,1,6.0
33,strain,Nurse_32,2,7.5
33,strain,Nurse_33,3,22.0
33,strain,Nurse_34,3,21.0
33,strain,Nurse_35,2,12.5
33,strain,Nurse_36,1,14.0
33,strain,Nurse_37,2,12.5
33,strain,Nurse_38,3,12.0
33,strain,Nurse_39,3,17.5
33,strain,Nurse_40,1,12.5
33,strain,Nurse_41,1,14.0
33,strain,Nurse_42,2,15.0
33,strain,Nurse_43,1,10.5
33,strain,Nurse_44,1,9.0
33,strain,Nurse_45,2,9.0
33,strain,Nurse_46,0,6.5
33,strain,Nurse_47,0,9.0
33,strain,Nurse_48,0,10.5
33,strain,Nurse_49,1,13.5
33,strain,Nurse_50,1,12.0
33,strain,Nurse_51,2,14.5
33,strain,Nurse_52,2,9.5
33,strain,Nurse_53,0,9.0
33,strain,Nurse_54,3,16.0
33,strain,Nurse_55,5,21.5
33,strain,Nurse_56,3,15.5
33,strain,Nurse_57,1,11.5
33,strain,Nurse_58,2,15.0
33,strain,Nurse_59,2,18.0
33,strain,Nurse_60,0,7.5
33,strain,Nurse_61,1,4.5
33,strain,Nurse_62,1,10.0
33,strain,Nurse_63,1,12.0
33,strain,Nurse_64,1,10.5
33,strain,Nurse_65,3,18.0
33,strain,Nurse_66,3,14.5
33,strain,Nurse_67,2,15.5
33,strain,Nurse_68,1,11.0
33,strain,Nurse_69,1,14.0
33,strain,Nurse_70,2,14.5
34,baseline,Nurse_01,4,18.5
34,baseline,Nurse_02,0,5.5
34,baseline,Nurse_03,4,22.5
34,baseline,Nurse_04,4,19.0
34,baseline,Nurse_05,3,11.0
34,baseline,Nurse_06,0,4.0
34,baseline,Nurse_07,0,0.0
34,baseline,Nurse_08,2,9.0
34,baseline,Nurse_09,5,21.5
34,baseline,Nurse_10,1,18.5
34,baseline,Nurse_11,1,11.0
34,baseline,Nurse_12,0,4.0
34,baseline,Nurse_13,1,15.0
34,baseline,Nurse_14,5,15.0
34,baseline,Nurse_15,1,15.0
34,baseline,Nurse_16,1,12.0
34,baseline,Nurse_17,0,4.0
34,baseline,Nurse_18,3,17.0
34,baseline,Nurse_19,1,10.5
34,baseline,Nurse_20,2,10.5
34,baseline,Nurse_21,2,17.0
34,baseline,Nurse_22,2,13.5
34,baseline,Nurse_23,0,8.0
34,baseline,Nurse_24,4,19.5
34,baseline,Nurse_25,2,14.0
34,baseline,Nurse_26,3,17.5
34,baseline,Nurse_27,3,11.0
34,baseline,Nurse_28,1,10.0
34,baseline,Nurse_29,4,22.0
34,baseline,Nurse_30,4,20.0
34,baseline,Nurse_31,4,17.5
34,baseline,Nurse_32,5,21.0
34,baseline,Nurse_33,3,16.5
34,baseline,Nurse_34,3,13.0
34,baseline,Nurse_35,1,9.5
34,baseline,Nurse_36,2,11.0
34,baseline,Nurse_37,2,13.0
34,baseline,Nurse_38,2,6.0
34,baseline,Nurse_39,1,12.5
34,baseline,Nurse_40,1,7.5
34,baseline,Nurse_41,2,16.0
34,baseline,Nurse_42,4,22.0
34,baseline,Nurse_43,3,15.0
34,baseline,Nurse_44,3,17.0
34,baseline,Nurse_45,4,12.0
34,baseline,Nurse_46,4,15.0
34,baseline,Nurse_47,1,6.0
34,baseline,Nurse_48,4,19.0
34,baseline,Nurse_49,2,13.0
34,baseline,Nurse_50,6,24.0
34,baseline,Nurse_51,1,12.5
34,baseline,Nurse_52,5,24.5
34,baseline,Nurse_53,3,18.5
34,baseline,Nurse_54,4,13.5
34,baseline,Nurse_55,4,22.5
34,baseline,Nurse_56,4,17.5
34,baseline,Nurse_57,4,19.0
34,baseline,Nurse_58,4,12.0
34,baseline,Nurse_59,4,18.0
34,baseline,Nurse_60,0,3.0
34,baseline,Nurse_61,2,11.0
34,baseline,Nurse_62,4,19.0
34,baseline,Nurse_63,3,17.5
34,baseline,Nurse_64,4,20.5
34,baseline,Nurse_65,2,8.0
34,baseline,Nurse_66,4,13.5
34,baseline,Nurse_67,4,23.5
34,baseline,Nurse_68,3,17.5
34,baseline,Nurse_69,6,29.0
34,baseline,Nurse_70,2,10.5
34,strain,Nurse_01,3,17.0
34,strain,Nurse_02,0,9.5
34,strain,Nurse_03,4,21.5
34,strain,Nurse_04,3,17.5
34,strain,Nurse_05,3,12.5
34,strain,Nurse_06,0,5.5
34,strain,Nurse_07,0,3.0
34,strain,Nurse_08,2,10.5
34,strain,Nurse_09,3,18.0
34,strain,Nurse_10,0,14.5
34,strain,Nurse_11,0,8.0
34,strain,Nurse_12,0,9.0
34,strain,Nurse_13,1,12.5
34,strain,Nurse_14,5,15.0
34,strain,Nurse_15,0,13.5
34,strain,Nurse_16,0,9.0
34,strain,Nurse_17,0,6.5
34,strain,Nurse_18,2,12.5
34,strain,Nurse_19,0,7.5
34,strain,Nurse_20,2,12.0
34,strain,Nurse_21,2,14.5
34,strain,Nurse_22,1,13.5
34,strain,Nurse_23,0,5.5
34,strain,Nurse_24,1,10.5
34,strain,Nurse_25,2,12.5
34,strain,Nurse_26,2,16.0
34,strain,Nurse_27,3,12.5
34,strain,Nurse_28,1,10.0
34,strain,Nurse_29,3,19.0
34,strain,Nurse_30,2,16.0
34,strain,Nurse_31,2,14.0
34,strain,Nurse_32,3,20.5
34,strain,Nurse_33,1,13.5
34,strain,Nurse_34,3,14.5
34,strain,Nurse_35,1,8.0
34,strain,Nurse_36,2,11.0
34,strain,Nurse_37,1,10.5
34,strain,Nurse_38,2,6.0
34,strain,Nurse_39,0,6.5
34,strain,Nurse_40,0,5.5
34,strain,Nurse_41,1,12.0
34,strain,Nurse_42,3,19.5
34,strain,Nurse_43,2,12.0
34,strain,Nurse_44,2,10.5
34,strain,Nurse_45,3,10.5
34,strain,Nurse_46,3,13.5
34,strain,Nurse_47,1,6.0
34,strain,Nurse_48,4,19.0
34,strain,Nurse_49,2,14.5
34,strain,Nurse_50,3,19.5
34,strain,Nurse_51,0,9.5
34,strain,Nurse_52,1,18.0
34,strain,Nurse_53,2,18.0
34,strain,Nurse_54,4,13.5
34,strain,Nurse_55,2,17.0
34,strain,Nurse_56,1,11.5
34,strain,Nurse_57,4,19.0
34,strain,Nurse_58,3,9.0
34,strain,Nurse_59,3,16.5
34,strain,Nurse_60,0,7.0
34,strain,Nurse_61,2,11.0
34,strain,Nurse_62,2,16.5
34,strain,Nurse_63,3,18.5
34,strain,Nurse_64,2,14.5
34,strain,Nurse_65,2,9.0
34,strain,Nurse_66,4,15.0
34,strain,Nurse_67,3,21.5
34,strain,Nurse_68,3,15.5
34,strain,Nurse_69,1,20.0
34,strain,Nurse_70,2,12.0
35,baseline,Nurse_01,4,21.0
35,baseline,Nurse_02,4,18.5
35,baseline,Nurse_03,1,10.5
35,baseline,Nurse_04,1,12.0
35,baseline,Nurse_05,0,1.5
35,baseline,Nurse_06,2,14.5
35,baseline,Nurse_07,3,20.0
35,baseline,Nurse_08,2,9.0
35,baseline,Nurse_09,3,14.0
35,baseline,Nurse_10,1,12.0
35,baseline,Nurse_11,0,8.0
35,baseline,Nurse_12,4,21.0
35,baseline,Nurse_13,1,11.0
35,baseline,Nurse_14,4,22.5
35,baseline,Nurse_15,4,17.0
35,baseline,Nurse_16,4,19.5
35,baseline,Nurse_17,4,17.0
35,baseline,Nurse_18,3,18.0
35,baseline,Nurse_19,0,3.0
35,baseline,Nurse_20,4,17.5
35,baseline,Nurse_21,5,16.5
35,baseline,Nurse_22,3,13.5
35,baseline,Nurse_23,1,10.0
35,baseline,Nurse_24,4,16.0
35,baseline,Nurse_25,1,4.5
35,baseline,Nurse_26,5,21.0
35,baseline,Nurse_27,0,5.5
35,baseline,Nurse_28,0,0.0
35,baseline,Nurse_29,4,17.0
35,baseline,Nurse_30,2,14.0
35,baseline,Nurse_31,1,10.5
35,baseline,Nurse_32,1,10.5
35,baseline,Nurse_33,4,16.5
35,baseline,Nurse_34,1,11.5
35,baseline,Nurse_35,3,14.0
35,baseline,Nurse_36,0,0.0
35,baseline,Nurse_37,2,11.0
35,baseline,Nurse_38,4,16.0
35,baseline,Nurse_39,3,10.5
35,baseline,Nurse_40,3,10.5
35,baseline,Nurse_41,4,24.5
35,baseline,Nurse_42,1,12.5
35,baseline,Nurse_43,4,16.5
35,baseline,Nurse_44,4,22.5
35,baseline,Nurse_45,3,22.0
35,baseline,Nurse_46,0,6.0
35,baseline,Nurse_47,0,9.5
35,baseline,Nurse_48,4,18.5
35,baseline,Nurse_49,0,11.5
35,baseline,Nurse_50,0,11.0
35,baseline,Nurse_51,3,13.0
35,baseline,Nurse_52,4,20.0
35,baseline,Nurse_53,1,11.5
35,baseline,Nurse_54,5,22.5
35,baseline,Nurse_55,4,20.5
35,baseline,Nurse_56,4,19.5
35,baseline,Nurse_57,5,22.0
35,baseline,Nurse_58,1,12.0
35,baseline,Nurse_59,4,18.0
35,baseline,Nurse_60,6,26.5
35,baseline,Nurse_61,3,20.0
35,baseline,Nurse_62,0,9.0
35,baseline,Nurse_63,4,19.5
35,baseline,Nurse_64,2,6.0
35,baseline,Nurse_65,3,14.5
35,baseline,Nurse_66,2,10.0
35,baseline,Nurse_67,2,11.5
35,baseline,Nurse_68,3,13.5
35,baseline,Nurse_69,4,20.5
35,baseline,Nurse_70,1,11.0
35,strain,Nurse_01,3,19.0
35,strain,Nurse_02,3,16.0
35,strain,Nurse_03,0,12.5
35,strain,Nurse_04,0,10.5
35,strain,Nurse_05,0,1.5
35,strain,Nurse_06,2,12.5
35,strain,Nurse_07,2,15.5
35,strain,Nurse_08,1,7.5
35,strain,Nurse_09,2,13.5
35,strain,Nurse_10,0,10.5
35,strain,Nurse_11,0,8.5
35,strain,Nurse_12,2,14.0
35,strain,Nurse_13,1,11.0
35,strain,Nurse_14,3,18.0
35,strain,Nurse_15,2,14.0
35,strain,Nurse_16,3,20.0
35,strain,Nurse_17,4,15.5
35,strain,Nurse_18,1,10.0
35,strain,Nurse_19,0,4.5
35,strain,Nurse_20,2,16.0
35,strain,Nurse_21,4,12.0
35,strain,Nurse_22,2,10.5
35,strain,Nurse_23,0,4.5
35,strain,Nurse_24,3,16.5
35,strain,Nurse_25,1,7.5
35,strain,Nurse_26,3,16.5
35,strain,Nurse_27,0,8.0
35,strain,Nurse_28,0,3.0
35,strain,Nurse_29,1,12.5
35,strain,Nurse_30,2,15.5
35,strain,Nurse_31,0,7.5
35,strain,Nurse_32,0,8.5
35,strain,Nurse_33,3,15.0
35,strain,Nurse_34,0,11.0
35,strain,Nurse_35,1,10.0
35,strain,Nurse_36,0,3.0
35,strain,Nurse_37,1,14.5
35,strain,Nurse_38,1,12.5
35,strain,Nurse_39,3,9.0
35,strain,Nurse_40,2,9.0
35,strain,Nurse_41,1,17.5
35,strain,Nurse_42,1,12.5
35,strain,Nurse_43,3,12.5
35,strain,Nurse_44,2,17.0
35,strain,Nurse_45,2,13.5
35,strain,Nurse_46,0,10.0
35,strain,Nurse_47,0,10.5
35,strain,Nurse_48,4,16.0
35,strain,Nurse_49,0,9.5
35,strain,Nurse_50,0,8.5
35,strain,Nurse_51,3,13.0
35,strain,Nurse_52,1,14.5
35,strain,Nurse_53,0,9.5
35,strain,Nurse_54,3,17.5
35,strain,Nurse_55,3,22.0
35,strain,Nurse_56,3,15.0
35,strain,Nurse_57,1,14.0
35,strain,Nurse_58,0,10.5
35,strain,Nurse_59,4,18.0
35,strain,Nurse_60,3,18.0
35,strain,Nurse_61,1,17.0
35,strain,Nurse_62,0,11.5
35,strain,Nurse_63,0,14.0
35,strain,Nurse_64,1,6.0
35,strain,Nurse_65,3,13.0
35,strain,Nurse_66,2,10.0
35,strain,Nurse_67,2,11.5
35,strain,Nurse_68,2,14.5
35,strain,Nurse_69,3,15.0
35,strain,Nurse_70,1,12.5
36,baseline,Nurse_01,3,14.0
36,baseline,Nurse_02,4,19.5
36,baseline,Nurse_03,0,6.0
36,baseline,Nurse_04,1,14.5
36,baseline,Nurse_05,3,15.0
36,baseline,Nurse_06,3,16.0
36,baseline,Nurse_07,3,13.0
36,baseline,Nurse_08,0,8.5
36,baseline,Nurse_09,2,19.0
36,baseline,Nurse_10,1,3.0
36,baseline,Nurse_11,4,22.0
36,baseline,Nurse_12,3,12.0
36,baseline,Nurse_13,0,3.5
36,baseline,Nurse_14,2,18.0
36,baseline,Nurse_15,1,6.5
36,baseline,Nurse_16,3,12.0
36,baseline,Nurse_17,4,16.5
36,baseline,Nurse_18,1,6.0
36,baseline,Nurse_19,3,20.5
36,baseline,Nurse_20,2,17.0
36,baseline,Nurse_21,0,8.0
36,baseline,Nurse_22,1,12.0
36,baseline,Nurse_23,3,21.0
36,baseline,Nurse_24,3,14.0
36,baseline,Nurse_25,2,6.0
36,baseline,Nurse_26,5,23.5
36,baseline,Nurse_27,4,16.5
36,baseline,Nurse_28,3,14.5
36,baseline,Nurse_29,4,19.0
36,baseline,Nurse_30,7,29.0
36,baseline,Nurse_31,0,0.0
36,baseline,Nurse_32,2,15.0
36,baseline,Nurse_33,0,5.0
36,baseline,Nurse_34,1,3.0
36,baseline,Nurse_35,2,10.0
36,baseline,Nurse_36,3,19.0
36,baseline,Nurse_37,1,12.0
36,baseline,Nurse_38,2,15.0
36,baseline,Nurse_39,1,8.5
36,baseline,Nurse_40,3,18.5
36,baseline,Nurse_41,5,24.0
36,baseline,Nurse_42,3,17.0
36,baseline,Nurse_43,2,12.5
36,baseline,Nurse_44,0,3.5
36,baseline,Nurse_45,2,7.5
36,baseline,Nurse_46,4,17.0
36,baseline,Nurse_47,4,19.5
36,baseline,Nurse_48,3,15.5
36,baseline,Nurse_49,0,9.0
36,baseline,Nurse_50,5,20.0
36,baseline,Nurse_51,2,13.5
36,baseline,Nurse_52,5,17.5
36,baseline,Nurse_53,4,19.5
36,baseline,Nurse_54,1,16.0
36,baseline,Nurse_55,0,4.5
36,baseline,Nurse_56,5,17.0
36,baseline,Nurse_57,2,12.5
36,baseline,Nurse_58,5,19.0
36,baseline,Nurse_59,2,7.5
36,baseline,Nurse_60,2,20.5
36,baseline,Nurse_61,6,25.0
36,baseline,Nurse_62,5,19.5
36,baseline,Nurse_63,1,15.0
36,baseline,Nurse_64,3,16.5
36,baseline,Nurse_65,2,13.5
36,baseline,Nurse_66,0,9.0
36,baseline,Nurse_67,2,9.0
36,baseline,Nurse_68,5,16.5
36,baseline,Nurse_69,2,16.5
36,baseline,Nurse_70,3,14.5
36,strain,Nurse_01,2,12.5
36,strain,Nurse_02,1,16.0
36,strain,Nurse_03,0,7.0
36,strain,Nurse_04,0,8.0
36,strain,Nurse_05,2,13.0
36,strain,Nurse_06,1,9.0
36,strain,Nurse_07,3,13.0
36,strain,Nurse_08,0,8.5
36,strain,Nurse_09,1,12.0
36,strain,Nurse_10,1,6.0
36,strain,Nurse_11,2,17.0
36,strain,Nurse_12,3,9.0
36,strain,Nurse_13,0,7.0
36,strain,Nurse_14,1,13.5
36,strain,Nurse_15,1,8.0
36,strain,Nurse_16,2,10.5
36,strain,Nurse_17,4,15.0
36,strain,Nurse_18,1,8.0
36,strain,Nurse_19,3,15.5
36,strain,Nurse_20,1,14.0
36,strain,Nurse_21,0,10.0
36,strain,Nurse_22,1,13.0
36,strain,Nurse_23,1,17.5
36,strain,Nurse_24,1,10.5
36,strain,Nurse_25,0,3.0
36,strain,Nurse_26,3,16.5
36,strain,Nurse_27,2,13.0
36,strain,Nurse_28,2,11.5
36,strain,Nurse_29,3,19.0
36,strain,Nurse_30,4,20.5
36,strain,Nurse_31,0,1.5
36,strain,Nurse_32,1,10.5
36,strain,Nurse_33,0,6.5
36,strain,Nurse_34,1,7.5
36,strain,Nurse_35,1,10.0
36,strain,Nurse_36,2,14.5
36,strain,Nurse_37,0,11.5
36,strain,Nurse_38,1,11.5
36,strain,Nurse_39,1,8.5
36,strain,Nurse_40,1,15.5
36,strain,Nurse_41,4,20.0
36,strain,Nurse_42,2,15.0
36,strain,Nurse_43,0,8.0
36,strain,Nurse_44,1,9.5
36,strain,Nurse_45,1,9.0
36,strain,Nurse_46,4,18.5
36,strain,Nurse_47,2,12.5
36,strain,Nurse_48,3,15.5
36,strain,Nurse_49,0,7.5
36,strain,Nurse_50,1,14.5
36,strain,Nurse_51,1,13.5
36,strain,Nurse_52,3,13.0
36,strain,Nurse_53,3,16.5
36,strain,Nurse_54,0,11.5
36,strain,Nurse_55,0,8.5
36,strain,Nurse_56,2,11.0
36,strain,Nurse_57,2,9.5
36,strain,Nurse_58,2,13.5
36,strain,Nurse_59,1,9.0
36,strain,Nurse_60,0,14.5
36,strain,Nurse_61,2,17.0
36,strain,Nurse_62,2,17.5
36,strain,Nurse_63,1,12.5
36,strain,Nurse_64,2,13.5
36,strain,Nurse_65,0,11.5
36,strain,Nurse_66,0,13.0
36,strain,Nurse_67,2,10.5
36,strain,Nurse_68,3,12.0
36,strain,Nurse_69,1,12.5
36,strain,Nurse_70,3,15.5
37,baseline,Nurse_01,1,11.5
37,baseline,Nurse_02,2,15.5
37,baseline,Nurse_03,4,23.0
37,baseline,Nurse_04,0,6.0
37,baseline,Nurse_05,2,7.5
37,baseline,Nurse_06,2,18.5
37,baseline,Nurse_07,1,12.0
37,baseline,Nurse_08,5,20.0
37,baseline,Nurse_09,3,9.0
37,baseline,Nurse_10,3,19.5
37,baseline,Nurse_11,3,16.5
37,baseline,Nurse_12,2,11.5
37,baseline,Nurse_13,4,15.0
37,baseline,Nurse_14,1,6.5
37,baseline,Nurse_15,2,13.5
37,baseline,Nurse_16,3,18.0
37,baseline,Nurse_17,5,20.0
37,baseline,Nurse_18,1,11.0
37,baseline,Nurse_19,3,14.0
37,baseline,Nurse_20,4,20.0
37,baseline,Nurse_21,1,8.5
37,baseline,Nurse_22,0,2.0
37,baseline,Nurse_23,4,13.5
37,baseline,Nurse_24,2,12.0
37,baseline,Nurse_25,0,3.0
37,baseline,Nurse_26,5,22.5
37,baseline,Nurse_27,3,16.5
37,baseline,Nurse_28,5,20.0
37,baseline,Nurse_29,1,11.5
37,baseline,Nurse_30,2,12.0
37,baseline,Nurse_31,0,7.5
37,baseline,Nurse_32,3,21.5
37,baseline,Nurse_33,2,9.0
37,baseline,Nurse_34,1,6.0
37,baseline,Nurse_35,4,21.0
37,baseline,Nurse_36,3,16.5
37,baseline,Nurse_37,1,12.5
37,baseline,Nurse_38,2,17.0
37,baseline,Nurse_39,2,7.5
37,baseline,Nurse_40,1,11.0
37,baseline,Nurse_41,2,14.0
37,baseline,Nurse_42,2,7.5
37,baseline,Nurse_43,1,4.5
37,baseline,Nurse_44,1,6.0
37,baseline,Nurse_45,6,27.5
37,baseline,Nurse_46,2,17.5
37,baseline,Nurse_47,1,11.5
37,baseline,Nurse_48,4,21.5
37,baseline,Nurse_49,3,19.5
37,baseline,Nurse_50,1,7.0
37,baseline,Nurse_51,1,12.0
37,baseline,Nurse_52,6,27.5
37,baseline,Nurse_53,5,20.5
37,baseline,Nurse_54,3,10.5
37,baseline,Nurse_55,0,8.0
37,baseline,Nurse_56,3,17.0
37,baseline,Nurse_57,5,19.5
37,baseline,Nurse_58,1,8.0
37,baseline,Nurse_59,0,5.0
37,baseline,Nurse_60,0,8.5
37,baseline,Nurse_61,3,9.0
37,baseline,Nurse_62,4,15.0
37,baseline,Nurse_63,1,11.0
37,baseline,Nurse_64,4,16.5
37,baseline,Nurse_65,4,20.5
37,baseline,Nurse_66,0,9.5
37,baseline,Nurse_67,0,7.0
37,baseline,Nurse_68,4,21.0
37,baseline,Nurse_69,2,11.0
37,baseline,Nurse_70,1,8.5
37,strain,Nurse_01,1,11.5
37,strain,Nurse_02,1,12.5
37,strain,Nurse_03,2,20.0
37,strain,Nurse_04,0,7.0
37,strain,Nurse_05,2,6.0
37,strain,Nurse_06,1,12.5
37,strain,Nurse_07,0,10.0
37,strain,Nurse_08,3,18.0
37,strain,Nurse_09,3,9.0
37,strain,Nurse_10,1,16.5
37,strain,Nurse_11,0,10.5
37,strain,Nurse_12,1,9.0
37,strain,Nurse_13,2,12.0
37,strain,Nurse_14,1,6.5
37,strain,Nurse_15,2,12.5
37,strain,Nurse_16,1,11.5
37,strain,Nurse_17,2,16.0
37,strain,Nurse_18,1,11.0
37,strain,Nurse_19,2,17.5
37,strain,Nurse_20,2,12.5
37,strain,Nurse_21,1,7.5
37,strain,Nurse_22,0,2.0
37,strain,Nurse_23,3,12.0
37,strain,Nurse_24,2,15.0
37,strain,Nurse_25,0,9.5
37,strain,Nurse_26,3,20.0
37,strain,Nurse_27,2,12.5
37,strain,Nurse_28,4,18.5
37,strain,Nurse_29,1,9.0
37,strain,Nurse_30,2,13.5
37,strain,Nurse_31,0,6.5
37,strain,Nurse_32,1,18.0
37,strain,Nurse_33,2,10.5
37,strain,Nurse_34,1,10.0
37,strain,Nurse_35,3,18.0
37,strain,Nurse_36,1,11.0
37,strain,Nurse_37,1,11.5
37,strain,Nurse_38,0,9.5
37,strain,Nurse_39,1,3.0
37,strain,Nurse_40,1,7.5
37,strain,Nurse_41,2,14.0
37,strain,Nurse_42,2,7.5
37,strain,Nurse_43,1,6.0
37,strain,Nurse_44,1,7.5
37,strain,Nurse_45,4,21.5
37,strain,Nurse_46,2,15.0
37,strain,Nurse_47,1,13.0
37,strain,Nurse_48,3,17.0
37,strain,Nurse_49,1,14.0
37,strain,Nurse_50,0,6.5
37,strain,Nurse_51,0,9.5
37,strain,Nurse_52,3,21.5
37,strain,Nurse_53,4,17.5
37,strain,Nurse_54,3,10.5
37,strain,Nurse_55,0,7.0
37,strain,Nurse_56,2,12.5
37,strain,Nurse_57,2,15.0
37,strain,Nurse_58,1,6.5
37,strain,Nurse_59,0,11.5
37,strain,Nurse_60,0,7.0
37,strain,Nurse_61,2,10.5
37,strain,Nurse_62,3,10.5
37,strain,Nurse_63,1,12.5
37,strain,Nurse_64,3,14.5
37,strain,Nurse_65,1,15.5
37,strain,Nurse_66,0,10.5
37,strain,Nurse_67,0,13.5
37,strain,Nurse_68,1,18.0
37,strain,Nurse_69,2,11.0
37,strain,Nurse_70,1,9.5
38,baseline,Nurse_01,2,14.5
38,baseline,Nurse_02,3,17.0
38,baseline,Nurse_03,0,5.5
38,baseline,Nurse_04,0,1.5
38,baseline,Nurse_05,0,1.5
38,baseline,Nurse_06,1,9.5
38,baseline,Nurse_07,0,4.5
38,baseline,Nurse_08,4,18.0
38,baseline,Nurse_09,5,18.0
38,baseline,Nurse_10,4,17.0
38,baseline,Nurse_11,3,16.5
38,baseline,Nurse_12,5,20.0
38,baseline,Nurse_13,1,9.5
38,baseline,Nurse_14,0,7.0
38,baseline,Nurse_15,0,7.0
38,baseline,Nurse_16,5,21.0
38,baseline,Nurse_17,6,27.0
38,baseline,Nurse_18,2,16.0
38,baseline,Nurse_19,4,20.5
38,baseline,Nurse_20,1,4.5
38,baseline,Nurse_21,1,13.0
38,baseline,Nurse_22,0,7.0
38,baseline,Nurse_23,3,21.5
38,baseline,Nurse_24,2,15.5
38,baseline,Nurse_25,3,17.5
38,baseline,Nurse_26,5,20.0
38,baseline,Nurse_27,2,11.0
38,baseline,Nurse_28,0,6.0
38,baseline,Nurse_29,5,22.5
38,baseline,Nurse_30,2,8.0
38,baseline,Nurse_31,3,16.0
38,baseline,Nurse_32,2,13.0
38,baseline,Nurse_33,4,20.5
38,baseline,Nurse_34,2,7.5
38,baseline,Nurse_35,1,14.0
38,baseline,Nurse_36,4,20.0
38,baseline,Nurse_37,0,7.0
38,baseline,Nurse_38,2,14.5
38,baseline,Nurse_39,3,16.5
38,baseline,Nurse_40,1,10.5
38,baseline,Nurse_41,3,16.5
38,baseline,Nurse_42,6,21.0
38,baseline,Nurse_43,6,23.5
38,baseline,Nurse_44,0,11.5
38,baseline,Nurse_45,2,7.5
38,baseline,Nurse_46,4,18.5
38,baseline,Nurse_47,2,19.0
38,baseline,Nurse_48,0,10.5
38,baseline,Nurse_49,4,16.0
38,baseline,Nurse_50,4,18.0
38,baseline,Nurse_51,5,21.0
38,baseline,Nurse_52,3,10.5
38,baseline,Nurse_53,5,20.5
38,baseline,Nurse_54,2,10.5
38,baseline,Nurse_55,0,1.5
38,baseline,Nurse_56,4,20.5
38,baseline,Nurse_57,3,16.5
38,baseline,Nurse_58,5,19.0
38,baseline,Nurse_59,4,16.5
38,baseline,Nurse_60,4,18.5
38,baseline,Nurse_61,1,11.0
38,baseline,Nurse_62,2,7.5
38,baseline,Nurse_63,4,18.5
38,baseline,Nurse_64,1,15.5
38,baseline,Nurse_65,1,11.0
38,baseline,Nurse_66,3,15.5
38,baseline,Nurse_67,3,17.5
38,baseline,Nurse_68,2,6.0
38,baseline,Nurse_69,1,8.0
38,baseline,Nurse_70,0,7.0
38,strain,Nurse_01,1,13.0
38,strain,Nurse_02,1,15.5
38,strain,Nurse_03,0,5.5
38,strain,Nurse_04,0,1.5
38,strain,Nurse_05,0,3.0
38,strain,Nurse_06,0,9.0
38,strain,Nurse_07,0,4.5
38,strain,Nurse_08,2,16.0
38,strain,Nurse_09,3,15.0
38,strain,Nurse_10,1,12.5
38,strain,Nurse_11,1,13.5
38,strain,Nurse_12,4,19.5
38,strain,Nurse_13,0,5.0
38,strain,Nurse_14,0,8.0
38,strain,Nurse_15,0,7.0
38,strain,Nurse_16,3,18.0
38,strain,Nurse_17,3,17.5
38,strain,Nurse_18,2,15.0
38,strain,Nurse_19,2,14.0
38,strain,Nurse_20,1,4.5
38,strain,Nurse_21,1,10.0
38,strain,Nurse_22,0,8.5
38,strain,Nurse_23,2,20.0
38,strain,Nurse_24,1,11.5
38,strain,Nurse_25,2,12.0
38,strain,Nurse_26,5,21.5
38,strain,Nurse_27,1,9.5
38,strain,Nurse_28,0,6.0
38,strain,Nurse_29,4,20.5
38,strain,Nurse_30,1,6.5
38,strain,Nurse_31,3,19.0
38,strain,Nurse_32,2,12.0
38,strain,Nurse_33,4,19.0
38,strain,Nurse_34,2,7.5
38,strain,Nurse_35,0,12.5
38,strain,Nurse_36,0,12.5
38,strain,Nurse_37,0,9.5
38,strain,Nurse_38,2,13.0
38,strain,Nurse_39,2,16.5
38,strain,Nurse_40,1,10.5
38,strain,Nurse_41,2,15.0
38,strain,Nurse_42,5,19.5
38,strain,Nurse_43,2,14.5
38,strain,Nurse_44,0,10.5
38,strain,Nurse_45,1,6.0
38,strain,Nurse_46,2,14.5
38,strain,Nurse_47,2,15.0
38,strain,Nurse_48,0,10.5
38,strain,Nurse_49,3,16.0
38,strain,Nurse_50,3,16.5
38,strain,Nurse_51,4,19.0
38,strain,Nurse_52,3,10.5
38,strain,Nurse_53,3,15.0
38,strain,Nurse_54,2,10.5
38,strain,Nurse_55,0,4.5
38,strain,Nurse_56,3,16.0
38,strain,Nurse_57,1,14.5
38,strain,Nurse_58,1,9.0
38,strain,Nurse_59,4,16.5
38,strain,Nurse_60,2,14.5
38,strain,Nurse_61,1,13.0
38,strain,Nurse_62,2,6.0
38,strain,Nurse_63,2,13.5
38,strain,Nurse_64,0,10.5
38,strain,Nurse_65,1,8.5
38,strain,Nurse_66,3,15.5
38,strain,Nurse_67,3,15.0
38,strain,Nurse_68,2,7.5
38,strain,Nurse_69,1,9.5
38,strain,Nurse_70,0,9.5
39,baseline,Nurse_01,4,16.5
39,baseline,Nurse_02,5,21.5
39,baseline,Nurse_03,4,12.0
39,baseline,Nurse_04,3,18.0
39,baseline,Nurse_05,4,18.0
39,baseline,Nurse_06,3,16.5
39,baseline,Nurse_07,4,21.5
39,baseline,Nurse_08,3,15.5
39,baseline,Nurse_09,0,0.0
39,baseline,Nurse_10,1,15.0
39,baseline,Nurse_11,0,5.0
39,baseline,Nurse_12,1,11.0
39,baseline,Nurse_13,2,16.0
39,baseline,Nurse_14,3,11.5
39,baseline,Nurse_15,3,12.5
39,baseline,Nurse_16,4,17.0
39,baseline,Nurse_17,4,16.0
39,baseline,Nurse_18,0,6.0
39,baseline,Nurse_19,2,19.0
39,baseline,Nurse_20,5,19.5
39,baseline,Nurse_21,0,7.0
39,baseline,Nurse_22,4,18.5
39,baseline,Nurse_23,1,7.5
39,baseline,Nurse_24,2,16.5
39,baseline,Nurse_25,4,18.5
39,baseline,Nurse_26,1,6.0
39,baseline,Nurse_27,4,15.0
39,baseline,Nurse_28,2,15.0
39,baseline,Nurse_29,0,3.0
39,baseline,Nurse_30,2,17.0
39,baseline,Nurse_31,0,1.5
39,baseline,Nurse_32,0,0.0
39,baseline,Nurse_33,4,21.0
39,baseline,Nurse_34,0,6.5
39,baseline,Nurse_35,5,15.0
39,baseline,Nurse_36,4,16.0
39,baseline,Nurse_37,1,12.0
39,baseline,Nurse_38,1,13.5
39,baseline,Nurse_39,3,19.5
39,baseline,Nurse_40,2,9.0
39,baseline,Nurse_41,1,8.0
39,baseline,Nurse_42,3,14.5
39,baseline,Nurse_43,3,18.0
39,baseline,Nurse_44,5,23.0
39,baseline,Nurse_45,2,15.5
39,baseline,Nurse_46,0,5.5
39,baseline,Nurse_47,3,11.5
39,baseline,Nurse_48,4,18.0
39,baseline,Nurse_49,2,16.0
39,baseline,Nurse_50,3,20.5
39,baseline,Nurse_51,6,26.5
39,baseline,Nurse_52,2,9.0
39,baseline,Nurse_53,6,24.0
39,baseline,Nurse_54,5,21.0
39,baseline,Nurse_55,4,24.5
39,baseline,Nurse_56,2,11.5
39,baseline,Nurse_57,7,29.0
39,baseline,Nurse_58,5,24.5
39,baseline,Nurse_59,4,21.0
39,baseline,Nurse_60,4,18.0
39,baseline,Nurse_61,4,23.0
39,baseline,Nurse_62,2,13.0
39,baseline,Nurse_63,4,18.0
39,baseline,Nurse_64,3,9.0
39,baseline,Nurse_65,2,15.5
39,baseline,Nurse_66,0,7.0
39,baseline,Nurse_67,6,23.0
39,baseline,Nurse_68,0,5.0
39,baseline,Nurse_69,1,10.5
39,baseline,Nurse_70,1,12.5
39,strain,Nurse_01,3,13.5
39,strain,Nurse_02,3,14.5
39,strain,Nurse_03,4,15.0
39,strain,Nurse_04,3,15.0
39,strain,Nurse_05,2,14.0
39,strain,Nurse_06,3,13.0
39,strain,Nurse_07,3,19.0
39,strain,Nurse_08,3,15.5
39,strain,Nurse_09,0,3.0
39,strain,Nurse_10,1,17.5
39,strain,Nurse_11,0,7.5
39,strain,Nurse_12,0,6.5
39,strain,Nurse_13,2,14.5
39,strain,Nurse_14,3,11.5
39,strain,Nurse_15,3,11.0
39,strain,Nurse_16,2,15.0
39,strain,Nurse_17,4,16.0
39,strain,Nurse_18,0,10.0
39,strain,Nurse_19,2,16.0
39,strain,Nurse_20,4,16.5
39,strain,Nurse_21,0,10.0
39,strain,Nurse_22,2,14.5
39,strain,Nurse_23,1,7.5
39,strain,Nurse_24,1,11.0
39,strain,Nurse_25,3,15.5
39,strain,Nurse_26,1,7.5
39,strain,Nurse_27,3,13.5
39,strain,Nurse_28,1,12.0
39,strain,Nurse_29,0,7.0
39,strain,Nurse_30,1,11.0
39,strain,Nurse_31,0,1.5
39,strain,Nurse_32,0,3.0
39,strain,Nurse_33,0,13.5
39,strain,Nurse_34,0,10.0
39,strain,Nurse_35,5,15.0
39,strain,Nurse_36,2,14.5
39,strain,Nurse_37,0,14.0
39,strain,Nurse_38,0,9.0
39,strain,Nurse_39,0,10.5
39,strain,Nurse_40,2,9.0
39,strain,Nurse_41,0,9.0
39,strain,Nurse_42,1,12.0
39,strain,Nurse_43,3,16.5
39,strain,Nurse_44,2,16.5
39,strain,Nurse_45,2,13.0
39,strain,Nurse_46,0,6.5
39,strain,Nurse_47,2,13.0
39,strain,Nurse_48,2,15.0
39,strain,Nurse_49,0,11.5
39,strain,Nurse_50,1,12.5
39,strain,Nurse_51,4,23.0
39,strain,Nurse_52,2,12.0
39,strain,Nurse_53,4,22.0
39,strain,Nurse_54,4,21.0
39,strain,Nurse_55,3,19.0
39,strain,Nurse_56,0,7.0
39,strain,Nurse_57,2,18.5
39,strain,Nurse_58,3,19.5
39,strain,Nurse_59,2,18.5
39,strain,Nurse_60,3,15.5
39,strain,Nurse_61,2,16.0
39,strain,Nurse_62,0,8.0
39,strain,Nurse_63,3,16.5
39,strain,Nurse_64,3,10.5
39,strain,Nurse_65,1,15.0
39,strain,Nurse_66,0,9.0
39,strain,Nurse_67,5,20.0
39,strain,Nurse_68,0,8.0
39,strain,Nurse_69,0,9.0
39,strain,Nurse_70,0,4.0
40,baseline,Nurse_01,2,13.5
40,baseline,Nurse_02,0,7.5
40,baseline,Nurse_03,1,9.0
40,baseline,Nurse_04,3,13.0
40,baseline,Nurse_05,1,11.5
40,baseline,Nurse_06,0,8.5
40,baseline,Nurse_07,3,9.0
40,baseline,Nurse_08,2,11.5
40,baseline,Nurse_09,3,15.0
40,baseline,Nurse_10,3,9.0
40,baseline,Nurse_11,1,8.0
40,baseline,Nurse_12,5,25.0
40,baseline,Nurse_13,3,17.0
40,baseline,Nurse_14,0,5.0
40,baseline,Nurse_15,5,27.5
40,baseline,Nurse_16,5,22.0
40,baseline,Nurse_17,4,25.5
40,baseline,Nurse_18,3,18.5
40,baseline,Nurse_19,2,16.5
40,baseline,Nurse_20,3,14.0
40,baseline,Nurse_21,4,19.5
40,baseline,Nurse_22,3,14.0
40,baseline,Nurse_23,3,14.0
40,baseline,Nurse_24,2,7.5
40,baseline,Nurse_25,5,21.5
40,baseline,Nurse_26,3,16.5
40,baseline,Nurse_27,4,17.0
40,baseline,Nurse_28,2,12.5
40,baseline,Nurse_29,1,8.0
40,baseline,Nurse_30,2,11.5
40,baseline,Nurse_31,5,18.0
40,baseline,Nurse_32,4,19.0
40,baseline,Nurse_33,2,15.0
40,baseline,Nurse_34,3,21.0
40,baseline,Nurse_35,5,22.0
40,baseline,Nurse_36,4,12.0
40,baseline,Nurse_37,3,13.5
40,baseline,Nurse_38,2,18.0
40,baseline,Nurse_39,2,14.0
40,baseline,Nurse_40,4,15.5
40,baseline,Nurse_41,1,9.0
40,baseline,Nurse_42,3,9.0
40,baseline,Nurse_43,1,6.0
40,baseline,Nurse_44,6,25.0
40,baseline,Nurse_45,4,20.0
40,baseline,Nurse_46,1,12.5
40,baseline,Nurse_47,6,23.5
40,baseline,Nurse_48,2,6.0
40,baseline,Nurse_49,1,10.5
40,baseline,Nurse_50,2,9.0
40,baseline,Nurse_51,3,19.0
40,baseline,Nurse_52,2,9.0
40,baseline,Nurse_53,3,14.0
40,baseline,Nurse_54,5,22.5
40,baseline,Nurse_55,2,17.0
40,baseline,Nurse_56,1,8.5
40,baseline,Nurse_57,1,8.5
40,baseline,Nurse_58,2,12.5
40,baseline,Nurse_59,4,18.0
40,baseline,Nurse_60,0,6.0
40,baseline,Nurse_61,1,12.5
40,baseline,Nurse_62,5,23.5
40,baseline,Nurse_63,2,16.5
40,baseline,Nurse_64,3,10.5
40,baseline,Nurse_65,2,13.5
40,baseline,Nurse_66,1,13.0
40,baseline,Nurse_67,2,16.0
40,baseline,Nurse_68,0,5.5
40,baseline,Nurse_69,3,14.0
40,baseline,Nurse_70,0,7.0
40,strain,Nurse_01,2,12.0
40,strain,Nurse_02,0,7.5
40,strain,Nurse_03,0,11.5
40,strain,Nurse_04,1,13.0
40,strain,Nurse_05,1,9.0
40,strain,Nurse_06,0,7.5
40,strain,Nurse_07,2,9.0
40,strain,Nurse_08,2,11.5
40,strain,Nurse_09,3,16.5
40,strain,Nurse_10,2,10.5
40,strain,Nurse_11,1,9.5
40,strain,Nurse_12,2,19.0
40,strain,Nurse_13,0,12.5
40,strain,Nurse_14,0,3.5
40,strain,Nurse_15,4,22.5
40,strain,Nurse_16,2,15.5
40,strain,Nurse_17,3,18.0
40,strain,Nurse_18,3,17.5
40,strain,Nurse_19,0,14.0
40,strain,Nurse_20,2,12.5
40,strain,Nurse_21,2,15.0
40,strain,Nurse_22,1,11.5
40,strain,Nurse_23,3,14.0
40,strain,Nurse_24,2,7.5
40,strain,Nurse_25,4,18.5
40,strain,Nurse_26,2,13.0
40,strain,Nurse_27,2,15.5
40,strain,Nurse_28,2,12.5
40,strain,Nurse_29,1,11.0
40,strain,Nurse_30,2,12.5
40,strain,Nurse_31,1,13.0
40,strain,Nurse_32,1,14.5
40,strain,Nurse_33,1,11.5
40,strain,Nurse_34,2,16.5
40,strain,Nurse_35,3,19.5
40,strain,Nurse_36,3,10.5
40,strain,Nurse_37,1,10.0
40,strain,Nurse_38,2,15.5
40,strain,Nurse_39,1,15.0
40,strain,Nurse_40,2,14.5
40,strain,Nurse_41,0,6.0
40,strain,Nurse_42,3,10.5
40,strain,Nurse_43,1,7.5
40,strain,Nurse_44,3,19.0
40,strain,Nurse_45,3,13.0
40,strain,Nurse_46,1,7.5
40,strain,Nurse_47,5,20.5
40,strain,Nurse_48,2,7.5
40,strain,Nurse_49,1,10.0
40,strain,Nurse_50,1,8.5
40,strain,Nurse_51,1,9.5
40,strain,Nurse_52,2,12.0
40,strain,Nurse_53,2,13.0
40,strain,Nurse_54,3,17.0
40,strain,Nurse_55,2,15.5
40,strain,Nurse_56,0,4.0
40,strain,Nurse_57,0,7.5
40,strain,Nurse_58,1,11.0
40,strain,Nurse_59,3,18.5
40,strain,Nurse_60,0,8.5
40,strain,Nurse_61,1,12.5
40,strain,Nurse_62,2,16.5
40,strain,Nurse_63,0,11.5
40,strain,Nurse_64,3,12.0
40,strain,Nurse_65,2,13.5
40,strain,Nurse_66,0,8.5
40,strain,Nurse_67,2,12.0
40,strain,Nurse_68,0,9.5
40,strain,Nurse_69,3,14.0
40,strain,Nurse_70,0,10.0
41,baseline,Nurse_01,1,11.0
41,baseline,Nurse_02,0,8.5
41,baseline,Nurse_03,4,19.5
41,baseline,Nurse_04,0,9.0
41,baseline,Nurse_05,4,13.5
41,baseline,Nurse_06,6,22.5
41,baseline,Nurse_07,2,12.5
41,baseline,Nurse_08,2,13.0
41,baseline,Nurse_09,4,18.0
41,baseline,Nurse_10,2,13.5
41,baseline,Nurse_11,2,14.0
41,baseline,Nurse_12,0,6.5
41,baseline,Nurse_13,3,15.0
41,baseline,Nurse_14,3,14.5
41,baseline,Nurse_15,3,19.5
41,baseline,Nurse_16,1,7.5
41,baseline,Nurse_17,1,15.0
41,baseline,Nurse_18,5,23.0
41,baseline,Nurse_19,3,17.0
41,baseline,Nurse_20,2,12.0
41,baseline,Nurse_21,6,27.5
41,baseline,Nurse_22,3,11.0
41,baseline,Nurse_23,2,16.5
41,baseline,Nurse_24,2,14.5
41,baseline,Nurse_25,2,16.5
41,baseline,Nurse_26,3,12.0
41,baseline,Nurse_27,1,11.5
41,baseline,Nurse_28,1,9.5
41,baseline,Nurse_29,2,6.0
41,baseline,Nurse_30,5,21.0
41,baseline,Nurse_31,0,8.0
41,baseline,Nurse_32,4,14.0
41,baseline,Nurse_33,2,10.5
41,baseline,Nurse_34,1,10.5
41,baseline,Nurse_35,3,14.0
41,baseline,Nurse_36,2,17.5
41,baseline,Nurse_37,2,11.0
41,baseline,Nurse_38,3,18.0
41,baseline,Nurse_39,0,7.5
41,baseline,Nurse_40,0,0.0
41,baseline,Nurse_41,3,17.5
41,baseline,Nurse_42,3,12.0
41,baseline,Nurse_43,2,16.0
41,baseline,Nurse_44,4,21.5
41,baseline,Nurse_45,1,10.0
41,baseline,Nurse_46,0,5.5
41,baseline,Nurse_47,0,1.5
41,baseline,Nurse_48,2,9.0
41,baseline,Nurse_49,3,17.5
41,baseline,Nurse_50,5,24.0
41,baseline,Nurse_51,4,19.0
41,baseline,Nurse_52,3,16.0
41,baseline,Nurse_53,4,17.0
41,baseline,Nurse_54,3,13.0
41,baseline,Nurse_55,2,9.0
41,baseline,Nurse_56,0,7.5
41,baseline,Nurse_57,2,18.0
41,baseline,Nurse_58,0,1.5
41,baseline,Nurse_59,2,16.0
41,baseline,Nurse_60,4,19.5
41,baseline,Nurse_61,2,14.5
41,baseline,Nurse_62,2,13.0
41,baseline,Nurse_63,5,19.0
41,baseline,Nurse_64,1,10.5
41,baseline,Nurse_65,4,19.0
41,baseline,Nurse_66,5,15.0
41,baseline,Nurse_67,0,5.5
41,baseline,Nurse_68,2,10.5
41,baseline,Nurse_69,0,12.0
41,baseline,Nurse_70,0,9.0
41,strain,Nurse_01,1,11.0
41,strain,Nurse_02,0,11.0
41,strain,Nurse_03,1,14.0
41,strain,Nurse_04,0,7.5
41,strain,Nurse_05,3,10.5
41,strain,Nurse_06,4,20.5
41,strain,Nurse_07,1,11.0
41,strain,Nurse_08,0,6.0
41,strain,Nurse_09,3,16.5
41,strain,Nurse_10,2,16.5
41,strain,Nurse_11,1,12.0
41,strain,Nurse_12,0,5.5
41,strain,Nurse_13,2,13.5
41,strain,Nurse_14,1,6.0
41,strain,Nurse_15,2,15.5
41,strain,Nurse_16,1,9.0
41,strain,Nurse_17,1,10.5
41,strain,Nurse_18,5,23.5
41,strain,Nurse_19,1,12.0
41,strain,Nurse_20,1,9.5
41,strain,Nurse_21,2,20.5
41,strain,Nurse_22,2,9.5
41,strain,Nurse_23,1,11.5
41,strain,Nurse_24,1,12.5
41,strain,Nurse_25,2,14.0
41,strain,Nurse_26,2,10.5
41,strain,Nurse_27,0,11.0
41,strain,Nurse_28,0,8.5
41,strain,Nurse_29,2,6.0
41,strain,Nurse_30,4,15.5
41,strain,Nurse_31,0,9.0
41,strain,Nurse_32,3,12.5
41,strain,Nurse_33,1,7.5
41,strain,Nurse_34,1,12.0
41,strain,Nurse_35,1,10.0
41,strain,Nurse_36,0,15.0
41,strain,Nurse_37,1,10.5
41,strain,Nurse_38,0,14.5
41,strain,Nurse_39,0,8.5
41,strain,Nurse_40,0,0.0
41,strain,Nurse_41,2,14.5
41,strain,Nurse_42,3,12.0
41,strain,Nurse_43,2,15.5
41,strain,Nurse_44,3,17.5
41,strain,Nurse_45,1,11.5
41,strain,Nurse_46,0,5.5
41,strain,Nurse_47,0,4.5
41,strain,Nurse_48,1,4.5
41,strain,Nurse_49,2,16.0
41,strain,Nurse_50,2,16.0
41,strain,Nurse_51,3,14.5
41,strain,Nurse_52,3,17.5
41,strain,Nurse_53,3,19.5
41,strain,Nurse_54,2,12.5
41,strain,Nurse_55,1,8.5
41,strain,Nurse_56,0,6.0
41,strain,Nurse_57,0,10.5
41,strain,Nurse_58,0,4.5
41,strain,Nurse_59,2,12.0
41,strain,Nurse_60,3,16.5
41,strain,Nurse_61,0,12.5
41,strain,Nurse_62,1,8.5
41,strain,Nurse_63,3,16.0
41,strain,Nurse_64,1,13.5
41,strain,Nurse_65,1,12.5
41,strain,Nurse_66,4,13.5
41,strain,Nurse_67,0,7.0
41,strain,Nurse_68,1,10.0
41,strain,Nurse_69,0,15.0
41,strain,Nurse_70,0,9.0
42,baseline,Nurse_01,4,19.0
42,baseline,Nurse_02,3,14.0
42,baseline,Nurse_03,1,12.0
42,baseline,Nurse_04,1,12.0
42,baseline,Nurse_05,3,15.5
42,baseline,Nurse_06,0,5.0
42,baseline,Nurse_07,1,11.0
42,baseline,Nurse_08,5,23.5
42,baseline,Nurse_09,1,7.0
42,baseline,Nurse_10,2,12.0
42,baseline,Nurse_11,3,13.5
42,baseline,Nurse_12,0,6.0
42,baseline,Nurse_13,0,6.5
42,baseline,Nurse_14,1,10.5
42,baseline,Nurse_15,0,10.5
42,baseline,Nurse_16,5,22.0
42,baseline,Nurse_17,3,15.5
42,baseline,Nurse_18,3,16.0
42,baseline,Nurse_19,0,9.5
42,baseline,Nurse_20,0,7.5
42,baseline,Nurse_21,1,7.5
42,baseline,Nurse_22,1,12.5
42,baseline,Nurse_23,0,7.5
42,baseline,Nurse_24,0,6.0
42,baseline,Nurse_25,2,14.5
42,baseline,Nurse_26,4,19.5
42,baseline,Nurse_27,5,21.0
42,baseline,Nurse_28,3,17.5
42,baseline,Nurse_29,3,10.5
42,baseline,Nurse_30,2,13.0
42,baseline,Nurse_31,2,13.0
42,baseline,Nurse_32,0,5.5
42,baseline,Nurse_33,1,3.0
42,baseline,Nurse_34,1,6.0
42,baseline,Nurse_35,2,7.5
42,baseline,Nurse_36,3,18.0
42,baseline,Nurse_37,4,16.0
42,baseline,Nurse_38,1,13.5
42,baseline,Nurse_39,0,11.5
42,baseline,Nurse_40,3,15.0
42,baseline,Nurse_41,4,17.0
42,baseline,Nurse_42,3,20.0
42,baseline,Nurse_43,2,14.5
42,baseline,Nurse_44,3,15.0
42,baseline,Nurse_45,1,4.5
42,baseline,Nurse_46,0,10.0
42,baseline,Nurse_47,0,5.5
42,baseline,Nurse_48,3,13.0
42,baseline,Nurse_49,4,13.5
42,baseline,Nurse_50,3,16.0
42,baseline,Nurse_51,3,18.5
42,baseline,Nurse_52,2,10.0
42,baseline,Nurse_53,3,21.0
42,baseline,Nurse_54,1,9.5
42,baseline,Nurse_55,3,18.0
42,baseline,Nurse_56,0,6.5
42,baseline,Nurse_57,2,10.0
42,baseline,Nurse_58,6,18.0
42,baseline,Nurse_59,4,20.0
42,baseline,Nurse_60,3,14.0
42,baseline,Nurse_61,4,18.5
42,baseline,Nurse_62,3,10.5
42,baseline,Nurse_63,5,21.5
42,baseline,Nurse_64,3,17.0
42,baseline,Nurse_65,2,12.5
42,baseline,Nurse_66,2,10.0
42,baseline,Nurse_67,4,12.0
42,baseline,Nurse_68,2,16.5
42,baseline,Nurse_69,4,18.0
42,baseline,Nurse_70,3,18.0
42,strain,Nurse_01,2,12.0
42,strain,Nurse_02,2,16.0
42,strain,Nurse_03,1,12.0
42,strain,Nurse_04,1,18.5
42,strain,Nurse_05,1,11.0
42,strain,Nurse_06,0,6.5
42,strain,Nurse_07,1,8.0
42,strain,Nurse_08,3,18.0
42,strain,Nurse_09,0,5.5
42,strain,Nurse_10,1,13.0
42,strain,Nurse_11,2,9.0
42,strain,Nurse_12,0,9.0
42,strain,Nurse_13,0,6.5
42,strain,Nurse_14,1,9.5
42,strain,Nurse_15,0,9.5
42,strain,Nurse_16,3,18.5
42,strain,Nurse_17,3,15.0
42,strain,Nurse_18,1,11.5
42,strain,Nurse_19,0,8.5
42,strain,Nurse_20,0,7.5
42,strain,Nurse_21,1,8.0
42,strain,Nurse_22,0,9.5
42,strain,Nurse_23,0,10.0
42,strain,Nurse_24,0,6.0
42,strain,Nurse_25,2,14.5
42,strain,Nurse_26,3,18.0
42,strain,Nurse_27,1,12.0
42,strain,Nurse_28,2,17.0
42,strain,Nurse_29,2,7.5
42,strain,Nurse_30,2,14.5
42,strain,Nurse_31,1,11.5
42,strain,Nurse_32,0,6.0
42,strain,Nurse_33,1,4.5
42,strain,Nurse_34,1,7.5
42,strain,Nurse_35,2,9.0
42,strain,Nurse_36,3,16.5
42,strain,Nurse_37,2,14.0
42,strain,Nurse_38,1,13.0
42,strain,Nurse_39,0,11.5
42,strain,Nurse_40,1,11.0
42,strain,Nurse_41,3,15.5
42,strain,Nurse_42,2,16.0
42,strain,Nurse_43,1,10.5
42,strain,Nurse_44,3,12.0
42,strain,Nurse_45,1,4.5
42,strain,Nurse_46,0,10.0
42,strain,Nurse_47,1,8.5
42,strain,Nurse_48,3,13.0
42,strain,Nurse_49,4,15.0
42,strain,Nurse_50,3,16.0
42,strain,Nurse_51,2,15.5
42,strain,Nurse_52,1,9.5
42,strain,Nurse_53,1,15.0
42,strain,Nurse_54,1,15.0
42,strain,Nurse_55,3,16.5
42,strain,Nurse_56,0,5.5
42,strain,Nurse_57,2,11.5
42,strain,Nurse_58,3,12.0
42,strain,Nurse_59,3,18.0
42,strain,Nurse_60,3,14.0
42,strain,Nurse_61,2,12.5
42,strain,Nurse_62,2,12.0
42,strain,Nurse_63,2,14.5
42,strain,Nurse_64,2,16.5
42,strain,Nurse_65,2,13.0
42,strain,Nurse_66,2,10.0
42,strain,Nurse_67,4,12.0
42,strain,Nurse_68,0,9.0
42,strain,Nurse_69,1,12.5
42,strain,Nurse_70,2,12.5
43,baseline,Nurse_01,2,10.5
43,baseline,Nurse_02,4,19.5
43,baseline,Nurse_03,1,10.5
43,baseline,Nurse_04,2,14.0
43,baseline,Nurse_05,1,9.5
43,baseline,Nurse_06,3,13.0
43,baseline,Nurse_07,0,4.0
43,baseline,Nurse_08,4,20.0
43,baseline,Nurse_09,6,25.0
43,baseline,Nurse_10,5,25.0
43,baseline,Nurse_11,0,5.0
43,baseline,Nurse_12,2,14.5
43,baseline,Nurse_13,2,10.5
43,baseline,Nurse_14,4,19.5
43,baseline,Nurse_15,4,16.5
43,baseline,Nurse_16,4,13.5
43,baseline,Nurse_17,1,12.0
43,baseline,Nurse_18,1,12.5
43,baseline,Nurse_19,1,8.5
43,baseline,Nurse_20,3,12.5
43,baseline,Nurse_21,4,17.5
43,baseline,Nurse_22,2,15.5
43,baseline,Nurse_23,4,18.0
43,baseline,Nurse_24,2,11.0
43,baseline,Nurse_25,0,7.0
43,baseline,Nurse_26,0,0.0
43,baseline,Nurse_27,4,19.5
43,baseline,Nurse_28,2,15.0
43,baseline,Nurse_29,5,24.0
43,baseline,Nurse_30,1,12.0
43,baseline,Nurse_31,5,23.0
43,baseline,Nurse_32,3,15.5
43,baseline,Nurse_33,2,7.5
43,baseline,Nurse_34,1,7.0
43,baseline,Nurse_35,5,20.5
43,baseline,Nurse_36,1,10.5
43,baseline,Nurse_37,3,13.0
43,baseline,Nurse_38,2,12.0
43,baseline,Nurse_39,1,8.0
43,baseline,Nurse_40,2,13.5
43,baseline,Nurse_41,3,17.5
43,baseline,Nurse_42,3,16.5
43,baseline,Nurse_43,3,10.5
43,baseline,Nurse_44,4,15.0
43,baseline,Nurse_45,2,15.0
43,baseline,Nurse_46,3,14.0
43,baseline,Nurse_47,2,22.5
43,baseline,Nurse_48,2,13.5
43,baseline,Nurse_49,4,18.0
43,baseline,Nurse_50,1,8.0
43,baseline,Nurse_51,1,14.0
43,baseline,Nurse_52,3,16.5
43,baseline,Nurse_53,1,13.0
43,baseline,Nurse_54,2,18.5
43,baseline,Nurse_55,3,19.5
43,baseline,Nurse_56,0,8.0
43,baseline,Nurse_57,3,17.0
43,baseline,Nurse_58,4,13.5
43,baseline,Nurse_59,4,18.5
43,baseline,Nurse_60,1,12.0
43,baseline,Nurse_61,0,7.0
43,baseline,Nurse_62,3,9.0
43,baseline,Nurse_63,5,15.0
43,baseline,Nurse_64,4,20.5
43,baseline,Nurse_65,1,7.5
43,baseline,Nurse_66,3,18.0
43,baseline,Nurse_67,3,18.5
43,baseline,Nurse_68,0,4.5
43,baseline,Nurse_69,3,16.5
43,baseline,Nurse_70,2,11.5
43,strain,Nurse_01,1,8.0
43,strain,Nurse_02,2,14.0
43,strain,Nurse_03,0,6.5
43,strain,Nurse_04,0,7.0
43,strain,Nurse_05,0,6.5
43,strain,Nurse_06,3,17.0
43,strain,Nurse_07,0,5.5
43,strain,Nurse_08,4,20.0
43,strain,Nurse_09,3,16.5
43,strain,Nurse_10,3,18.5
43,strain,Nurse_11,0,6.5
43,strain,Nurse_12,2,14.5
43,strain,Nurse_13,2,9.0
43,strain,Nurse_14,2,16.0
43,strain,Nurse_15,4,13.5
43,strain,Nurse_16,4,13.5
43,strain,Nurse_17,1,14.0
43,strain,Nurse_18,0,12.0
43,strain,Nurse_19,0,12.0
43,strain,Nurse_20,3,11.0
43,strain,Nurse_21,1,10.5
43,strain,Nurse_22,2,15.5
43,strain,Nurse_23,2,14.5
43,strain,Nurse_24,2,12.5
43,strain,Nurse_25,0,9.5
43,strain,Nurse_26,1,6.0
43,strain,Nurse_27,2,13.0
43,strain,Nurse_28,1,17.0
43,strain,Nurse_29,0,14.0
43,strain,Nurse_30,1,13.0
43,strain,Nurse_31,4,21.5
43,strain,Nurse_32,2,15.0
43,strain,Nurse_33,2,6.0
43,strain,Nurse_34,1,8.5
43,strain,Nurse_35,3,16.5
43,strain,Nurse_36,1,10.5
43,strain,Nurse_37,2,11.5
43,strain,Nurse_38,1,10.5
43,strain,Nurse_39,1,8.0
43,strain,Nurse_40,1,12.0
43,strain,Nurse_41,2,14.5
43,strain,Nurse_42,2,17.5
43,strain,Nurse_43,2,9.0
43,strain,Nurse_44,2,10.5
43,strain,Nurse_45,1,13.5
43,strain,Nurse_46,2,13.5
43,strain,Nurse_47,1,13.0
43,strain,Nurse_48,2,14.0
43,strain,Nurse_49,1,12.0
43,strain,Nurse_50,1,7.5
43,strain,Nurse_51,0,7.5
43,strain,Nurse_52,3,15.0
43,strain,Nurse_53,0,13.5
43,strain,Nurse_54,2,20.5
43,strain,Nurse_55,2,15.5
43,strain,Nurse_56,0,7.5
43,strain,Nurse_57,1,15.0
43,strain,Nurse_58,4,12.0
43,strain,Nurse_59,1,11.5
43,strain,Nurse_60,0,11.0
43,strain,Nurse_61,0,9.0
43,strain,Nurse_62,3,12.0
43,strain,Nurse_63,3,12.0
43,strain,Nurse_64,3,16.5
43,strain,Nurse_65,0,7.5
43,strain,Nurse_66,1,14.5
43,strain,Nurse_67,2,14.5
43,strain,Nurse_68,0,7.5
43,strain,Nurse_69,2,15.0
43,strain,Nurse_70,2,11.5
44,baseline,Nurse_01,5,22.0
44,baseline,Nurse_02,0,5.5
44,baseline,Nurse_03,2,13.0
44,baseline,Nurse_04,2,19.5
44,baseline,Nurse_05,3,14.0
44,baseline,Nurse_06,1,7.5
44,baseline,Nurse_07,4,22.0
44,baseline,Nurse_08,4,22.0
44,baseline,Nurse_09,0,4.5
44,baseline,Nurse_10,3,20.5
44,baseline,Nurse_11,2,13.5
44,baseline,Nurse_12,2,14.0
44,baseline,Nurse_13,1,6.0
44,baseline,Nurse_14,3,21.5
44,baseline,Nurse_15,2,14.5
44,baseline,Nurse_16,4,16.0
44,baseline,Nurse_17,2,15.0
44,baseline,Nurse_18,3,17.5
44,baseline,Nurse_19,2,13.5
44,baseline,Nurse_20,4,18.5
44,baseline,Nurse_21,1,7.5
44,baseline,Nurse_22,1,13.0
44,baseline,Nurse_23,2,6.0
44,baseline,Nurse_24,5,24.0
44,baseline,Nurse_25,4,20.0
44,baseline,Nurse_26,3,18.5
44,baseline,Nurse_27,1,3.0
44,baseline,Nurse_28,5,22.5
44,baseline,Nurse_29,5,23.0
44,baseline,Nurse_30,2,10.0
44,baseline,Nurse_31,3,10.5
44,baseline,Nurse_32,3,16.5
44,baseline,Nurse_33,1,6.0
44,baseline,Nurse_34,3,12.0
44,baseline,Nurse_35,3,12.5
44,baseline,Nurse_36,1,9.5
44,baseline,Nurse_37,0,7.5
44,baseline,Nurse_38,2,11.5
44,baseline,Nurse_39,4,13.5
44,baseline,Nurse_40,5,25.5
44,baseline,Nurse_41,3,20.0
44,baseline,Nurse_42,3,14.5
44,baseline,Nurse_43,3,13.5
44,baseline,Nurse_44,3,19.5
44,baseline,Nurse_45,5,27.0
44,baseline,Nurse_46,0,9.0
44,baseline,Nurse_47,2,14.5
44,baseline,Nurse_48,4,13.5
44,baseline,Nurse_49,2,7.5
44,baseline,Nurse_50,0,4.5
44,baseline,Nurse_51,0,1.5
44,baseline,Nurse_52,1,13.0
44,baseline,Nurse_53,2,7.5
44,baseline,Nurse_54,0,9.0
44,baseline,Nurse_55,5,22.0
44,baseline,Nurse_56,2,15.5
44,baseline,Nurse_57,1,5.0
44,baseline,Nurse_58,4,20.5
44,baseline,Nurse_59,5,21.0
44,baseline,Nurse_60,4,19.5
44,baseline,Nurse_61,4,23.0
44,baseline,Nurse_62,3,14.0
44,baseline,Nurse_63,2,12.0
44,baseline,Nurse_64,4,19.0
44,baseline,Nurse_65,0,8.5
44,baseline,Nurse_66,5,23.0
44,baseline,Nurse_67,2,12.0
44,baseline,Nurse_68,3,13.0
44,baseline,Nurse_69,0,6.5
44,baseline,Nurse_70,0,4.5
44,strain,Nurse_01,4,19.0
44,strain,Nurse_02,0,5.5
44,strain,Nurse_03,2,11.5
44,strain,Nurse_04,1,14.5
44,strain,Nurse_05,2,12.5
44,strain,Nurse_06,0,7.5
44,strain,Nurse_07,3,16.0
44,strain,Nurse_08,1,17.0
44,strain,Nurse_09,0,8.0
44,strain,Nurse_10,2,17.5
44,strain,Nurse_11,2,15.0
44,strain,Nurse_12,1,12.5
44,strain,Nurse_13,0,6.0
44,strain,Nurse_14,3,16.5
44,strain,Nurse_15,1,14.5
44,strain,Nurse_16,3,16.0
44,strain,Nurse_17,2,14.5
44,strain,Nurse_18,2,16.0
44,strain,Nurse_19,1,11.5
44,strain,Nurse_20,2,12.5
44,strain,Nurse_21,1,7.0
44,strain,Nurse_22,0,14.5
44,strain,Nurse_23,2,6.0
44,strain,Nurse_24,3,20.0
44,strain,Nurse_25,2,14.0
44,strain,Nurse_26,2,15.5
44,strain,Nurse_27,1,7.5
44,strain,Nurse_28,3,17.0
44,strain,Nurse_29,3,19.0
44,strain,Nurse_30,2,14.0
44,strain,Nurse_31,1,7.5
44,strain,Nurse_32,1,16.0
44,strain,Nurse_33,0,6.0
44,strain,Nurse_34,2,9.0
44,strain,Nurse_35,3,12.5
44,strain,Nurse_36,1,9.5
44,strain,Nurse_37,0,10.5
44,strain,Nurse_38,2,13.5
44,strain,Nurse_39,4,15.0
44,strain,Nurse_40,2,20.5
44,strain,Nurse_41,1,13.0
44,strain,Nurse_42,3,14.5
44,strain,Nurse_43,3,12.0
44,strain,Nurse_44,0,12.0
44,strain,Nurse_45,4,21.5
44,strain,Nurse_46,0,6.5
44,strain,Nurse_47,0,8.5
44,strain,Nurse_48,3,12.0
44,strain,Nurse_49,2,9.0
44,strain,Nurse_50,0,4.5
44,strain,Nurse_51,0,4.5
44,strain,Nurse_52,1,13.0
44,strain,Nurse_53,1,6.0
44,strain,Nurse_54,0,5.0
44,strain,Nurse_55,3,16.5
44,strain,Nurse_56,1,12.5
44,strain,Nurse_57,0,8.0
44,strain,Nurse_58,2,17.0
44,strain,Nurse_59,3,16.5
44,strain,Nurse_60,1,13.5
44,strain,Nurse_61,2,18.0
44,strain,Nurse_62,3,15.5
44,strain,Nurse_63,2,12.0
44,strain,Nurse_64,3,13.5
44,strain,Nurse_65,0,8.5
44,strain,Nurse_66,3,16.5
44,strain,Nurse_67,2,12.0
44,strain,Nurse_68,2,11.5
44,strain,Nurse_69,0,8.0
44,strain,Nurse_70,0,9.5
45,baseline,Nurse_01,3,12.0
45,baseline,Nurse_02,2,6.0
45,baseline,Nurse_03,2,16.0
45,baseline,Nurse_04,3,14.5
45,baseline,Nurse_05,4,17.0
45,baseline,Nurse_06,2,7.5
45,baseline,Nurse_07,2,7.5
45,baseline,Nurse_08,3,21.0
45,baseline,Nurse_09,3,23.0
45,baseline,Nurse_10,1,12.0
45,baseline,Nurse_11,1,14.0
45,baseline,Nurse_12,0,1.5
45,baseline,Nurse_13,4,23.5
45,baseline,Nurse_14,0,7.0
45,baseline,Nurse_15,0,7.0
45,baseline,Nurse_16,3,10.5
45,baseline,Nurse_17,1,8.0
45,baseline,Nurse_18,1,11.5
45,baseline,Nurse_19,4,17.0
45,baseline,Nurse_20,5,19.0
45,baseline,Nurse_21,1,8.0
45,baseline,Nurse_22,3,15.0
45,baseline,Nurse_23,2,13.5
45,baseline,Nurse_24,4,17.0
45,baseline,Nurse_25,0,3.5
45,baseline,Nurse_26,5,16.5
45,baseline,Nurse_27,1,9.5
45,baseline,Nurse_28,2,16.0
45,baseline,Nurse_29,3,19.0
45,baseline,Nurse_30,2,8.0
45,baseline,Nurse_31,0,10.0
45,baseline,Nurse_32,3,15.0
45,baseline,Nurse_33,2,7.5
45,baseline,Nurse_34,2,20.0
45,baseline,Nurse_35,0,3.5
45,baseline,Nurse_36,2,18.5
45,baseline,Nurse_37,5,22.0
45,baseline,Nurse_38,6,27.0
45,baseline,Nurse_39,5,17.0
45,baseline,Nurse_40,3,16.0
45,baseline,Nurse_41,4,15.0
45,baseline,Nurse_42,2,10.0
45,baseline,Nurse_43,4,15.0
45,baseline,Nurse_44,0,5.5
45,baseline,Nurse_45,4,16.0
45,baseline,Nurse_46,4,13.5
45,baseline,Nurse_47,0,11.5
45,baseline,Nurse_48,4,13.5
45,baseline,Nurse_49,3,19.0
45,baseline,Nurse_50,0,8.5
45,baseline,Nurse_51,3,14.5
45,baseline,Nurse_52,2,10.0
45,baseline,Nurse_53,3,16.0
45,baseline,Nurse_54,1,11.0
45,baseline,Nurse_55,3,19.0
45,baseline,Nurse_56,4,12.0
45,baseline,Nurse_57,2,18.0
45,baseline,Nurse_58,1,12.0
45,baseline,Nurse_59,4,18.5
45,baseline,Nurse_60,3,15.0
45,baseline,Nurse_61,1,10.0
45,baseline,Nurse_62,1,9.0
45,baseline,Nurse_63,4,17.0
45,baseline,Nurse_64,3,17.5
45,baseline,Nurse_65,3,17.5
45,baseline,Nurse_66,5,21.0
45,baseline,Nurse_67,0,2.0
45,baseline,Nurse_68,0,9.5
45,baseline,Nurse_69,5,19.0
45,baseline,Nurse_70,4,22.0
45,strain,Nurse_01,2,14.0
45,strain,Nurse_02,2,6.0
45,strain,Nurse_03,1,14.0
45,strain,Nurse_04,3,13.0
45,strain,Nurse_05,3,14.5
45,strain,Nurse_06,3,10.5
45,strain,Nurse_07,2,7.5
45,strain,Nurse_08,1,14.0
45,strain,Nurse_09,1,16.5
45,strain,Nurse_10,0,13.5
45,strain,Nurse_11,1,14.0
45,strain,Nurse_12,0,4.5
45,strain,Nurse_13,3,21.5
45,strain,Nurse_14,0,7.0
45,strain,Nurse_15,0,7.0
45,strain,Nurse_16,2,9.0
45,strain,Nurse_17,1,9.5
45,strain,Nurse_18,0,10.5
45,strain,Nurse_19,4,18.5
45,strain,Nurse_20,3,14.5
45,strain,Nurse_21,1,8.0
45,strain,Nurse_22,2,14.5
45,strain,Nurse_23,1,11.5
45,strain,Nurse_24,2,14.0
45,strain,Nurse_25,0,5.0
45,strain,Nurse_26,3,13.5
45,strain,Nurse_27,0,11.5
45,strain,Nurse_28,2,13.0
45,strain,Nurse_29,2,19.0
45,strain,Nurse_30,2,8.0
45,strain,Nurse_31,0,8.0
45,strain,Nurse_32,2,14.0
45,strain,Nurse_33,1,4.5
45,strain,Nurse_34,1,13.0
45,strain,Nurse_35,0,8.0
45,strain,Nurse_36,1,14.5
45,strain,Nurse_37,4,17.5
45,strain,Nurse_38,2,17.5
45,strain,Nurse_39,3,14.5
45,strain,Nurse_40,2,13.5
45,strain,Nurse_41,2,14.5
45,strain,Nurse_42,1,10.0
45,strain,Nurse_43,2,13.5
45,strain,Nurse_44,0,5.5
45,strain,Nurse_45,3,12.0
45,strain,Nurse_46,4,13.5
45,strain,Nurse_47,0,10.5
45,strain,Nurse_48,3,10.5
45,strain,Nurse_49,2,13.5
45,strain,Nurse_50,0,7.0
45,strain,Nurse_51,3,13.0
45,strain,Nurse_52,1,9.5
45,strain,Nurse_53,1,13.0
45,strain,Nurse_54,1,10.5
45,strain,Nurse_55,2,16.0
45,strain,Nurse_56,4,12.0
45,strain,Nurse_57,2,17.0
45,strain,Nurse_58,0,7.5
45,strain,Nurse_59,2,15.0
45,strain,Nurse_60,1,12.0
45,strain,Nurse_61,1,9.0
45,strain,Nurse_62,1,11.5
45,strain,Nurse_63,2,17.5
45,strain,Nurse_64,1,12.0
45,strain,Nurse_65,2,14.5
45,strain,Nurse_66,4,19.0
45,strain,Nurse_67,0,2.0
45,strain,Nurse_68,0,7.0
45,strain,Nurse_69,2,16.0
45,strain,Nurse_70,4,22.0
46,baseline,Nurse_01,1,6.0
46,baseline,Nurse_02,4,12.0
46,baseline,Nurse_03,2,6.0
46,baseline,Nurse_04,4,20.5
46,baseline,Nurse_05,3,15.0
46,baseline,Nurse_06,3,13.0
46,baseline,Nurse_07,2,12.0
46,baseline,Nurse_08,0,2.0
46,baseline,Nurse_09,3,18.5
46,baseline,Nurse_10,2,17.5
46,baseline,Nurse_11,1,9.0
46,baseline,Nurse_12,3,15.5
46,baseline,Nurse_13,3,17.0
46,baseline,Nurse_14,4,13.0
46,baseline,Nurse_15,2,17.0
46,baseline,Nurse_16,2,16.0
46,baseline,Nurse_17,3,20.0
46,baseline,Nurse_18,5,20.0
46,baseline,Nurse_19,3,18.0
46,baseline,Nurse_20,5,18.0
46,baseline,Nurse_21,1,6.0
46,baseline,Nurse_22,3,20.5
46,baseline,Nurse_23,4,20.5
46,baseline,Nurse_24,4,20.0
46,baseline,Nurse_25,1,9.5
46,baseline,Nurse_26,5,20.0
46,baseline,Nurse_27,1,12.5
46,baseline,Nurse_28,0,8.5
46,baseline,Nurse_29,3,17.0
46,baseline,Nurse_30,2,16.0
46,baseline,Nurse_31,2,14.5
46,baseline,Nurse_32,0,3.0
46,baseline,Nurse_33,1,10.0
46,baseline,Nurse_34,2,15.5
46,baseline,Nurse_35,2,16.5
46,baseline,Nurse_36,3,13.0
46,baseline,Nurse_37,1,9.5
46,baseline,Nurse_38,4,13.5
46,baseline,Nurse_39,0,4.5
46,baseline,Nurse_40,1,3.0
46,baseline,Nurse_41,3,16.0
46,baseline,Nurse_42,5,19.5
46,baseline,Nurse_43,3,13.5
46,baseline,Nurse_44,3,10.5
46,baseline,Nurse_45,4,22.5
46,baseline,Nurse_46,0,6.5
46,baseline,Nurse_47,5,19.0
46,baseline,Nurse_48,3,12.0
46,baseline,Nurse_49,4,15.5
46,baseline,Nurse_50,3,14.5
46,baseline,Nurse_51,4,21.5
46,baseline,Nurse_52,4,21.5
46,baseline,Nurse_53,3,16.5
46,baseline,Nurse_54,3,17.0
46,baseline,Nurse_55,4,16.5
46,baseline,Nurse_56,3,21.0
46,baseline,Nurse_57,3,18.5
46,baseline,Nurse_58,4,18.0
46,baseline,Nurse_59,0,5.0
46,baseline,Nurse_60,3,18.5
46,baseline,Nurse_61,2,16.5
46,baseline,Nurse_62,4,23.5
46,baseline,Nurse_63,4,19.0
46,baseline,Nurse_64,6,27.0
46,baseline,Nurse_65,0,10.0
46,baseline,Nurse_66,5,20.5
46,baseline,Nurse_67,2,7.5
46,baseline,Nurse_68,6,26.0
46,baseline,Nurse_69,2,10.0
46,baseline,Nurse_70,0,8.0
46,strain,Nurse_01,1,13.0
46,strain,Nurse_02,2,7.5
46,strain,Nurse_03,2,7.5
46,strain,Nurse_04,3,17.5
46,strain,Nurse_05,2,14.5
46,strain,Nurse_06,1,11.0
46,strain,Nurse_07,2,14.5
46,strain,Nurse_08,0,6.0
46,strain,Nurse_09,1,14.0
46,strain,Nurse_10,1,17.0
46,strain,Nurse_11,0,13.0
46,strain,Nurse_12,2,14.0
46,strain,Nurse_13,1,15.0
46,strain,Nurse_14,3,12.5
46,strain,Nurse_15,2,15.5
46,strain,Nurse_16,2,17.0
46,strain,Nurse_17,1,12.0
46,strain,Nurse_18,3,18.5
46,strain,Nurse_19,1,12.0
46,strain,Nurse_20,3,13.5
46,strain,Nurse_21,1,4.5
46,strain,Nurse_22,3,18.0
46,strain,Nurse_23,2,13.5
46,strain,Nurse_24,2,17.5
46,strain,Nurse_25,1,9.5
46,strain,Nurse_26,3,15.5
46,strain,Nurse_27,1,14.0
46,strain,Nurse_28,0,10.0
46,strain,Nurse_29,3,14.0
46,strain,Nurse_30,2,16.5
46,strain,Nurse_31,1,7.5
46,strain,Nurse_32,0,8.0
46,strain,Nurse_33,1,13.0
46,strain,Nurse_34,1,13.5
46,strain,Nurse_35,0,9.0
46,strain,Nurse_36,3,13.0
46,strain,Nurse_37,0,11.5
46,strain,Nurse_38,3,12.0
46,strain,Nurse_39,0,4.5
46,strain,Nurse_40,0,3.0
46,strain,Nurse_41,2,16.0
46,strain,Nurse_42,3,16.5
46,strain,Nurse_43,3,12.0
46,strain,Nurse_44,3,9.0
46,strain,Nurse_45,2,16.5
46,strain,Nurse_46,0,9.5
46,strain,Nurse_47,2,15.0
46,strain,Nurse_48,3,12.0
46,strain,Nurse_49,3,12.0
46,strain,Nurse_50,3,13.0
46,strain,Nurse_51,3,18.5
46,strain,Nurse_52,2,17.0
46,strain,Nurse_53,3,13.5
46,strain,Nurse_54,1,12.0
46,strain,Nurse_55,3,12.5
46,strain,Nurse_56,0,14.0
46,strain,Nurse_57,2,15.5
46,strain,Nurse_58,4,18.0
46,strain,Nurse_59,0,5.0
46,strain,Nurse_60,3,16.0
46,strain,Nurse_61,2,17.0
46,strain,Nurse_62,3,18.0
46,strain,Nurse_63,3,17.5
46,strain,Nurse_64,2,17.5
46,strain,Nurse_65,0,11.0
46,strain,Nurse_66,4,16.0
46,strain,Nurse_67,1,10.5
46,strain,Nurse_68,3,19.5
46,strain,Nurse_69,2,10.0
46,strain,Nurse_70,0,7.0
47,baseline,Nurse_01,4,21.5
47,baseline,Nurse_02,1,8.5
47,baseline,Nurse_03,3,16.0
47,baseline,Nurse_04,3,10.5
47,baseline,Nurse_05,1,6.0
47,baseline,Nurse_06,5,22.5
47,baseline,Nurse_07,4,21.0
47,baseline,Nurse_08,2,17.5
47,baseline,Nurse_09,1,6.0
47,baseline,Nurse_10,4,18.0
47,baseline,Nurse_11,4,18.5
47,baseline,Nurse_12,4,23.0
47,baseline,Nurse_13,1,5.5
47,baseline,Nurse_14,2,6.0
47,baseline,Nurse_15,1,14.5
47,baseline,Nurse_16,5,21.0
47,baseline,Nurse_17,1,4.5
47,baseline,Nurse_18,1,9.0
47,baseline,Nurse_19,1,11.5
47,baseline,Nurse_20,4,14.0
47,baseline,Nurse_21,0,1.5
47,baseline,Nurse_22,5,20.0
47,baseline,Nurse_23,4,15.5
47,baseline,Nurse_24,5,21.0
47,baseline,Nurse_25,3,18.0
47,baseline,Nurse_26,3,23.5
47,baseline,Nurse_27,0,6.5
47,baseline,Nurse_28,4,21.0
47,baseline,Nurse_29,1,13.0
47,baseline,Nurse_30,2,14.5
47,baseline,Nurse_31,5,22.5
47,baseline,Nurse_32,2,8.0
47,baseline,Nurse_33,4,20.0
47,baseline,Nurse_34,2,15.5
47,baseline,Nurse_35,3,18.0
47,baseline,Nurse_36,2,13.5
47,baseline,Nurse_37,1,12.5
47,baseline,Nurse_38,4,18.5
47,baseline,Nurse_39,4,18.0
47,baseline,Nurse_40,3,10.5
47,baseline,Nurse_41,2,7.5
47,baseline,Nurse_42,0,5.0
47,baseline,Nurse_43,5,24.0
47,baseline,Nurse_44,4,18.5
47,baseline,Nurse_45,5,23.0
47,baseline,Nurse_46,5,19.0
47,baseline,Nurse_47,3,12.0
47,baseline,Nurse_48,4,18.5
47,baseline,Nurse_49,0,8.0
47,baseline,Nurse_50,6,23.0
47,baseline,Nurse_51,3,12.0
47,baseline,Nurse_52,2,10.0
47,baseline,Nurse_53,3,17.5
47,baseline,Nurse_54,2,12.0
47,baseline,Nurse_55,2,11.5
47,baseline,Nurse_56,2,12.0
47,baseline,Nurse_57,2,13.5
47,baseline,Nurse_58,2,14.0
47,baseline,Nurse_59,3,17.0
47,baseline,Nurse_60,2,10.0
47,baseline,Nurse_61,4,18.5
47,baseline,Nurse_62,2,11.5
47,baseline,Nurse_63,3,16.5
47,baseline,Nurse_64,1,14.0
47,baseline,Nurse_65,0,8.0
47,baseline,Nurse_66,4,21.5
47,baseline,Nurse_67,4,15.0
47,baseline,Nurse_68,1,11.5
47,baseline,Nurse_69,1,13.0
47,baseline,Nurse_70,5,23.5
47,strain,Nurse_01,2,19.0
47,strain,Nurse_02,0,8.0
47,strain,Nurse_03,2,18.0
47,strain,Nurse_04,3,10.5
47,strain,Nurse_05,1,9.0
47,strain,Nurse_06,3,16.5
47,strain,Nurse_07,2,18.0
47,strain,Nurse_08,1,16.5
47,strain,Nurse_09,1,11.0
47,strain,Nurse_10,2,15.0
47,strain,Nurse_11,2,14.0
47,strain,Nurse_12,2,17.0
47,strain,Nurse_13,1,4.0
47,strain,Nurse_14,2,6.0
47,strain,Nurse_15,0,10.0
47,strain,Nurse_16,1,11.5
47,strain,Nurse_17,1,6.0
47,strain,Nurse_18,1,11.5
47,strain,Nurse_19,0,6.0
47,strain,Nurse_20,3,12.5
47,strain,Nurse_21,0,4.5
47,strain,Nurse_22,4,18.5
47,strain,Nurse_23,3,15.5
47,strain,Nurse_24,3,17.0
47,strain,Nurse_25,0,10.0
47,strain,Nurse_26,1,15.0
47,strain,Nurse_27,0,10.0
47,strain,Nurse_28,3,14.0
47,strain,Nurse_29,1,13.0
47,strain,Nurse_30,2,14.5
47,strain,Nurse_31,2,20.0
47,strain,Nurse_32,2,11.0
47,strain,Nurse_33,4,18.5
47,strain,Nurse_34,2,13.0
47,strain,Nurse_35,2,10.5
47,strain,Nurse_36,1,9.5
47,strain,Nurse_37,1,11.5
47,strain,Nurse_38,3,16.0
47,strain,Nurse_39,2,13.5
47,strain,Nurse_40,2,10.5
47,strain,Nurse_41,1,6.0
47,strain,Nurse_42,0,6.0
47,strain,Nurse_43,2,18.5
47,strain,Nurse_44,1,9.5
47,strain,Nurse_45,3,20.0
47,strain,Nurse_46,4,17.5
47,strain,Nurse_47,3,12.0
47,strain,Nurse_48,1,12.5
47,strain,Nurse_49,0,6.5
47,strain,Nurse_50,4,22.0
47,strain,Nurse_51,2,10.5
47,strain,Nurse_52,1,9.5
47,strain,Nurse_53,2,12.5
47,strain,Nurse_54,2,12.0
47,strain,Nurse_55,2,11.5
47,strain,Nurse_56,2,12.0
47,strain,Nurse_57,2,12.0
47,strain,Nurse_58,2,14.0
47,strain,Nurse_59,3,17.0
47,strain,Nurse_60,2,10.0
47,strain,Nurse_61,2,15.5
47,strain,Nurse_62,1,9.5
47,strain,Nurse_63,2,13.5
47,strain,Nurse_64,0,10.0
47,strain,Nurse_65,0,9.5
47,strain,Nurse_66,2,15.5
47,strain,Nurse_67,2,11.5
47,strain,Nurse_68,0,10.5
47,strain,Nurse_69,1,14.0
47,strain,Nurse_70,3,16.5
48,baseline,Nurse_01,2,15.0
48,baseline,Nurse_02,1,8.0
48,baseline,Nurse_03,6,20.5
48,baseline,Nurse_04,2,14.0
48,baseline,Nurse_05,2,15.0
48,baseline,Nurse_06,2,13.5
48,baseline,Nurse_07,1,8.5
48,baseline,Nurse_08,1,10.0
48,baseline,Nurse_09,4,22.5
48,baseline,Nurse_10,4,19.5
48,baseline,Nurse_11,4,20.5
48,baseline,Nurse_12,2,14.0
48,baseline,Nurse_13,6,23.5
48,baseline,Nurse_14,3,19.0
48,baseline,Nurse_15,2,11.5
48,baseline,Nurse_16,2,7.5
48,baseline,Nurse_17,2,15.0
48,baseline,Nurse_18,0,7.0
48,baseline,Nurse_19,3,22.0
48,baseline,Nurse_20,2,13.5
48,baseline,Nurse_21,4,12.0
48,baseline,Nurse_22,3,18.0
48,baseline,Nurse_23,1,11.5
48,baseline,Nurse_24,4,20.5
48,baseline,Nurse_25,4,21.0
48,baseline,Nurse_26,1,8.0
48,baseline,Nurse_27,2,10.0
48,baseline,Nurse_28,5,26.0
48,baseline,Nurse_29,4,18.0
48,baseline,Nurse_30,4,15.0
48,baseline,Nurse_31,1,3.0
48,baseline,Nurse_32,4,17.0
48,baseline,Nurse_33,4,17.5
48,baseline,Nurse_34,2,11.0
48,baseline,Nurse_35,1,12.0
48,baseline,Nurse_36,0,6.0
48,baseline,Nurse_37,1,13.5
48,baseline,Nurse_38,0,5.0
48,baseline,Nurse_39,0,8.5
48,baseline,Nurse_40,5,24.5
48,baseline,Nurse_41,3,26.0
48,baseline,Nurse_42,4,21.0
48,baseline,Nurse_43,4,14.0
48,baseline,Nurse_44,2,6.0
48,baseline,Nurse_45,4,13.5
48,baseline,Nurse_46,3,17.0
48,baseline,Nurse_47,3,18.5
48,baseline,Nurse_48,2,12.0
48,baseline,Nurse_49,2,14.5
48,baseline,Nurse_50,2,9.0
48,baseline,Nurse_51,5,19.0
48,baseline,Nurse_52,1,8.5
48,baseline,Nurse_53,4,18.5
48,baseline,Nurse_54,1,12.5
48,baseline,Nurse_55,4,15.0
48,baseline,Nurse_56,0,1.5
48,baseline,Nurse_57,3,16.0
48,baseline,Nurse_58,3,15.0
48,baseline,Nurse_59,3,15.5
48,baseline,Nurse_60,3,18.0
48,baseline,Nurse_61,0,7.0
48,baseline,Nurse_62,1,8.0
48,baseline,Nurse_63,6,23.5
48,baseline,Nurse_64,4,17.5
48,baseline,Nurse_65,1,8.0
48,baseline,Nurse_66,3,16.0
48,baseline,Nurse_67,2,14.5
48,baseline,Nurse_68,2,7.5
48,baseline,Nurse_69,4,20.5
48,baseline,Nurse_70,2,6.0
48,strain,Nurse_01,1,13.0
48,strain,Nurse_02,1,10.5
48,strain,Nurse_03,3,14.0
48,strain,Nurse_04,1,12.5
48,strain,Nurse_05,1,15.0
48,strain,Nurse_06,1,11.5
48,strain,Nurse_07,0,8.0
48,strain,Nurse_08,1,11.0
48,strain,Nurse_09,2,15.5
48,strain,Nurse_10,1,13.5
48,strain,Nurse_11,3,18.0
48,strain,Nurse_12,2,14.0
48,strain,Nurse_13,1,11.5
48,strain,Nurse_14,2,13.5
48,strain,Nurse_15,1,9.5
48,strain,Nurse_16,2,6.0
48,strain,Nurse_17,2,12.0
48,strain,Nurse_18,0,6.0
48,strain,Nurse_19,2,16.5
48,strain,Nurse_20,1,13.0
48,strain,Nurse_21,2,7.5
48,strain,Nurse_22,2,16.0
48,strain,Nurse_23,0,9.5
48,strain,Nurse_24,3,16.5
48,strain,Nurse_25,2,15.5
48,strain,Nurse_26,1,10.5
48,strain,Nurse_27,1,12.5
48,strain,Nurse_28,3,23.0
48,strain,Nurse_29,4,18.0
48,strain,Nurse_30,2,13.5
48,strain,Nurse_31,1,9.0
48,strain,Nurse_32,2,15.0
48,strain,Nurse_33,3,15.5
48,strain,Nurse_34,2,12.5
48,strain,Nurse_35,0,9.0
48,strain,Nurse_36,0,10.5
48,strain,Nurse_37,1,13.5
48,strain,Nurse_38,0,7.0
48,strain,Nurse_39,0,4.0
48,strain,Nurse_40,3,17.5
48,strain,Nurse_41,1,15.0
48,strain,Nurse_42,3,20.5
48,strain,Nurse_43,3,12.5
48,strain,Nurse_44,2,7.5
48,strain,Nurse_45,3,12.0
48,strain,Nurse_46,2,14.0
48,strain,Nurse_47,2,18.0
48,strain,Nurse_48,1,9.5
48,strain,Nurse_49,2,11.0
48,strain,Nurse_50,2,11.5
48,strain,Nurse_51,4,18.0
48,strain,Nurse_52,1,8.0
48,strain,Nurse_53,2,14.5
48,strain,Nurse_54,1,13.0
48,strain,Nurse_55,2,14.5
48,strain,Nurse_56,1,6.0
48,strain,Nurse_57,2,11.5
48,strain,Nurse_58,2,13.5
48,strain,Nurse_59,2,14.0
48,strain,Nurse_60,2,12.5
48,strain,Nurse_61,0,8.5
48,strain,Nurse_62,1,12.0
48,strain,Nurse_63,3,14.0
48,strain,Nurse_64,4,17.5
48,strain,Nurse_65,1,9.5
48,strain,Nurse_66,1,14.0
48,strain,Nurse_67,1,10.5
48,strain,Nurse_68,2,9.0
48,strain,Nurse_69,2,14.5
48,strain,Nurse_70,0,7.5
49,baseline,Nurse_01,5,23.0
49,baseline,Nurse_02,2,11.0
49,baseline,Nurse_03,2,12.0
49,baseline,Nurse_04,4,21.5
49,baseline,Nurse_05,2,12.5
49,baseline,Nurse_06,4,18.0
49,baseline,Nurse_07,2,10.5
49,baseline,Nurse_08,2,19.0
49,baseline,Nurse_09,2,15.0
49,baseline,Nurse_10,5,28.5
49,baseline,Nurse_11,2,13.5
49,baseline,Nurse_12,2,12.5
49,baseline,Nurse_13,3,15.0
49,baseline,Nurse_14,1,13.0
49,baseline,Nurse_15,0,11.0
49,baseline,Nurse_16,4,19.5
49,baseline,Nurse_17,8,30.0
49,baseline,Nurse_18,2,18.5
49,baseline,Nurse_19,3,17.0
49,baseline,Nurse_20,3,19.0
49,baseline,Nurse_21,0,6.0
49,baseline,Nurse_22,3,16.0
49,baseline,Nurse_23,3,15.0
49,baseline,Nurse_24,4,18.0
49,baseline,Nurse_25,2,13.5
49,baseline,Nurse_26,3,9.0
49,baseline,Nurse_27,2,14.0
49,baseline,Nurse_28,2,10.5
49,baseline,Nurse_29,2,7.5
49,baseline,Nurse_30,4,17.0
49,baseline,Nurse_31,3,15.5
49,baseline,Nurse_32,1,11.5
49,baseline,Nurse_33,4,18.0
49,baseline,Nurse_34,4,15.5
49,baseline,Nurse_35,3,21.0
49,baseline,Nurse_36,4,16.5
49,baseline,Nurse_37,1,13.0
49,baseline,Nurse_38,5,21.5
49,baseline,Nurse_39,0,7.5
49,baseline,Nurse_40,1,7.5
49,baseline,Nurse_41,2,14.5
49,baseline,Nurse_42,3,13.0
49,baseline,Nurse_43,5,22.5
49,baseline,Nurse_44,2,16.0
49,baseline,Nurse_45,5,20.5
49,baseline,Nurse_46,3,13.5
49,baseline,Nurse_47,1,7.5
49,baseline,Nurse_48,0,3.0
49,baseline,Nurse_49,2,11.0
49,baseline,Nurse_50,4,15.0
49,baseline,Nurse_51,1,9.5
49,baseline,Nurse_52,1,6.5
49,baseline,Nurse_53,2,10.5
49,baseline,Nurse_54,0,10.5
49,baseline,Nurse_55,6,22.0
49,baseline,Nurse_56,0,3.0
49,baseline,Nurse_57,3,16.0
49,baseline,Nurse_58,0,8.5
49,baseline,Nurse_59,3,19.5
49,baseline,Nurse_60,4,21.5
49,baseline,Nurse_61,4,12.0
49,baseline,Nurse_62,4,17.5
49,baseline,Nurse_63,2,16.5
49,baseline,Nurse_64,2,7.5
49,baseline,Nurse_65,3,16.0
49,baseline,Nurse_66,2,10.5
49,baseline,Nurse_67,3,15.0
49,baseline,Nurse_68,5,22.0
49,baseline,Nurse_69,3,18.5
49,baseline,Nurse_70,3,20.5
49,strain,Nurse_01,3,19.0
49,strain,Nurse_02,2,11.0
49,strain,Nurse_03,1,10.5
49,strain,Nurse_04,2,17.5
49,strain,Nurse_05,1,13.5
49,strain,Nurse_06,4,18.0
49,strain,Nurse_07,3,10.5
49,strain,Nurse_08,2,20.0
49,strain,Nurse_09,1,15.0
49,strain,Nurse_10,1,17.5
49,strain,Nurse_11,1,13.0
49,strain,Nurse_12,2,13.0
49,strain,Nurse_13,2,13.5
49,strain,Nurse_14,0,16.5
49,strain,Nurse_15,0,8.5
49,strain,Nurse_16,3,15.5
49,strain,Nurse_17,6,26.0
49,strain,Nurse_18,1,11.5
49,strain,Nurse_19,2,18.0
49,strain,Nurse_20,2,14.5
49,strain,Nurse_21,0,7.5
49,strain,Nurse_22,1,14.0
49,strain,Nurse_23,2,16.0
49,strain,Nurse_24,3,19.0
49,strain,Nurse_25,1,10.5
49,strain,Nurse_26,2,12.0
49,strain,Nurse_27,1,14.0
49,strain,Nurse_28,2,9.0
49,strain,Nurse_29,2,6.0
49,strain,Nurse_30,4,18.5
49,strain,Nurse_31,2,15.0
49,strain,Nurse_32,1,7.0
49,strain,Nurse_33,3,16.5
49,strain,Nurse_34,3,12.5
49,strain,Nurse_35,3,22.0
49,strain,Nurse_36,4,18.0
49,strain,Nurse_37,0,9.0
49,strain,Nurse_38,2,21.0
49,strain,Nurse_39,0,7.0
49,strain,Nurse_40,1,7.5
49,strain,Nurse_41,1,12.0
49,strain,Nurse_42,1,12.5
49,strain,Nurse_43,2,17.0
49,strain,Nurse_44,2,13.5
49,strain,Nurse_45,2,14.0
49,strain,Nurse_46,1,7.5
49,strain,Nurse_47,1,6.0
49,strain,Nurse_48,1,11.5
49,strain,Nurse_49,2,12.5
49,strain,Nurse_50,2,13.0
49,strain,Nurse_51,1,12.0
49,strain,Nurse_52,1,5.0
49,strain,Nurse_53,2,10.5
49,strain,Nurse_54,0,9.5
49,strain,Nurse_55,2,16.0
49,strain,Nurse_56,0,4.0
49,strain,Nurse_57,3,16.0
49,strain,Nurse_58,0,11.5
49,strain,Nurse_59,2,16.5
49,strain,Nurse_60,1,16.5
49,strain,Nurse_61,4,13.5
49,strain,Nurse_62,3,16.0
49,strain,Nurse_63,1,11.0
49,strain,Nurse_64,2,7.5
49,strain,Nurse_65,2,13.0
49,strain,Nurse_66,2,10.5
49,strain,Nurse_67,2,13.5
49,strain,Nurse_68,4,20.5
49,strain,Nurse_69,3,17.5
49,strain,Nurse_70,2,16.5
50,baseline,Nurse_01,1,12.0
50,baseline,Nurse_02,0,5.5
50,baseline,Nurse_03,5,21.5
50,baseline,Nurse_04,0,7.5
50,baseline,Nurse_05,4,19.0
50,baseline,Nurse_06,3,20.5
50,baseline,Nurse_07,5,18.5
50,baseline,Nurse_08,4,19.5
50,baseline,Nurse_09,4,18.5
50,baseline,Nurse_10,4,19.0
50,baseline,Nurse_11,0,6.5
50,baseline,Nurse_12,3,16.0
50,baseline,Nurse_13,2,10.0
50,baseline,Nurse_14,5,20.5
50,baseline,Nurse_15,5,23.0
50,baseline,Nurse_16,1,8.5
50,baseline,Nurse_17,1,10.0
50,baseline,Nurse_18,1,9.0
50,baseline,Nurse_19,4,17.5
50,baseline,Nurse_20,1,9.5
50,baseline,Nurse_21,0,9.5
50,baseline,Nurse_22,4,18.5
50,baseline,Nurse_23,1,14.5
50,baseline,Nurse_24,4,21.0
50,baseline,Nurse_25,3,10.5
50,baseline,Nurse_26,4,20.0
50,baseline,Nurse_27,3,10.5
50,baseline,Nurse_28,3,20.0
50,baseline,Nurse_29,2,18.0
50,baseline,Nurse_30,0,6.5
50,baseline,Nurse_31,3,12.0
50,baseline,Nurse_32,2,11.5
50,baseline,Nurse_33,4,17.0
50,baseline,Nurse_34,2,14.0
50,baseline,Nurse_35,1,13.5
50,baseline,Nurse_36,4,21.0
50,baseline,Nurse_37,4,19.0
50,baseline,Nurse_38,2,7.5
50,baseline,Nurse_39,3,15.5
50,baseline,Nurse_40,5,20.0
50,baseline,Nurse_41,0,0.0
50,baseline,Nurse_42,0,6.0
50,baseline,Nurse_43,3,12.5
50,baseline,Nurse_44,1,11.5
50,baseline,Nurse_45,3,15.0
50,baseline,Nurse_46,1,9.5
50,baseline,Nurse_47,3,18.5
50,baseline,Nurse_48,5,19.0
50,baseline,Nurse_49,1,14.5
50,baseline,Nurse_50,5,24.5
50,baseline,Nurse_51,0,5.0
50,baseline,Nurse_52,3,17.5
50,baseline,Nurse_53,5,20.0
50,baseline,Nurse_54,3,16.5
50,baseline,Nurse_55,3,14.0
50,baseline,Nurse_56,1,13.0
50,baseline,Nurse_57,0,4.5
50,baseline,Nurse_58,0,4.5
50,baseline,Nurse_59,1,12.0
50,baseline,Nurse_60,4,18.5
50,baseline,Nurse_61,0,1.5
50,baseline,Nurse_62,1,6.0
50,baseline,Nurse_63,4,17.0
50,baseline,Nurse_64,5,18.0
50,baseline,Nurse_65,3,15.5
50,baseline,Nurse_66,1,4.5
50,baseline,Nurse_67,0,6.5
50,baseline,Nurse_68,4,17.0
50,baseline,Nurse_69,2,13.0
50,baseline,Nurse_70,3,17.5
50,strain,Nurse_01,1,10.5
50,strain,Nurse_02,0,5.5
50,strain,Nurse_03,4,18.5
50,strain,Nurse_04,0,7.5
50,strain,Nurse_05,2,18.5
50,strain,Nurse_06,1,15.0
50,strain,Nurse_07,4,14.0
50,strain,Nurse_08,2,13.5
50,strain,Nurse_09,2,13.0
50,strain,Nurse_10,1,17.0
50,strain,Nurse_11,0,8.0
50,strain,Nurse_12,2,10.0
50,strain,Nurse_13,2,11.5
50,strain,Nurse_14,1,13.5
50,strain,Nurse_15,3,19.0
50,strain,Nurse_16,0,9.5
50,strain,Nurse_17,0,8.0
50,strain,Nurse_18,0,10.0
50,strain,Nurse_19,3,12.0
50,strain,Nurse_20,0,10.5
50,strain,Nurse_21,0,8.5
50,strain,Nurse_22,3,16.5
50,strain,Nurse_23,1,17.0
50,strain,Nurse_24,2,15.5
50,strain,Nurse_25,3,13.5
50,strain,Nurse_26,2,14.5
50,strain,Nurse_27,3,10.5
50,strain,Nurse_28,1,9.5
50,strain,Nurse_29,2,15.5
50,strain,Nurse_30,0,7.5
50,strain,Nurse_31,2,9.0
50,strain,Nurse_32,2,16.5
50,strain,Nurse_33,1,13.0
50,strain,Nurse_34,2,11.0
50,strain,Nurse_35,0,9.0
50,strain,Nurse_36,2,15.5
50,strain,Nurse_37,3,19.0
50,strain,Nurse_38,1,7.5
50,strain,Nurse_39,3,13.0
50,strain,Nurse_40,3,14.5
50,strain,Nurse_41,0,6.0
50,strain,Nurse_42,0,6.0
50,strain,Nurse_43,2,9.5
50,strain,Nurse_44,1,13.0
50,strain,Nurse_45,2,13.5
50,strain,Nurse_46,0,9.5
50,strain,Nurse_47,1,13.0
50,strain,Nurse_48,2,14.0
50,strain,Nurse_49,1,12.0
50,strain,Nurse_50,4,20.5
50,strain,Nurse_51,0,7.5
50,strain,Nurse_52,1,10.5
50,strain,Nurse_53,4,18.5
50,strain,Nurse_54,1,9.5
50,strain,Nurse_55,2,11.0
50,strain,Nurse_56,1,14.0
50,strain,Nurse_57,0,4.5
50,strain,Nurse_58,0,6.5
50,strain,Nurse_59,1,15.0
50,strain,Nurse_60,3,12.5
50,strain,Nurse_61,0,4.5
50,strain,Nurse_62,1,6.0
50,strain,Nurse_63,3,15.5
50,strain,Nurse_64,3,16.0
50,strain,Nurse_65,3,13.0
50,strain,Nurse_66,1,6.0
50,strain,Nurse_67,0,11.35
50,strain,Nurse_68,1,12.5
50,strain,Nurse_69,2,13.0
50,strain,Nurse_70,2,14.5
51,baseline,Nurse_01,1,6.0
51,baseline,Nurse_02,0,8.0
51,baseline,Nurse_03,5,26.0
51,baseline,Nurse_04,3,14.5
51,baseline,Nurse_05,1,8.0
51,baseline,Nurse_06,3,15.0
51,baseline,Nurse_07,2,11.5
51,baseline,Nurse_08,4,19.5
51,baseline,Nurse_09,4,26.5
51,baseline,Nurse_10,0,3.0
51,baseline,Nurse_11,1,7.0
51,baseline,Nurse_12,3,21.0
51,baseline,Nurse_13,1,8.0
51,baseline,Nurse_14,2,7.5
51,baseline,Nurse_15,3,19.5
51,baseline,Nurse_16,1,4.5
51,baseline,Nurse_17,2,11.0
51,baseline,Nurse_18,2,13.0
51,baseline,Nurse_19,0,2.0
51,baseline,Nurse_20,3,15.5
51,baseline,Nurse_21,2,18.0
51,baseline,Nurse_22,2,7.5
51,baseline,Nurse_23,5,25.5
51,baseline,Nurse_24,2,6.0
51,baseline,Nurse_25,3,15.5
51,baseline,Nurse_26,5,22.5
51,baseline,Nurse_27,3,17.0
51,baseline,Nurse_28,0,6.0
51,baseline,Nurse_29,2,10.5
51,baseline,Nurse_30,3,14.0
51,baseline,Nurse_31,2,10.0
51,baseline,Nurse_32,5,18.0
51,baseline,Nurse_33,1,9.0
51,baseline,Nurse_34,4,19.0
51,baseline,Nurse_35,0,7.0
51,baseline,Nurse_36,2,8.0
51,baseline,Nurse_37,2,16.0
51,baseline,Nurse_38,1,12.0
51,baseline,Nurse_39,3,14.0
51,baseline,Nurse_40,1,7.0
51,baseline,Nurse_41,2,18.5
51,baseline,Nurse_42,1,16.0
51,baseline,Nurse_43,3,18.0
51,baseline,Nurse_44,3,22.5
51,baseline,Nurse_45,1,11.0
51,baseline,Nurse_46,0,8.5
51,baseline,Nurse_47,1,12.0
51,baseline,Nurse_48,1,10.5
51,baseline,Nurse_49,2,15.5
51,baseline,Nurse_50,2,6.0
51,baseline,Nurse_51,2,6.0
51,baseline,Nurse_52,3,16.5
51,baseline,Nurse_53,1,9.5
51,baseline,Nurse_54,1,4.5
51,baseline,Nurse_55,5,24.0
51,baseline,Nurse_56,4,20.0
51,baseline,Nurse_57,3,18.0
51,baseline,Nurse_58,3,17.0
51,baseline,Nurse_59,0,4.0
51,baseline,Nurse_60,3,20.0
51,baseline,Nurse_61,2,18.0
51,baseline,Nurse_62,4,17.0
51,baseline,Nurse_63,3,13.0
51,baseline,Nurse_64,3,16.0
51,baseline,Nurse_65,3,15.0
51,baseline,Nurse_66,4,15.0
51,baseline,Nurse_67,2,16.5
51,baseline,Nurse_68,1,11.0
51,baseline,Nurse_69,1,8.0
51,baseline,Nurse_70,2,11.5
51,strain,Nurse_01,1,12.0
51,strain,Nurse_02,0,9.0
51,strain,Nurse_03,3,21.0
51,strain,Nurse_04,1,12.0
51,strain,Nurse_05,0,8.0
51,strain,Nurse_06,1,10.0
51,strain,Nurse_07,1,10.0
51,strain,Nurse_08,3,14.5
51,strain,Nurse_09,3,21.0
51,strain,Nurse_10,0,7.0
51,strain,Nurse_11,1,11.5
51,strain,Nurse_12,1,14.5
51,strain,Nurse_13,0,6.5
51,strain,Nurse_14,2,10.5
51,strain,Nurse_15,1,16.5
51,strain,Nurse_16,1,6.0
51,strain,Nurse_17,2,11.0
51,strain,Nurse_18,1,10.5
51,strain,Nurse_19,0,6.0
51,strain,Nurse_20,2,11.0
51,strain,Nurse_21,1,16.5
51,strain,Nurse_22,1,7.5
51,strain,Nurse_23,2,16.5
51,strain,Nurse_24,1,6.0
51,strain,Nurse_25,1,13.5
51,strain,Nurse_26,2,18.0
51,strain,Nurse_27,2,11.0
51,strain,Nurse_28,0,7.0
51,strain,Nurse_29,2,12.0
51,strain,Nurse_30,3,14.0
51,strain,Nurse_31,1,8.5
51,strain,Nurse_32,2,12.0
51,strain,Nurse_33,1,12.0
51,strain,Nurse_34,3,14.5
51,strain,Nurse_35,0,9.5
51,strain,Nurse_36,2,9.5
51,strain,Nurse_37,1,16.0
51,strain,Nurse_38,0,8.0
51,strain,Nurse_39,3,14.0
51,strain,Nurse_40,1,7.0
51,strain,Nurse_41,0,16.5
51,strain,Nurse_42,1,16.0
51,strain,Nurse_43,0,12.0
51,strain,Nurse_44,1,14.0
51,strain,Nurse_45,1,13.5
51,strain,Nurse_46,0,8.5
51,strain,Nurse_47,0,15.0
51,strain,Nurse_48,0,9.0
51,strain,Nurse_49,2,10.0
51,strain,Nurse_50,2,6.0
51,strain,Nurse_51,1,4.5
51,strain,Nurse_52,2,11.0
51,strain,Nurse_53,0,7.5
51,strain,Nurse_54,1,6.0
51,strain,Nurse_55,2,16.0
51,strain,Nurse_56,1,17.0
51,strain,Nurse_57,2,16.5
51,strain,Nurse_58,2,12.5
51,strain,Nurse_59,0,11.0
51,strain,Nurse_60,3,18.5
51,strain,Nurse_61,2,15.5
51,strain,Nurse_62,4,14.0
51,strain,Nurse_63,3,13.0
51,strain,Nurse_64,2,11.5
51,strain,Nurse_65,2,15.0
51,strain,Nurse_66,2,12.0
51,strain,Nurse_67,2,15.0
51,strain,Nurse_68,1,8.5
51,strain,Nurse_69,1,11.0
51,strain,Nurse_70,1,8.5
52,baseline,Nurse_01,2,10.5
52,baseline,Nurse_02,5,19.5
52,baseline,Nurse_03,0,7.5
52,baseline,Nurse_04,5,18.0
52,baseline,Nurse_05,2,13.5
52,baseline,Nurse_06,0,7.5
52,baseline,Nurse_07,2,15.5
52,baseline,Nurse_08,2,13.5
52,baseline,Nurse_09,4,19.5
52,baseline,Nurse_10,2,15.0
52,baseline,Nurse_11,0,8.5
52,baseline,Nurse_12,2,7.5
52,baseline,Nurse_13,4,20.5
52,baseline,Nurse_14,4,16.0
52,baseline,Nurse_15,2,10.0
52,baseline,Nurse_16,3,10.5
52,baseline,Nurse_17,3,22.0
52,baseline,Nurse_18,1,9.5
52,baseline,Nurse_19,0,1.0
52,baseline,Nurse_20,4,20.5
52,baseline,Nurse_21,2,6.0
52,baseline,Nurse_22,0,3.0
52,baseline,Nurse_23,4,24.0
52,baseline,Nurse_24,3,14.5
52,baseline,Nurse_25,3,14.0
52,baseline,Nurse_26,2,9.0
52,baseline,Nurse_27,0,4.0
52,baseline,Nurse_28,4,15.5
52,baseline,Nurse_29,1,11.0
52,baseline,Nurse_30,4,17.0
52,baseline,Nurse_31,1,14.5
52,baseline,Nurse_32,3,13.0
52,baseline,Nurse_33,2,19.0
52,baseline,Nurse_34,2,13.0
52,baseline,Nurse_35,4,18.0
52,baseline,Nurse_36,3,9.0
52,baseline,Nurse_37,4,17.5
52,baseline,Nurse_38,3,17.5
52,baseline,Nurse_39,2,15.0
52,baseline,Nurse_40,4,19.0
52,baseline,Nurse_41,3,16.5
52,baseline,Nurse_42,0,1.5
52,baseline,Nurse_43,5,20.5
52,baseline,Nurse_44,2,9.0
52,baseline,Nurse_45,1,7.0
52,baseline,Nurse_46,5,24.5
52,baseline,Nurse_47,3,18.5
52,baseline,Nurse_48,3,15.0
52,baseline,Nurse_49,1,12.0
52,baseline,Nurse_50,4,18.5
52,baseline,Nurse_51,5,22.0
52,baseline,Nurse_52,1,14.5
52,baseline,Nurse_53,4,21.5
52,baseline,Nurse_54,1,8.0
52,baseline,Nurse_55,2,12.0
52,baseline,Nurse_56,4,19.0
52,baseline,Nurse_57,4,16.5
52,baseline,Nurse_58,1,10.5
52,baseline,Nurse_59,1,6.0
52,baseline,Nurse_60,3,15.5
52,baseline,Nurse_61,4,16.5
52,baseline,Nurse_62,4,22.5
52,baseline,Nurse_63,2,11.5
52,baseline,Nurse_64,4,13.5
52,baseline,Nurse_65,3,15.5
52,baseline,Nurse_66,3,21.0
52,baseline,Nurse_67,3,14.0
52,baseline,Nurse_68,2,6.0
52,baseline,Nurse_69,6,25.0
52,baseline,Nurse_70,4,17.0
52,strain,Nurse_01,1,9.0
52,strain,Nurse_02,3,15.0
52,strain,Nurse_03,0,8.5
52,strain,Nurse_04,3,16.0
52,strain,Nurse_05,2,12.5
52,strain,Nurse_06,0,6.0
52,strain,Nurse_07,2,15.0
52,strain,Nurse_08,2,15.0
52,strain,Nurse_09,3,16.5
52,strain,Nurse_10,0,10.0
52,strain,Nurse_11,0,10.5
52,strain,Nurse_12,2,9.0
52,strain,Nurse_13,0,12.0
52,strain,Nurse_14,4,17.5
52,strain,Nurse_15,1,6.0
52,strain,Nurse_16,3,12.0
52,strain,Nurse_17,2,16.0
52,strain,Nurse_18,1,9.5
52,strain,Nurse_19,0,8.5
52,strain,Nurse_20,4,20.5
52,strain,Nurse_21,2,10.0
52,strain,Nurse_22,0,1.5
52,strain,Nurse_23,1,16.0
52,strain,Nurse_24,2,13.5
52,strain,Nurse_25,2,12.5
52,strain,Nurse_26,2,9.0
52,strain,Nurse_27,0,4.0
52,strain,Nurse_28,3,11.5
52,strain,Nurse_29,1,12.0
52,strain,Nurse_30,2,15.5
52,strain,Nurse_31,1,13.0
52,strain,Nurse_32,3,13.0
52,strain,Nurse_33,1,14.5
52,strain,Nurse_34,2,10.0
52,strain,Nurse_35,3,15.5
52,strain,Nurse_36,3,10.5
52,strain,Nurse_37,3,17.0
52,strain,Nurse_38,3,16.0
52,strain,Nurse_39,1,14.5
52,strain,Nurse_40,2,12.5
52,strain,Nurse_41,3,19.0
52,strain,Nurse_42,0,1.5
52,strain,Nurse_43,2,17.0
52,strain,Nurse_44,2,7.5
52,strain,Nurse_45,1,11.0
52,strain,Nurse_46,3,12.0
52,strain,Nurse_47,1,13.0
52,strain,Nurse_48,2,12.0
52,strain,Nurse_49,1,12.0
52,strain,Nurse_50,3,14.0
52,strain,Nurse_51,2,17.5
52,strain,Nurse_52,1,9.0
52,strain,Nurse_53,1,14.0
52,strain,Nurse_54,0,10.0
52,strain,Nurse_55,2,14.5
52,strain,Nurse_56,3,16.5
52,strain,Nurse_57,3,12.5
52,strain,Nurse_58,0,8.5
52,strain,Nurse_59,1,6.0
52,strain,Nurse_60,1,7.5
52,strain,Nurse_61,2,11.5
52,strain,Nurse_62,2,17.5
52,strain,Nurse_63,0,10.5
52,strain,Nurse_64,3,9.0
52,strain,Nurse_65,1,11.0
52,strain,Nurse_66,1,17.5
52,strain,Nurse_67,2,12.5
52,strain,Nurse_68,2,9.5
52,strain,Nurse_69,3,19.5
52,strain,Nurse_70,2,14.0
53,baseline,Nurse_01,6,18.0
53,baseline,Nurse_02,2,16.5
53,baseline,Nurse_03,4,19.5
53,baseline,Nurse_04,0,6.5
53,baseline,Nurse_05,4,24.5
53,baseline,Nurse_06,2,13.5
53,baseline,Nurse_07,1,8.5
53,baseline,Nurse_08,0,3.0
53,baseline,Nurse_09,3,17.5
53,baseline,Nurse_10,4,19.5
53,baseline,Nurse_11,7,29.5
53,baseline,Nurse_12,1,9.0
53,baseline,Nurse_13,3,18.0
53,baseline,Nurse_14,1,4.5
53,baseline,Nurse_15,5,23.0
53,baseline,Nurse_16,1,8.0
53,baseline,Nurse_17,3,18.5
53,baseline,Nurse_18,2,17.0
53,baseline,Nurse_19,3,10.5
53,baseline,Nurse_20,3,18.5
53,baseline,Nurse_21,5,16.5
53,baseline,Nurse_22,3,17.5
53,baseline,Nurse_23,4,19.0
53,baseline,Nurse_24,3,18.0
53,baseline,Nurse_25,0,6.5
53,baseline,Nurse_26,5,22.5
53,baseline,Nurse_27,0,3.0
53,baseline,Nurse_28,3,15.5
53,baseline,Nurse_29,1,10.0
53,baseline,Nurse_30,5,20.5
53,baseline,Nurse_31,4,17.0
53,baseline,Nurse_32,0,9.0
53,baseline,Nurse_33,3,9.0
53,baseline,Nurse_34,1,11.5
53,baseline,Nurse_35,3,14.0
53,baseline,Nurse_36,5,23.5
53,baseline,Nurse_37,1,11.5
53,baseline,Nurse_38,1,9.5
53,baseline,Nurse_39,2,9.0
53,baseline,Nurse_40,1,14.0
53,baseline,Nurse_41,1,9.0
53,baseline,Nurse_42,2,13.5
53,baseline,Nurse_43,3,14.5
53,baseline,Nurse_44,3,21.0
53,baseline,Nurse_45,4,17.5
53,baseline,Nurse_46,0,6.0
53,baseline,Nurse_47,1,6.0
53,baseline,Nurse_48,2,15.5
53,baseline,Nurse_49,3,19.5
53,baseline,Nurse_50,3,17.5
53,baseline,Nurse_51,3,14.0
53,baseline,Nurse_52,2,16.0
53,baseline,Nurse_53,5,20.0
53,baseline,Nurse_54,4,18.0
53,baseline,Nurse_55,2,11.0
53,baseline,Nurse_56,3,9.0
53,baseline,Nurse_57,1,6.0
53,baseline,Nurse_58,3,17.0
53,baseline,Nurse_59,3,16.5
53,baseline,Nurse_60,2,13.0
53,baseline,Nurse_61,3,14.0
53,baseline,Nurse_62,0,5.5
53,baseline,Nurse_63,5,23.0
53,baseline,Nurse_64,2,14.5
53,baseline,Nurse_65,6,18.0
53,baseline,Nurse_66,3,16.5
53,baseline,Nurse_67,5,16.5
53,baseline,Nurse_68,3,15.0
53,baseline,Nurse_69,3,13.0
53,baseline,Nurse_70,0,4.5
53,strain,Nurse_01,4,15.0
53,strain,Nurse_02,1,11.0
53,strain,Nurse_03,3,16.5
53,strain,Nurse_04,0,6.5
53,strain,Nurse_05,2,17.0
53,strain,Nurse_06,2,14.0
53,strain,Nurse_07,1,13.5
53,strain,Nurse_08,0,3.0
53,strain,Nurse_09,0,10.0
53,strain,Nurse_10,3,18.0
53,strain,Nurse_11,4,22.5
53,strain,Nurse_12,1,7.5
53,strain,Nurse_13,3,14.0
53,strain,Nurse_14,1,4.5
53,strain,Nurse_15,2,18.5
53,strain,Nurse_16,1,8.0
53,strain,Nurse_17,1,14.0
53,strain,Nurse_18,2,15.5
53,strain,Nurse_19,2,10.5
53,strain,Nurse_20,0,11.0
53,strain,Nurse_21,5,15.0
53,strain,Nurse_22,1,14.0
53,strain,Nurse_23,1,15.5
53,strain,Nurse_24,2,19.0
53,strain,Nurse_25,0,5.5
53,strain,Nurse_26,2,15.5
53,strain,Nurse_27,0,7.5
53,strain,Nurse_28,3,15.5
53,strain,Nurse_29,1,14.0
53,strain,Nurse_30,1,12.5
53,strain,Nurse_31,3,13.0
53,strain,Nurse_32,0,10.0
53,strain,Nurse_33,2,9.0
53,strain,Nurse_34,1,9.0
53,strain,Nurse_35,1,12.0
53,strain,Nurse_36,3,19.0
53,strain,Nurse_37,0,6.0
53,strain,Nurse_38,1,8.5
53,strain,Nurse_39,1,9.0
53,strain,Nurse_40,0,11.0
53,strain,Nurse_41,0,8.0
53,strain,Nurse_42,2,15.0
53,strain,Nurse_43,3,10.0
53,strain,Nurse_44,2,15.0
53,strain,Nurse_45,4,16.0
53,strain,Nurse_46,0,6.0
53,strain,Nurse_47,0,3.0
53,strain,Nurse_48,2,14.0
53,strain,Nurse_49,1,15.0
53,strain,Nurse_50,1,14.0
53,strain,Nurse_51,3,14.0
53,strain,Nurse_52,1,16.0
53,strain,Nurse_53,2,14.0
53,strain,Nurse_54,3,17.5
53,strain,Nurse_55,2,10.0
53,strain,Nurse_56,3,13.5
53,strain,Nurse_57,0,6.0
53,strain,Nurse_58,3,17.0
53,strain,Nurse_59,3,13.0
53,strain,Nurse_60,2,13.0
53,strain,Nurse_61,3,12.5
53,strain,Nurse_62,0,7.0
53,strain,Nurse_63,0,16.0
53,strain,Nurse_64,1,10.0
53,strain,Nurse_65,3,10.5
53,strain,Nurse_66,2,17.0
53,strain,Nurse_67,2,10.5
53,strain,Nurse_68,2,13.0
53,strain,Nurse_69,0,8.5
53,strain,Nurse_70,0,5.5
54,baseline,Nurse_01,4,12.0
54,baseline,Nurse_02,4,17.0
54,baseline,Nurse_03,3,13.5
54,baseline,Nurse_04,4,24.5
54,baseline,Nurse_05,0,5.0
54,baseline,Nurse_06,1,8.5
54,baseline,Nurse_07,1,12.5
54,baseline,Nurse_08,3,18.0
54,baseline,Nurse_09,0,6.0
54,baseline,Nurse_10,1,13.0
54,baseline,Nurse_11,2,7.5
54,baseline,Nurse_12,2,15.0
54,baseline,Nurse_13,5,18.0
54,baseline,Nurse_14,2,21.5
54,baseline,Nurse_15,1,12.5
54,baseline,Nurse_16,3,13.5
54,baseline,Nurse_17,0,4.5
54,baseline,Nurse_18,0,12.0
54,baseline,Nurse_19,3,14.0
54,baseline,Nurse_20,0,5.5
54,baseline,Nurse_21,1,3.0
54,baseline,Nurse_22,2,14.5
54,baseline,Nurse_23,4,22.5
54,baseline,Nurse_24,2,9.5
54,baseline,Nurse_25,3,13.0
54,baseline,Nurse_26,3,14.0
54,baseline,Nurse_27,0,7.5
54,baseline,Nurse_28,0,1.5
54,baseline,Nurse_29,3,15.0
54,baseline,Nurse_30,4,20.0
54,baseline,Nurse_31,2,10.5
54,baseline,Nurse_32,6,21.0
54,baseline,Nurse_33,0,4.5
54,baseline,Nurse_34,3,12.0
54,baseline,Nurse_35,3,15.0
54,baseline,Nurse_36,3,9.0
54,baseline,Nurse_37,3,19.0
54,baseline,Nurse_38,2,17.0
54,baseline,Nurse_39,0,9.0
54,baseline,Nurse_40,4,18.0
54,baseline,Nurse_41,3,17.5
54,baseline,Nurse_42,0,5.0
54,baseline,Nurse_43,3,19.0
54,baseline,Nurse_44,5,22.0
54,baseline,Nurse_45,3,12.0
54,baseline,Nurse_46,1,3.0
54,baseline,Nurse_47,5,23.5
54,baseline,Nurse_48,5,21.0
54,baseline,Nurse_49,4,15.5
54,baseline,Nurse_50,5,18.0
54,baseline,Nurse_51,3,10.5
54,baseline,Nurse_52,0,8.0
54,baseline,Nurse_53,1,10.5
54,baseline,Nurse_54,4,20.5
54,baseline,Nurse_55,2,11.5
54,baseline,Nurse_56,3,21.0
54,baseline,Nurse_57,1,10.5
54,baseline,Nurse_58,4,19.0
54,baseline,Nurse_59,2,11.0
54,baseline,Nurse_60,3,20.0
54,baseline,Nurse_61,4,19.0
54,baseline,Nurse_62,4,21.0
54,baseline,Nurse_63,5,21.5
54,baseline,Nurse_64,0,6.0
54,baseline,Nurse_65,3,21.0
54,baseline,Nurse_66,1,8.5
54,baseline,Nurse_67,2,10.5
54,baseline,Nurse_68,3,15.5
54,baseline,Nurse_69,1,12.0
54,baseline,Nurse_70,1,18.0
54,strain,Nurse_01,3,12.0
54,strain,Nurse_02,1,10.0
54,strain,Nurse_03,1,9.0
54,strain,Nurse_04,3,21.5
54,strain,Nurse_05,0,3.5
54,strain,Nurse_06,1,8.5
54,strain,Nurse_07,0,11.0
54,strain,Nurse_08,2,12.5
54,strain,Nurse_09,0,9.5
54,strain,Nurse_10,0,13.0
54,strain,Nurse_11,1,3.0
54,strain,Nurse_12,1,13.0
54,strain,Nurse_13,3,15.0
54,strain,Nurse_14,2,16.5
54,strain,Nurse_15,1,10.0
54,strain,Nurse_16,3,13.5
54,strain,Nurse_17,0,5.5
54,strain,Nurse_18,0,13.0
54,strain,Nurse_19,3,15.5
54,strain,Nurse_20,0,4.0
54,strain,Nurse_21,1,9.0
54,strain,Nurse_22,2,12.0
54,strain,Nurse_23,3,14.0
54,strain,Nurse_24,0,5.5
54,strain,Nurse_25,1,10.0
54,strain,Nurse_26,3,15.5
54,strain,Nurse_27,0,9.0
54,strain,Nurse_28,0,4.5
54,strain,Nurse_29,2,14.0
54,strain,Nurse_30,3,17.0
54,strain,Nurse_31,2,9.0
54,strain,Nurse_32,4,17.5
54,strain,Nurse_33,1,11.0
54,strain,Nurse_34,3,10.5
54,strain,Nurse_35,2,12.5
54,strain,Nurse_36,3,12.0
54,strain,Nurse_37,2,19.0
54,strain,Nurse_38,2,11.5
54,strain,Nurse_39,0,9.5
54,strain,Nurse_40,3,13.5
54,strain,Nurse_41,2,14.5
54,strain,Nurse_42,0,5.0
54,strain,Nurse_43,2,15.0
54,strain,Nurse_44,2,18.5
54,strain,Nurse_45,3,12.0
54,strain,Nurse_46,1,7.5
54,strain,Nurse_47,5,21.0
54,strain,Nurse_48,2,16.5
54,strain,Nurse_49,2,15.0
54,strain,Nurse_50,3,15.5
54,strain,Nurse_51,2,12.0
54,strain,Nurse_52,0,11.0
54,strain,Nurse_53,0,5.0
54,strain,Nurse_54,1,15.0
54,strain,Nurse_55,2,11.5
54,strain,Nurse_56,1,12.0
54,strain,Nurse_57,1,15.0
54,strain,Nurse_58,3,18.5
54,strain,Nurse_59,2,12.0
54,strain,Nurse_60,1,15.0
54,strain,Nurse_61,2,15.0
54,strain,Nurse_62,2,16.0
54,strain,Nurse_63,1,15.0
54,strain,Nurse_64,0,12.5
54,strain,Nurse_65,2,16.0
54,strain,Nurse_66,1,7.0
54,strain,Nurse_67,2,12.0
54,strain,Nurse_68,2,15.5
54,strain,Nurse_69,0,10.5
54,strain,Nurse_70,0,13.5
55,baseline,Nurse_01,2,17.5
55,baseline,Nurse_02,1,13.0
55,baseline,Nurse_03,3,19.5
55,baseline,Nurse_04,3,19.0
55,baseline,Nurse_05,4,18.5
55,baseline,Nurse_06,0,7.0
55,baseline,Nurse_07,1,10.5
55,baseline,Nurse_08,1,8.0
55,baseline,Nurse_09,4,17.5
55,baseline,Nurse_10,1,9.0
55,baseline,Nurse_11,2,7.5
55,baseline,Nurse_12,4,19.5
55,baseline,Nurse_13,2,10.0
55,baseline,Nurse_14,0,4.5
55,baseline,Nurse_15,5,20.5
55,baseline,Nurse_16,0,6.5
55,baseline,Nurse_17,4,17.0
55,baseline,Nurse_18,3,14.0
55,baseline,Nurse_19,1,11.5
55,baseline,Nurse_20,1,10.5
55,baseline,Nurse_21,4,22.0
55,baseline,Nurse_22,1,18.0
55,baseline,Nurse_23,3,11.0
55,baseline,Nurse_24,2,14.0
55,baseline,Nurse_25,3,19.5
55,baseline,Nurse_26,4,20.0
55,baseline,Nurse_27,5,15.0
55,baseline,Nurse_28,5,21.0
55,baseline,Nurse_29,5,15.0
55,baseline,Nurse_30,4,19.0
55,baseline,Nurse_31,3,11.0
55,baseline,Nurse_32,2,14.0
55,baseline,Nurse_33,4,16.0
55,baseline,Nurse_34,3,16.5
55,baseline,Nurse_35,0,7.5
55,baseline,Nurse_36,2,13.5
55,baseline,Nurse_37,2,9.5
55,baseline,Nurse_38,0,4.0
55,baseline,Nurse_39,6,22.5
55,baseline,Nurse_40,2,13.5
55,baseline,Nurse_41,3,19.0
55,baseline,Nurse_42,0,7.5
55,baseline,Nurse_43,1,6.0
55,baseline,Nurse_44,7,29.0
55,baseline,Nurse_45,2,12.0
55,baseline,Nurse_46,2,11.5
55,baseline,Nurse_47,0,2.0
55,baseline,Nurse_48,2,10.0
55,baseline,Nurse_49,5,26.0
55,baseline,Nurse_50,3,21.0
55,baseline,Nurse_51,2,11.0
55,baseline,Nurse_52,3,9.0
55,baseline,Nurse_53,2,13.5
55,baseline,Nurse_54,1,11.0
55,baseline,Nurse_55,0,7.5
55,baseline,Nurse_56,2,12.0
55,baseline,Nurse_57,1,8.5
55,baseline,Nurse_58,0,9.0
55,baseline,Nurse_59,3,20.0
55,baseline,Nurse_60,4,19.5
55,baseline,Nurse_61,1,8.5
55,baseline,Nurse_62,5,20.0
55,baseline,Nurse_63,2,15.0
55,baseline,Nurse_64,3,14.5
55,baseline,Nurse_65,4,21.5
55,baseline,Nurse_66,1,11.5
55,baseline,Nurse_67,3,19.0
55,baseline,Nurse_68,3,15.0
55,baseline,Nurse_69,1,3.0
55,baseline,Nurse_70,1,10.5
55,strain,Nurse_01,2,19.5
55,strain,Nurse_02,1,10.5
55,strain,Nurse_03,1,13.0
55,strain,Nurse_04,1,14.5
55,strain,Nurse_05,3,15.5
55,strain,Nurse_06,0,9.5
55,strain,Nurse_07,1,9.0
55,strain,Nurse_08,0,9.0
55,strain,Nurse_09,1,16.0
55,strain,Nurse_10,1,7.5
55,strain,Nurse_11,2,6.0
55,strain,Nurse_12,2,15.0
55,strain,Nurse_13,1,12.5
55,strain,Nurse_14,0,3.0
55,strain,Nurse_15,2,14.5
55,strain,Nurse_16,0,10.0
55,strain,Nurse_17,2,14.5
55,strain,Nurse_18,2,12.5
55,strain,Nurse_19,0,12.5
55,strain,Nurse_20,0,9.0
55,strain,Nurse_21,2,17.0
55,strain,Nurse_22,1,15.5
55,strain,Nurse_23,3,12.5
55,strain,Nurse_24,0,9.5
55,strain,Nurse_25,2,19.5
55,strain,Nurse_26,2,17.0
55,strain,Nurse_27,4,13.5
55,strain,Nurse_28,4,21.0
55,strain,Nurse_29,4,15.0
55,strain,Nurse_30,3,14.5
55,strain,Nurse_31,2,11.5
55,strain,Nurse_32,2,14.0
55,strain,Nurse_33,4,16.5
55,strain,Nurse_34,2,13.5
55,strain,Nurse_35,0,11.5
55,strain,Nurse_36,1,13.5
55,strain,Nurse_37,1,9.5
55,strain,Nurse_38,0,4.0
55,strain,Nurse_39,4,16.5
55,strain,Nurse_40,1,9.0
55,strain,Nurse_41,2,13.0
55,strain,Nurse_42,0,10.0
55,strain,Nurse_43,1,7.5
55,strain,Nurse_44,3,20.5
55,strain,Nurse_45,2,12.0
55,strain,Nurse_46,2,15.0
55,strain,Nurse_47,0,6.5
55,strain,Nurse_48,2,10.0
55,strain,Nurse_49,2,20.5
55,strain,Nurse_50,1,11.0
55,strain,Nurse_51,1,12.5
55,strain,Nurse_52,3,9.0
55,strain,Nurse_53,2,15.5
55,strain,Nurse_54,0,10.5
55,strain,Nurse_55,0,9.0
55,strain,Nurse_56,0,6.5
55,strain,Nurse_57,0,5.5
55,strain,Nurse_58,0,6.0
55,strain,Nurse_59,1,13.5
55,strain,Nurse_60,3,18.0
55,strain,Nurse_61,1,8.5
55,strain,Nurse_62,3,18.0
55,strain,Nurse_63,1,9.0
55,strain,Nurse_64,2,13.0
55,strain,Nurse_65,2,17.5
55,strain,Nurse_66,1,10.0
55,strain,Nurse_67,3,16.0
55,strain,Nurse_68,2,10.5
55,strain,Nurse_69,1,4.5
55,strain,Nurse_70,1,9.0
56,baseline,Nurse_01,3,22.0
56,baseline,Nurse_02,3,18.0
56,baseline,Nurse_03,2,10.0
56,baseline,Nurse_04,4,24.0
56,baseline,Nurse_05,4,16.0
56,baseline,Nurse_06,3,20.0
56,baseline,Nurse_07,5,25.0
56,baseline,Nurse_08,4,22.5
56,baseline,Nurse_09,2,10.5
56,baseline,Nurse_10,4,18.5
56,baseline,Nurse_11,3,14.0
56,baseline,Nurse_12,4,13.5
56,baseline,Nurse_13,1,12.0
56,baseline,Nurse_14,0,1.0
56,baseline,Nurse_15,0,6.5
56,baseline,Nurse_16,1,8.0
56,baseline,Nurse_17,3,10.5
56,baseline,Nurse_18,2,12.5
56,baseline,Nurse_19,4,15.5
56,baseline,Nurse_20,2,11.5
56,baseline,Nurse_21,3,20.0
56,baseline,Nurse_22,4,17.0
56,baseline,Nurse_23,2,9.0
56,baseline,Nurse_24,4,19.0
56,baseline,Nurse_25,3,17.0
56,baseline,Nurse_26,1,12.5
56,baseline,Nurse_27,1,11.0
56,baseline,Nurse_28,1,14.5
56,baseline,Nurse_29,0,11.0
56,baseline,Nurse_30,2,9.0
56,baseline,Nurse_31,2,16.5
56,baseline,Nurse_32,2,14.0
56,baseline,Nurse_33,4,16.0
56,baseline,Nurse_34,1,6.5
56,baseline,Nurse_35,4,13.5
56,baseline,Nurse_36,3,14.0
56,baseline,Nurse_37,3,19.0
56,baseline,Nurse_38,3,13.5
56,baseline,Nurse_39,4,20.5
56,baseline,Nurse_40,4,21.0
56,baseline,Nurse_41,2,10.0
56,baseline,Nurse_42,5,21.0
56,baseline,Nurse_43,2,10.0
56,baseline,Nurse_44,5,16.5
56,baseline,Nurse_45,2,11.5
56,baseline,Nurse_46,4,16.5
56,baseline,Nurse_47,3,20.0
56,baseline,Nurse_48,4,23.0
56,baseline,Nurse_49,3,16.5
56,baseline,Nurse_50,4,23.5
56,baseline,Nurse_51,3,13.5
56,baseline,Nurse_52,1,10.5
56,baseline,Nurse_53,1,9.5
56,baseline,Nurse_54,3,13.5
56,baseline,Nurse_55,0,4.0
56,baseline,Nurse_56,2,15.5
56,baseline,Nurse_57,1,8.0
56,baseline,Nurse_58,5,15.0
56,baseline,Nurse_59,2,14.5
56,baseline,Nurse_60,1,11.5
56,baseline,Nurse_61,0,10.0
56,baseline,Nurse_62,2,12.0
56,baseline,Nurse_63,3,22.0
56,baseline,Nurse_64,5,23.0
56,baseline,Nurse_65,0,6.5
56,baseline,Nurse_66,3,16.0
56,baseline,Nurse_67,1,3.0
56,baseline,Nurse_68,5,19.0
56,baseline,Nurse_69,3,14.5
56,baseline,Nurse_70,1,12.0
56,strain,Nurse_01,1,13.5
56,strain,Nurse_02,2,15.0
56,strain,Nurse_03,1,10.0
56,strain,Nurse_04,1,16.0
56,strain,Nurse_05,4,17.5
56,strain,Nurse_06,1,18.0
56,strain,Nurse_07,2,21.5
56,strain,Nurse_08,3,20.5
56,strain,Nurse_09,1,9.0
56,strain,Nurse_10,3,15.5
56,strain,Nurse_11,2,13.0
56,strain,Nurse_12,3,10.5
56,strain,Nurse_13,1,13.5
56,strain,Nurse_14,0,7.5
56,strain,Nurse_15,0,8.0
56,strain,Nurse_16,1,11.0
56,strain,Nurse_17,3,10.5
56,strain,Nurse_18,0,6.5
56,strain,Nurse_19,2,13.0
56,strain,Nurse_20,1,7.0
56,strain,Nurse_21,2,15.5
56,strain,Nurse_22,2,14.0
56,strain,Nurse_23,2,10.5
56,strain,Nurse_24,2,13.5
56,strain,Nurse_25,3,17.0
56,strain,Nurse_26,0,13.5
56,strain,Nurse_27,1,11.0
56,strain,Nurse_28,1,14.5
56,strain,Nurse_29,0,12.0
56,strain,Nurse_30,2,10.5
56,strain,Nurse_31,1,18.5
56,strain,Nurse_32,0,12.5
56,strain,Nurse_33,4,16.0
56,strain,Nurse_34,1,10.0
56,strain,Nurse_35,3,12.0
56,strain,Nurse_36,3,14.0
56,strain,Nurse_37,1,13.0
56,strain,Nurse_38,2,11.0
56,strain,Nurse_39,3,17.5
56,strain,Nurse_40,2,14.0
56,strain,Nurse_41,1,7.0
56,strain,Nurse_42,3,19.0
56,strain,Nurse_43,2,10.0
56,strain,Nurse_44,3,12.0
56,strain,Nurse_45,2,11.5
56,strain,Nurse_46,3,13.5
56,strain,Nurse_47,2,19.5
56,strain,Nurse_48,2,18.0
56,strain,Nurse_49,2,15.0
56,strain,Nurse_50,3,18.0
56,strain,Nurse_51,3,12.0
56,strain,Nurse_52,0,6.5
56,strain,Nurse_53,1,8.5
56,strain,Nurse_54,3,12.0
56,strain,Nurse_55,0,5.5
56,strain,Nurse_56,2,15.5
56,strain,Nurse_57,1,11.0
56,strain,Nurse_58,2,10.5
56,strain,Nurse_59,2,10.0
56,strain,Nurse_60,1,11.5
56,strain,Nurse_61,0,12.5
56,strain,Nurse_62,1,9.5
56,strain,Nurse_63,3,20.0
56,strain,Nurse_64,4,20.0
56,strain,Nurse_65,0,8.0
56,strain,Nurse_66,2,16.5
56,strain,Nurse_67,1,4.5
56,strain,Nurse_68,4,18.5
56,strain,Nurse_69,2,13.0
56,strain,Nurse_70,0,11.0
57,baseline,Nurse_01,4,15.0
57,baseline,Nurse_02,4,16.5
57,baseline,Nurse_03,4,19.5
57,baseline,Nurse_04,3,16.0
57,baseline,Nurse_05,4,24.0
57,baseline,Nurse_06,4,17.0
57,baseline,Nurse_07,5,22.5
57,baseline,Nurse_08,1,5.5
57,baseline,Nurse_09,3,11.0
57,baseline,Nurse_10,5,21.5
57,baseline,Nurse_11,5,26.0
57,baseline,Nurse_12,1,6.0
57,baseline,Nurse_13,1,4.5
57,baseline,Nurse_14,0,7.0
57,baseline,Nurse_15,3,12.0
57,baseline,Nurse_16,4,21.0
57,baseline,Nurse_17,3,13.5
57,baseline,Nurse_18,3,16.0
57,baseline,Nurse_19,3,18.0
57,baseline,Nurse_20,2,13.5
57,baseline,Nurse_21,3,17.0
57,baseline,Nurse_22,1,9.5
57,baseline,Nurse_23,1,10.0
57,baseline,Nurse_24,4,16.0
57,baseline,Nurse_25,1,8.0
57,baseline,Nurse_26,0,14.5
57,baseline,Nurse_27,3,15.5
57,baseline,Nurse_28,2,13.5
57,baseline,Nurse_29,1,8.0
57,baseline,Nurse_30,3,20.0
57,baseline,Nurse_31,4,23.5
57,baseline,Nurse_32,2,10.5
57,baseline,Nurse_33,4,21.5
57,baseline,Nurse_34,3,18.5
57,baseline,Nurse_35,2,14.5
57,baseline,Nurse_36,3,18.0
57,baseline,Nurse_37,1,7.5
57,baseline,Nurse_38,4,19.5
57,baseline,Nurse_39,0,4.0
57,baseline,Nurse_40,4,21.0
57,baseline,Nurse_41,3,9.0
57,baseline,Nurse_42,5,20.0
57,baseline,Nurse_43,3,19.0
57,baseline,Nurse_44,1,11.5
57,baseline,Nurse_45,2,13.5
57,baseline,Nurse_46,3,14.5
57,baseline,Nurse_47,3,9.0
57,baseline,Nurse_48,4,25.0
57,baseline,Nurse_49,2,7.5
57,baseline,Nurse_50,2,11.0
57,baseline,Nurse_51,1,14.0
57,baseline,Nurse_52,1,6.5
57,baseline,Nurse_53,3,19.0
57,baseline,Nurse_54,5,24.0
57,baseline,Nurse_55,2,7.5
57,baseline,Nurse_56,1,9.5
57,baseline,Nurse_57,2,14.5
57,baseline,Nurse_58,3,18.0
57,baseline,Nurse_59,4,17.5
57,baseline,Nurse_60,1,7.5
57,baseline,Nurse_61,0,4.5
57,baseline,Nurse_62,4,17.5
57,baseline,Nurse_63,4,19.5
57,baseline,Nurse_64,3,14.0
57,baseline,Nurse_65,4,19.5
57,baseline,Nurse_66,3,10.5
57,baseline,Nurse_67,3,17.0
57,baseline,Nurse_68,4,15.0
57,baseline,Nurse_69,5,23.0
57,baseline,Nurse_70,1,14.0
57,strain,Nurse_01,4,18.0
57,strain,Nurse_02,1,13.0
57,strain,Nurse_03,2,13.5
57,strain,Nurse_04,2,15.0
57,strain,Nurse_05,2,14.5
57,strain,Nurse_06,4,17.0
57,strain,Nurse_07,4,18.5
57,strain,Nurse_08,1,7.0
57,strain,Nurse_09,3,11.0
57,strain,Nurse_10,2,15.0
57,strain,Nurse_11,0,17.0
57,strain,Nurse_12,1,4.5
57,strain,Nurse_13,0,3.0
57,strain,Nurse_14,0,8.5
57,strain,Nurse_15,2,12.0
57,strain,Nurse_16,2,16.5
57,strain,Nurse_17,3,13.5
57,strain,Nurse_18,0,11.0
57,strain,Nurse_19,2,18.0
57,strain,Nurse_20,1,9.5
57,strain,Nurse_21,2,16.5
57,strain,Nurse_22,0,10.5
57,strain,Nurse_23,1,10.0
57,strain,Nurse_24,3,13.5
57,strain,Nurse_25,1,8.0
57,strain,Nurse_26,0,7.0
57,strain,Nurse_27,3,14.0
57,strain,Nurse_28,0,13.5
57,strain,Nurse_29,1,9.5
57,strain,Nurse_30,2,16.0
57,strain,Nurse_31,2,17.0
57,strain,Nurse_32,2,11.0
57,strain,Nurse_33,0,16.0
57,strain,Nurse_34,1,14.0
57,strain,Nurse_35,1,15.5
57,strain,Nurse_36,3,16.5
57,strain,Nurse_37,1,6.0
57,strain,Nurse_38,2,18.5
57,strain,Nurse_39,0,5.5
57,strain,Nurse_40,2,15.0
57,strain,Nurse_41,2,7.5
57,strain,Nurse_42,4,20.0
57,strain,Nurse_43,1,13.0
57,strain,Nurse_44,1,10.0
57,strain,Nurse_45,1,9.0
57,strain,Nurse_46,1,11.0
57,strain,Nurse_47,2,12.0
57,strain,Nurse_48,2,21.0
57,strain,Nurse_49,1,9.0
57,strain,Nurse_50,1,12.5
57,strain,Nurse_51,0,12.0
57,strain,Nurse_52,0,2.0
57,strain,Nurse_53,2,11.0
57,strain,Nurse_54,3,20.0
57,strain,Nurse_55,1,7.5
57,strain,Nurse_56,1,9.5
57,strain,Nurse_57,1,11.5
57,strain,Nurse_58,3,18.0
57,strain,Nurse_59,3,14.5
57,strain,Nurse_60,1,9.5
57,strain,Nurse_61,0,6.0
57,strain,Nurse_62,4,17.5
57,strain,Nurse_63,2,15.5
57,strain,Nurse_64,1,9.0
57,strain,Nurse_65,3,16.5
57,strain,Nurse_66,1,7.5
57,strain,Nurse_67,1,12.5
57,strain,Nurse_68,4,15.0
57,strain,Nurse_69,2,19.5
57,strain,Nurse_70,0,12.0
58,baseline,Nurse_01,1,6.0
58,baseline,Nurse_02,1,6.5
58,baseline,Nurse_03,6,28.5
58,baseline,Nurse_04,3,15.0
58,baseline,Nurse_05,0,7.5
58,baseline,Nurse_06,2,11.0
58,baseline,Nurse_07,1,8.5
58,baseline,Nurse_08,5,21.0
58,baseline,Nurse_09,2,13.5
58,baseline,Nurse_10,2,8.0
58,baseline,Nurse_11,3,16.0
58,baseline,Nurse_12,5,23.0
58,baseline,Nurse_13,2,15.0
58,baseline,Nurse_14,4,18.5
58,baseline,Nurse_15,7,28.0
58,baseline,Nurse_16,0,8.0
58,baseline,Nurse_17,2,7.5
58,baseline,Nurse_18,0,5.5
58,baseline,Nurse_19,2,6.0
58,baseline,Nurse_20,5,26.0
58,baseline,Nurse_21,3,17.5
58,baseline,Nurse_22,5,24.0
58,baseline,Nurse_23,4,23.5
58,baseline,Nurse_24,4,13.5
58,baseline,Nurse_25,2,12.5
58,baseline,Nurse_26,1,8.5
58,baseline,Nurse_27,0,2.0
58,baseline,Nurse_28,5,27.5
58,baseline,Nurse_29,3,13.5
58,baseline,Nurse_30,2,11.5
58,baseline,Nurse_31,1,10.0
58,baseline,Nurse_32,4,22.5
58,baseline,Nurse_33,4,17.5
58,baseline,Nurse_34,5,21.5
58,baseline,Nurse_35,2,16.5
58,baseline,Nurse_36,2,14.0
58,baseline,Nurse_37,1,9.0
58,baseline,Nurse_38,3,14.5
58,baseline,Nurse_39,5,18.0
58,baseline,Nurse_40,3,18.0
58,baseline,Nurse_41,0,7.5
58,baseline,Nurse_42,5,20.0
58,baseline,Nurse_43,5,20.0
58,baseline,Nurse_44,0,0.0
58,baseline,Nurse_45,1,10.5
58,baseline,Nurse_46,0,6.5
58,baseline,Nurse_47,1,12.5
58,baseline,Nurse_48,0,12.5
58,baseline,Nurse_49,1,13.5
58,baseline,Nurse_50,1,7.5
58,baseline,Nurse_51,1,8.0
58,baseline,Nurse_52,1,11.5
58,baseline,Nurse_53,3,11.0
58,baseline,Nurse_54,5,19.5
58,baseline,Nurse_55,2,13.0
58,baseline,Nurse_56,0,7.0
58,baseline,Nurse_57,2,13.0
58,baseline,Nurse_58,6,24.5
58,baseline,Nurse_59,2,12.5
58,baseline,Nurse_60,3,12.0
58,baseline,Nurse_61,2,9.0
58,baseline,Nurse_62,5,25.0
58,baseline,Nurse_63,3,17.5
58,baseline,Nurse_64,1,3.0
58,baseline,Nurse_65,2,15.5
58,baseline,Nurse_66,6,29.0
58,baseline,Nurse_67,0,5.5
58,baseline,Nurse_68,5,25.0
58,baseline,Nurse_69,0,7.5
58,baseline,Nurse_70,3,12.0
58,strain,Nurse_01,1,6.0
58,strain,Nurse_02,0,5.0
58,strain,Nurse_03,4,20.5
58,strain,Nurse_04,0,6.0
58,strain,Nurse_05,0,7.0
58,strain,Nurse_06,2,12.5
58,strain,Nurse_07,1,8.5
58,strain,Nurse_08,4,19.5
58,strain,Nurse_09,2,11.0
58,strain,Nurse_10,1,6.5
58,strain,Nurse_11,1,16.0
58,strain,Nurse_12,3,18.0
58,strain,Nurse_13,1,14.5
58,strain,Nurse_14,2,15.5
58,strain,Nurse_15,3,18.5
58,strain,Nurse_16,0,9.5
58,strain,Nurse_17,1,6.0
58,strain,Nurse_18,0,6.5
58,strain,Nurse_19,1,4.5
58,strain,Nurse_20,4,22.0
58,strain,Nurse_21,2,15.5
58,strain,Nurse_22,3,21.0
58,strain,Nurse_23,3,21.0
58,strain,Nurse_24,3,13.5
58,strain,Nurse_25,2,14.0
58,strain,Nurse_26,1,9.5
58,strain,Nurse_27,0,2.0
58,strain,Nurse_28,3,20.5
58,strain,Nurse_29,1,9.0
58,strain,Nurse_30,2,11.5
58,strain,Nurse_31,1,11.0
58,strain,Nurse_32,3,21.0
58,strain,Nurse_33,3,16.5
58,strain,Nurse_34,3,17.0
58,strain,Nurse_35,1,15.5
58,strain,Nurse_36,1,14.0
58,strain,Nurse_37,1,9.0
58,strain,Nurse_38,2,10.0
58,strain,Nurse_39,5,15.0
58,strain,Nurse_40,2,17.5
58,strain,Nurse_41,0,9.0
58,strain,Nurse_42,5,20.0
58,strain,Nurse_43,3,18.0
58,strain,Nurse_44,0,3.0
58,strain,Nurse_45,0,9.0
58,strain,Nurse_46,0,6.5
58,strain,Nurse_47,1,12.5
58,strain,Nurse_48,0,10.0
58,strain,Nurse_49,0,10.0
58,strain,Nurse_50,1,7.5
58,strain,Nurse_51,0,5.5
58,strain,Nurse_52,1,13.0
58,strain,Nurse_53,3,11.0
58,strain,Nurse_54,3,14.5
58,strain,Nurse_55,1,11.5
58,strain,Nurse_56,0,10.5
58,strain,Nurse_57,1,12.5
58,strain,Nurse_58,5,21.5
58,strain,Nurse_59,1,11.5
58,strain,Nurse_60,2,9.0
58,strain,Nurse_61,2,6.0
58,strain,Nurse_62,2,19.0
58,strain,Nurse_63,1,16.5
58,strain,Nurse_64,0,1.5
58,strain,Nurse_65,1,14.0
58,strain,Nurse_66,1,15.0
58,strain,Nurse_67,0,6.0
58,strain,Nurse_68,3,17.5
58,strain,Nurse_69,0,6.0
58,strain,Nurse_70,2,7.5
59,baseline,Nurse_01,0,8.5
59,baseline,Nurse_02,2,7.5
59,baseline,Nurse_03,0,1.5
59,baseline,Nurse_04,4,19.5
59,baseline,Nurse_05,3,21.0
59,baseline,Nurse_06,0,3.0
59,baseline,Nurse_07,3,14.5
59,baseline,Nurse_08,0,7.5
59,baseline,Nurse_09,3,20.0
59,baseline,Nurse_10,2,15.0
59,baseline,Nurse_11,0,4.0
59,baseline,Nurse_12,2,7.5
59,baseline,Nurse_13,1,10.0
59,baseline,Nurse_14,2,14.5
59,baseline,Nurse_15,1,9.0
59,baseline,Nurse_16,3,14.5
59,baseline,Nurse_17,6,25.5
59,baseline,Nurse_18,6,23.5
59,baseline,Nurse_19,0,6.0
59,baseline,Nurse_20,5,23.5
59,baseline,Nurse_21,5,21.0
59,baseline,Nurse_22,5,25.0
59,baseline,Nurse_23,0,6.5
59,baseline,Nurse_24,4,20.0
59,baseline,Nurse_25,0,6.0
59,baseline,Nurse_26,3,14.5
59,baseline,Nurse_27,5,21.5
59,baseline,Nurse_28,1,11.0
59,baseline,Nurse_29,0,10.5
59,baseline,Nurse_30,0,6.0
59,baseline,Nurse_31,0,8.0
59,baseline,Nurse_32,1,10.5
59,baseline,Nurse_33,4,19.0
59,baseline,Nurse_34,6,26.5
59,baseline,Nurse_35,0,1.5
59,baseline,Nurse_36,3,12.5
59,baseline,Nurse_37,2,7.5
59,baseline,Nurse_38,0,6.5
59,baseline,Nurse_39,1,12.0
59,baseline,Nurse_40,5,23.5
59,baseline,Nurse_41,2,12.0
59,baseline,Nurse_42,2,14.5
59,baseline,Nurse_43,3,17.5
59,baseline,Nurse_44,4,18.5
59,baseline,Nurse_45,5,19.5
59,baseline,Nurse_46,1,11.5
59,baseline,Nurse_47,4,22.0
59,baseline,Nurse_48,0,7.0
59,baseline,Nurse_49,3,15.5
59,baseline,Nurse_50,4,17.0
59,baseline,Nurse_51,2,10.5
59,baseline,Nurse_52,3,18.5
59,baseline,Nurse_53,3,16.5
59,baseline,Nurse_54,2,12.0
59,baseline,Nurse_55,4,13.5
59,baseline,Nurse_56,4,13.5
59,baseline,Nurse_57,3,14.0
59,baseline,Nurse_58,6,27.0
59,baseline,Nurse_59,3,15.5
59,baseline,Nurse_60,0,13.5
59,baseline,Nurse_61,2,6.0
59,baseline,Nurse_62,6,27.0
59,baseline,Nurse_63,4,14.0
59,baseline,Nurse_64,1,12.0
59,baseline,Nurse_65,5,22.5
59,baseline,Nurse_66,4,21.5
59,baseline,Nurse_67,4,19.5
59,baseline,Nurse_68,3,16.0
59,baseline,Nurse_69,3,10.5
59,baseline,Nurse_70,4,20.0
59,strain,Nurse_01,1,10.0
59,strain,Nurse_02,1,6.0
59,strain,Nurse_03,1,6.0
59,strain,Nurse_04,4,17.0
59,strain,Nurse_05,3,18.0
59,strain,Nurse_06,0,5.5
59,strain,Nurse_07,3,14.5
59,strain,Nurse_08,0,10.0
59,strain,Nurse_09,2,14.5
59,strain,Nurse_10,1,15.0
59,strain,Nurse_11,0,6.0
59,strain,Nurse_12,2,10.5
59,strain,Nurse_13,0,7.0
59,strain,Nurse_14,1,13.0
59,strain,Nurse_15,1,9.5
59,strain,Nurse_16,2,14.0
59,strain,Nurse_17,2,17.5
59,strain,Nurse_18,3,17.5
59,strain,Nurse_19,0,6.0
59,strain,Nurse_20,3,16.5
59,strain,Nurse_21,2,17.5
59,strain,Nurse_22,3,19.5
59,strain,Nurse_23,0,12.5
59,strain,Nurse_24,3,18.5
59,strain,Nurse_25,0,10.0
59,strain,Nurse_26,3,14.5
59,strain,Nurse_27,3,17.5
59,strain,Nurse_28,1,13.5
59,strain,Nurse_29,0,12.0
59,strain,Nurse_30,0,7.5
59,strain,Nurse_31,0,8.0
59,strain,Nurse_32,1,14.0
59,strain,Nurse_33,3,16.0
59,strain,Nurse_34,3,22.5
59,strain,Nurse_35,0,4.5
59,strain,Nurse_36,3,12.5
59,strain,Nurse_37,2,12.0
59,strain,Nurse_38,0,8.0
59,strain,Nurse_39,0,10.0
59,strain,Nurse_40,3,18.0
59,strain,Nurse_41,1,11.0
59,strain,Nurse_42,1,13.0
59,strain,Nurse_43,2,12.0
59,strain,Nurse_44,3,14.5
59,strain,Nurse_45,4,16.5
59,strain,Nurse_46,0,10.0
59,strain,Nurse_47,3,18.0
59,strain,Nurse_48,0,10.0
59,strain,Nurse_49,2,11.0
59,strain,Nurse_50,4,18.5
59,strain,Nurse_51,2,9.0
59,strain,Nurse_52,3,15.0
59,strain,Nurse_53,2,12.0
59,strain,Nurse_54,1,10.5
59,strain,Nurse_55,3,10.5
59,strain,Nurse_56,3,12.0
59,strain,Nurse_57,2,15.0
59,strain,Nurse_58,3,21.5
59,strain,Nurse_59,3,14.5
59,strain,Nurse_60,0,10.0
59,strain,Nurse_61,1,6.0
59,strain,Nurse_62,1,17.0
59,strain,Nurse_63,2,11.5
59,strain,Nurse_64,1,13.5
59,strain,Nurse_65,3,17.0
59,strain,Nurse_66,2,11.5
59,strain,Nurse_67,1,13.5
59,strain,Nurse_68,3,16.0
59,strain,Nurse_69,2,7.5
59,strain,Nurse_70,3,20.0
60,baseline,Nurse_01,5,20.0
60,baseline,Nurse_02,4,18.0
60,baseline,Nurse_03,5,19.0
60,baseline,Nurse_04,0,6.0
60,baseline,Nurse_05,1,4.5
60,baseline,Nurse_06,0,6.0
60,baseline,Nurse_07,1,18.0
60,baseline,Nurse_08,0,7.5
60,baseline,Nurse_09,2,17.5
60,baseline,Nurse_10,5,17.5
60,baseline,Nurse_11,2,14.0
60,baseline,Nurse_12,3,17.0
60,baseline,Nurse_13,3,18.0
60,baseline,Nurse_14,2,17.5
60,baseline,Nurse_15,2,15.5
60,baseline,Nurse_16,3,15.5
60,baseline,Nurse_17,5,20.0
60,baseline,Nurse_18,2,13.0
60,baseline,Nurse_19,3,17.0
60,baseline,Nurse_20,3,17.5
60,baseline,Nurse_21,4,15.5
60,baseline,Nurse_22,4,23.0
60,baseline,Nurse_23,1,6.0
60,baseline,Nurse_24,0,6.5
60,baseline,Nurse_25,0,12.0
60,baseline,Nurse_26,1,11.0
60,baseline,Nurse_27,0,7.0
60,baseline,Nurse_28,0,12.0
60,baseline,Nurse_29,3,17.5
60,baseline,Nurse_30,5,20.5
60,baseline,Nurse_31,4,21.5
60,baseline,Nurse_32,7,28.0
60,baseline,Nurse_33,4,16.0
60,baseline,Nurse_34,3,13.0
60,baseline,Nurse_35,4,19.0
60,baseline,Nurse_36,4,20.5
60,baseline,Nurse_37,3,12.0
60,baseline,Nurse_38,3,12.0
60,baseline,Nurse_39,3,13.0
60,baseline,Nurse_40,1,3.0
60,baseline,Nurse_41,0,11.0
60,baseline,Nurse_42,1,7.0
60,baseline,Nurse_43,0,6.0
60,baseline,Nurse_44,2,9.0
60,baseline,Nurse_45,0,8.5
60,baseline,Nurse_46,0,5.5
60,baseline,Nurse_47,4,16.0
60,baseline,Nurse_48,4,20.0
60,baseline,Nurse_49,3,9.0
60,baseline,Nurse_50,2,9.0
60,baseline,Nurse_51,3,16.5
60,baseline,Nurse_52,3,21.0
60,baseline,Nurse_53,2,9.0
60,baseline,Nurse_54,2,6.0
60,baseline,Nurse_55,4,20.0
60,baseline,Nurse_56,5,21.0
60,baseline,Nurse_57,7,29.5
60,baseline,Nurse_58,2,12.0
60,baseline,Nurse_59,2,12.0
60,baseline,Nurse_60,4,17.0
60,baseline,Nurse_61,4,16.0
60,baseline,Nurse_62,6,27.5
60,baseline,Nurse_63,2,14.0
60,baseline,Nurse_64,0,6.5
60,baseline,Nurse_65,0,9.5
60,baseline,Nurse_66,4,12.0
60,baseline,Nurse_67,1,3.0
60,baseline,Nurse_68,0,7.5
60,baseline,Nurse_69,2,9.0
60,baseline,Nurse_70,2,13.5
60,strain,Nurse_01,3,16.5
60,strain,Nurse_02,3,15.5
60,strain,Nurse_03,4,19.0
60,strain,Nurse_04,0,8.5
60,strain,Nurse_05,0,3.0
60,strain,Nurse_06,0,6.0
60,strain,Nurse_07,1,18.0
60,strain,Nurse_08,0,10.0
60,strain,Nurse_09,1,15.5
60,strain,Nurse_10,4,14.5
60,strain,Nurse_11,1,12.0
60,strain,Nurse_12,2,15.0
60,strain,Nurse_13,3,16.5
60,strain,Nurse_14,2,15.0
60,strain,Nurse_15,1,11.5
60,strain,Nurse_16,2,12.5
60,strain,Nurse_17,1,14.0
60,strain,Nurse_18,0,7.0
60,strain,Nurse_19,2,13.5
60,strain,Nurse_20,2,17.0
60,strain,Nurse_21,3,11.0
60,strain,Nurse_22,2,15.5
60,strain,Nurse_23,1,10.0
60,strain,Nurse_24,0,8.0
60,strain,Nurse_25,0,9.5
60,strain,Nurse_26,1,11.0
60,strain,Nurse_27,0,7.0
60,strain,Nurse_28,0,16.5
60,strain,Nurse_29,1,12.0
60,strain,Nurse_30,1,12.5
60,strain,Nurse_31,2,14.0
60,strain,Nurse_32,3,21.0
60,strain,Nurse_33,3,14.5
60,strain,Nurse_34,3,13.0
60,strain,Nurse_35,2,13.0
60,strain,Nurse_36,2,17.5
60,strain,Nurse_37,2,9.0
60,strain,Nurse_38,1,6.0
60,strain,Nurse_39,3,13.0
60,strain,Nurse_40,1,7.5
60,strain,Nurse_41,0,7.0
60,strain,Nurse_42,1,8.5
60,strain,Nurse_43,0,9.5
60,strain,Nurse_44,1,10.0
60,strain,Nurse_45,0,11.5
60,strain,Nurse_46,0,8.0
60,strain,Nurse_47,2,13.5
60,strain,Nurse_48,3,14.5
60,strain,Nurse_49,2,9.0
60,strain,Nurse_50,2,10.5
60,strain,Nurse_51,1,12.0
60,strain,Nurse_52,2,16.0
60,strain,Nurse_53,2,9.0
60,strain,Nurse_54,2,7.5
60,strain,Nurse_55,3,17.5
60,strain,Nurse_56,4,20.5
60,strain,Nurse_57,3,18.5
60,strain,Nurse_58,1,12.0
60,strain,Nurse_59,2,13.5
60,strain,Nurse_60,4,17.0
60,strain,Nurse_61,3,10.0
60,strain,Nurse_62,3,19.5
60,strain,Nurse_63,1,13.5
60,strain,Nurse_64,0,9.0
60,strain,Nurse_65,0,13.0
60,strain,Nurse_66,3,10.5
60,strain,Nurse_67,1,6.0
60,strain,Nurse_68,0,6.0
60,strain,Nurse_69,2,6.0
60,strain,Nurse_70,1,10.5
61,baseline,Nurse_01,5,23.0
61,baseline,Nurse_02,3,16.5
61,baseline,Nurse_03,2,14.5
61,baseline,Nurse_04,2,7.5
61,baseline,Nurse_05,2,6.0
61,baseline,Nurse_06,5,23.5
61,baseline,Nurse_07,0,5.5
61,baseline,Nurse_08,2,23.0
61,baseline,Nurse_09,2,12.5
61,baseline,Nurse_10,3,18.5
61,baseline,Nurse_11,0,4.0
61,baseline,Nurse_12,3,16.0
61,baseline,Nurse_13,3,17.0
61,baseline,Nurse_14,4,16.0
61,baseline,Nurse_15,3,13.0
61,baseline,Nurse_16,3,18.0
61,baseline,Nurse_17,5,20.0
61,baseline,Nurse_18,4,12.0
61,baseline,Nurse_19,4,18.0
61,baseline,Nurse_20,6,24.0
61,baseline,Nurse_21,0,0.0
61,baseline,Nurse_22,1,13.0
61,baseline,Nurse_23,1,7.5
61,baseline,Nurse_24,0,9.0
61,baseline,Nurse_25,3,10.5
61,baseline,Nurse_26,1,9.0
61,baseline,Nurse_27,6,18.0
61,baseline,Nurse_28,2,12.0
61,baseline,Nurse_29,3,13.0
61,baseline,Nurse_30,5,20.5
61,baseline,Nurse_31,4,20.5
61,baseline,Nurse_32,0,12.0
61,baseline,Nurse_33,4,18.5
61,baseline,Nurse_34,4,21.0
61,baseline,Nurse_35,3,19.5
61,baseline,Nurse_36,5,20.0
61,baseline,Nurse_37,4,16.5
61,baseline,Nurse_38,3,15.5
61,baseline,Nurse_39,1,4.5
61,baseline,Nurse_40,3,17.5
61,baseline,Nurse_41,2,17.0
61,baseline,Nurse_42,0,9.0
61,baseline,Nurse_43,4,27.5
61,baseline,Nurse_44,5,18.0
61,baseline,Nurse_45,0,4.0
61,baseline,Nurse_46,3,17.5
61,baseline,Nurse_47,1,9.0
61,baseline,Nurse_48,0,3.0
61,baseline,Nurse_49,1,11.5
61,baseline,Nurse_50,1,3.0
61,baseline,Nurse_51,4,15.5
61,baseline,Nurse_52,3,17.0
61,baseline,Nurse_53,4,13.0
61,baseline,Nurse_54,2,16.0
61,baseline,Nurse_55,1,18.0
61,baseline,Nurse_56,0,7.0
61,baseline,Nurse_57,1,4.5
61,baseline,Nurse_58,1,8.5
61,baseline,Nurse_59,1,12.5
61,baseline,Nurse_60,2,17.5
61,baseline,Nurse_61,4,15.5
61,baseline,Nurse_62,4,19.5
61,baseline,Nurse_63,0,7.0
61,baseline,Nurse_64,2,14.0
61,baseline,Nurse_65,4,16.0
61,baseline,Nurse_66,2,13.5
61,baseline,Nurse_67,4,24.0
61,baseline,Nurse_68,4,20.0
61,baseline,Nurse_69,3,14.0
61,baseline,Nurse_70,3,16.0
61,strain,Nurse_01,2,15.5
61,strain,Nurse_02,2,15.0
61,strain,Nurse_03,2,12.0
61,strain,Nurse_04,1,9.0
61,strain,Nurse_05,2,9.0
61,strain,Nurse_06,4,22.0
61,strain,Nurse_07,0,7.0
61,strain,Nurse_08,1,18.5
61,strain,Nurse_09,2,11.0
61,strain,Nurse_10,3,20.0
61,strain,Nurse_11,0,7.0
61,strain,Nurse_12,3,16.0
61,strain,Nurse_13,3,17.0
61,strain,Nurse_14,3,13.0
61,strain,Nurse_15,2,11.5
61,strain,Nurse_16,0,13.5
61,strain,Nurse_17,4,19.5
61,strain,Nurse_18,4,13.5
61,strain,Nurse_19,4,15.0
61,strain,Nurse_20,2,19.0
61,strain,Nurse_21,0,0.0
61,strain,Nurse_22,0,13.5
61,strain,Nurse_23,0,11.0
61,strain,Nurse_24,0,8.5
61,strain,Nurse_25,1,9.0
61,strain,Nurse_26,0,6.0
61,strain,Nurse_27,5,16.5
61,strain,Nurse_28,2,12.0
61,strain,Nurse_29,2,14.0
61,strain,Nurse_30,3,15.0
61,strain,Nurse_31,3,18.0
61,strain,Nurse_32,0,10.5
61,strain,Nurse_33,2,14.0
61,strain,Nurse_34,3,18.0
61,strain,Nurse_35,3,18.0
61,strain,Nurse_36,3,15.5
61,strain,Nurse_37,3,14.5
61,strain,Nurse_38,2,11.0
61,strain,Nurse_39,2,10.5
61,strain,Nurse_40,2,14.5
61,strain,Nurse_41,1,12.5
61,strain,Nurse_42,0,10.5
61,strain,Nurse_43,4,20.0
61,strain,Nurse_44,4,18.0
61,strain,Nurse_45,0,4.0
61,strain,Nurse_46,3,16.0
61,strain,Nurse_47,1,10.5
61,strain,Nurse_48,0,4.5
61,strain,Nurse_49,1,10.0
61,strain,Nurse_50,1,3.0
61,strain,Nurse_51,4,14.0
61,strain,Nurse_52,3,17.0
61,strain,Nurse_53,4,13.0
61,strain,Nurse_54,2,17.5
61,strain,Nurse_55,0,14.0
61,strain,Nurse_56,0,8.5
61,strain,Nurse_57,1,7.5
61,strain,Nurse_58,0,6.5
61,strain,Nurse_59,1,12.5
61,strain,Nurse_60,0,11.0
61,strain,Nurse_61,3,15.0
61,strain,Nurse_62,3,18.0
61,strain,Nurse_63,0,8.5
61,strain,Nurse_64,1,12.5
61,strain,Nurse_65,2,15.0
61,strain,Nurse_66,1,11.0
61,strain,Nurse_67,3,18.5
61,strain,Nurse_68,3,18.5
61,strain,Nurse_69,2,12.5
61,strain,Nurse_70,1,13.0
62,baseline,Nurse_01,2,12.5
62,baseline,Nurse_02,1,12.0
62,baseline,Nurse_03,0,3.5
62,baseline,Nurse_04,4,17.0
62,baseline,Nurse_05,0,9.5
62,baseline,Nurse_06,2,10.5
62,baseline,Nurse_07,4,13.5
62,baseline,Nurse_08,0,7.5
62,baseline,Nurse_09,2,15.5
62,baseline,Nurse_10,2,16.0
62,baseline,Nurse_11,0,3.0
62,baseline,Nurse_12,6,26.0
62,baseline,Nurse_13,3,12.0
62,baseline,Nurse_14,3,15.0
62,baseline,Nurse_15,2,6.0
62,baseline,Nurse_16,4,20.5
62,baseline,Nurse_17,4,21.0
62,baseline,Nurse_18,4,21.5
62,baseline,Nurse_19,3,20.0
62,baseline,Nurse_20,2,18.5
62,baseline,Nurse_21,1,13.5
62,baseline,Nurse_22,5,29.0
62,baseline,Nurse_23,2,14.0
62,baseline,Nurse_24,2,9.5
62,baseline,Nurse_25,4,19.0
62,baseline,Nurse_26,1,3.0
62,baseline,Nurse_27,2,12.0
62,baseline,Nurse_28,1,9.0
62,baseline,Nurse_29,3,17.0
62,baseline,Nurse_30,1,9.5
62,baseline,Nurse_31,4,23.5
62,baseline,Nurse_32,0,9.5
62,baseline,Nurse_33,3,14.5
62,baseline,Nurse_34,4,18.5
62,baseline,Nurse_35,5,25.0
62,baseline,Nurse_36,2,15.0
62,baseline,Nurse_37,0,1.5
62,baseline,Nurse_38,1,5.0
62,baseline,Nurse_39,0,1.0
62,baseline,Nurse_40,3,15.5
62,baseline,Nurse_41,0,3.0
62,baseline,Nurse_42,4,15.0
62,baseline,Nurse_43,4,19.0
62,baseline,Nurse_44,3,15.5
62,baseline,Nurse_45,3,16.0
62,baseline,Nurse_46,3,20.5
62,baseline,Nurse_47,5,15.0
62,baseline,Nurse_48,2,9.5
62,baseline,Nurse_49,1,10.0
62,baseline,Nurse_50,3,9.0
62,baseline,Nurse_51,3,21.0
62,baseline,Nurse_52,3,17.5
62,baseline,Nurse_53,3,15.5
62,baseline,Nurse_54,3,22.0
62,baseline,Nurse_55,5,22.0
62,baseline,Nurse_56,1,7.0
62,baseline,Nurse_57,4,17.0
62,baseline,Nurse_58,0,5.0
62,baseline,Nurse_59,4,18.0
62,baseline,Nurse_60,3,14.0
62,baseline,Nurse_61,3,10.5
62,baseline,Nurse_62,1,15.0
62,baseline,Nurse_63,4,19.0
62,baseline,Nurse_64,3,15.5
62,baseline,Nurse_65,3,23.0
62,baseline,Nurse_66,1,12.5
62,baseline,Nurse_67,5,21.0
62,baseline,Nurse_68,5,28.5
62,baseline,Nurse_69,1,3.0
62,baseline,Nurse_70,4,16.5
62,strain,Nurse_01,1,12.0
62,strain,Nurse_02,1,12.0
62,strain,Nurse_03,0,7.0
62,strain,Nurse_04,1,11.5
62,strain,Nurse_05,0,15.0
62,strain,Nurse_06,0,9.5
62,strain,Nurse_07,3,12.0
62,strain,Nurse_08,0,6.5
62,strain,Nurse_09,1,13.0
62,strain,Nurse_10,0,10.0
62,strain,Nurse_11,0,5.5
62,strain,Nurse_12,1,17.5
62,strain,Nurse_13,2,10.5
62,strain,Nurse_14,2,17.5
62,strain,Nurse_15,2,6.0
62,strain,Nurse_16,2,16.0
62,strain,Nurse_17,2,17.0
62,strain,Nurse_18,2,20.0
62,strain,Nurse_19,1,14.0
62,strain,Nurse_20,2,15.5
62,strain,Nurse_21,1,17.5
62,strain,Nurse_22,3,21.0
62,strain,Nurse_23,2,14.0
62,strain,Nurse_24,2,12.0
62,strain,Nurse_25,2,17.0
62,strain,Nurse_26,1,3.0
62,strain,Nurse_27,2,13.5
62,strain,Nurse_28,1,9.0
62,strain,Nurse_29,3,14.0
62,strain,Nurse_30,1,8.0
62,strain,Nurse_31,2,16.0
62,strain,Nurse_32,0,10.0
62,strain,Nurse_33,1,9.5
62,strain,Nurse_34,3,15.0
62,strain,Nurse_35,1,14.0
62,strain,Nurse_36,2,16.0
62,strain,Nurse_37,0,1.5
62,strain,Nurse_38,1,5.0
62,strain,Nurse_39,0,3.5
62,strain,Nurse_40,3,15.5
62,strain,Nurse_41,0,3.0
62,strain,Nurse_42,4,16.5
62,strain,Nurse_43,4,19.0
62,strain,Nurse_44,2,15.0
62,strain,Nurse_45,1,17.0
62,strain,Nurse_46,2,18.0
62,strain,Nurse_47,4,13.5
62,strain,Nurse_48,2,9.5
62,strain,Nurse_49,1,12.5
62,strain,Nurse_50,3,12.0
62,strain,Nurse_51,2,17.5
62,strain,Nurse_52,3,17.5
62,strain,Nurse_53,3,17.5
62,strain,Nurse_54,2,16.5
62,strain,Nurse_55,2,16.5
62,strain,Nurse_56,1,7.5
62,strain,Nurse_57,4,17.0
62,strain,Nurse_58,0,5.0
62,strain,Nurse_59,2,15.5
62,strain,Nurse_60,3,11.0
62,strain,Nurse_61,3,13.5
62,strain,Nurse_62,1,13.0
62,strain,Nurse_63,2,10.0
62,strain,Nurse_64,3,14.0
62,strain,Nurse_65,1,14.0
62,strain,Nurse_66,1,14.0
62,strain,Nurse_67,4,18.0
62,strain,Nurse_68,2,17.5
62,strain,Nurse_69,1,4.5
62,strain,Nurse_70,2,12.5
63,baseline,Nurse_01,4,20.0
63,baseline,Nurse_02,0,1.5
63,baseline,Nurse_03,4,17.5
63,baseline,Nurse_04,1,6.0
63,baseline,Nurse_05,3,11.5
63,baseline,Nurse_06,2,11.0
63,baseline,Nurse_07,1,8.5
63,baseline,Nurse_08,4,18.5
63,baseline,Nurse_09,3,15.5
63,baseline,Nurse_10,2,12.0
63,baseline,Nurse_11,3,15.5
63,baseline,Nurse_12,3,17.0
63,baseline,Nurse_13,2,11.5
63,baseline,Nurse_14,5,21.0
63,baseline,Nurse_15,4,18.0
63,baseline,Nurse_16,4,21.5
63,baseline,Nurse_17,3,17.5
63,baseline,Nurse_18,0,7.0
63,baseline,Nurse_19,4,22.5
63,baseline,Nurse_20,4,12.0
63,baseline,Nurse_21,1,9.0
63,baseline,Nurse_22,1,9.5
63,baseline,Nurse_23,0,7.0
63,baseline,Nurse_24,6,26.5
63,baseline,Nurse_25,4,15.0
63,baseline,Nurse_26,3,19.5
63,baseline,Nurse_27,0,9.5
63,baseline,Nurse_28,3,16.5
63,baseline,Nurse_29,1,9.5
63,baseline,Nurse_30,0,3.0
63,baseline,Nurse_31,1,6.0
63,baseline,Nurse_32,2,14.5
63,baseline,Nurse_33,4,20.5
63,baseline,Nurse_34,3,15.0
63,baseline,Nurse_35,1,4.5
63,baseline,Nurse_36,1,12.5
63,baseline,Nurse_37,3,19.5
63,baseline,Nurse_38,1,10.5
63,baseline,Nurse_39,1,12.0
63,baseline,Nurse_40,1,9.5
63,baseline,Nurse_41,6,23.0
63,baseline,Nurse_42,1,13.0
63,baseline,Nurse_43,0,4.5
63,baseline,Nurse_44,2,15.0
63,baseline,Nurse_45,0,3.0
63,baseline,Nurse_46,4,19.5
63,baseline,Nurse_47,3,16.5
63,baseline,Nurse_48,3,10.5
63,baseline,Nurse_49,5,23.0
63,baseline,Nurse_50,3,14.0
63,baseline,Nurse_51,3,14.5
63,baseline,Nurse_52,3,19.0
63,baseline,Nurse_53,4,26.0
63,baseline,Nurse_54,4,17.0
63,baseline,Nurse_55,4,12.0
63,baseline,Nurse_56,4,22.5
63,baseline,Nurse_57,0,8.0
63,baseline,Nurse_58,5,26.0
63,baseline,Nurse_59,1,6.0
63,baseline,Nurse_60,1,11.5
63,baseline,Nurse_61,2,10.0
63,baseline,Nurse_62,5,15.0
63,baseline,Nurse_63,5,17.0
63,baseline,Nurse_64,1,17.0
63,baseline,Nurse_65,3,15.0
63,baseline,Nurse_66,1,12.0
63,baseline,Nurse_67,1,6.0
63,baseline,Nurse_68,4,17.5
63,baseline,Nurse_69,1,15.5
63,baseline,Nurse_70,5,26.5
63,strain,Nurse_01,4,16.0
63,strain,Nurse_02,0,3.0
63,strain,Nurse_03,2,18.0
63,strain,Nurse_04,1,8.5
63,strain,Nurse_05,1,5.5
63,strain,Nurse_06,2,14.0
63,strain,Nurse_07,1,9.5
63,strain,Nurse_08,3,20.0
63,strain,Nurse_09,3,15.5
63,strain,Nurse_10,1,11.0
63,strain,Nurse_11,3,16.0
63,strain,Nurse_12,2,13.0
63,strain,Nurse_13,1,10.0
63,strain,Nurse_14,1,14.0
63,strain,Nurse_15,3,16.5
63,strain,Nurse_16,1,18.5
63,strain,Nurse_17,2,16.0
63,strain,Nurse_18,0,7.5
63,strain,Nurse_19,3,18.0
63,strain,Nurse_20,2,10.5
63,strain,Nurse_21,1,11.5
63,strain,Nurse_22,1,11.0
63,strain,Nurse_23,0,8.5
63,strain,Nurse_24,3,16.5
63,strain,Nurse_25,3,13.5
63,strain,Nurse_26,2,14.0
63,strain,Nurse_27,0,8.0
63,strain,Nurse_28,2,12.0
63,strain,Nurse_29,1,12.0
63,strain,Nurse_30,0,8.5
63,strain,Nurse_31,0,4.5
63,strain,Nurse_32,2,14.5
63,strain,Nurse_33,3,20.0
63,strain,Nurse_34,0,10.5
63,strain,Nurse_35,1,3.0
63,strain,Nurse_36,0,11.0
63,strain,Nurse_37,2,19.0
63,strain,Nurse_38,1,13.5
63,strain,Nurse_39,1,12.0
63,strain,Nurse_40,1,9.5
63,strain,Nurse_41,2,17.0
63,strain,Nurse_42,1,10.5
63,strain,Nurse_43,0,5.5
63,strain,Nurse_44,1,12.5
63,strain,Nurse_45,0,4.5
63,strain,Nurse_46,1,12.5
63,strain,Nurse_47,2,12.0
63,strain,Nurse_48,2,9.0
63,strain,Nurse_49,2,16.5
63,strain,Nurse_50,1,11.5
63,strain,Nurse_51,3,13.5
63,strain,Nurse_52,2,16.0
63,strain,Nurse_53,2,17.5
63,strain,Nurse_54,2,17.0
63,strain,Nurse_55,3,10.5
63,strain,Nurse_56,2,16.0
63,strain,Nurse_57,0,8.5
63,strain,Nurse_58,0,12.5
63,strain,Nurse_59,0,3.0
63,strain,Nurse_60,1,10.0
63,strain,Nurse_61,1,9.0
63,strain,Nurse_62,3,12.0
63,strain,Nurse_63,4,16.5
63,strain,Nurse_64,0,12.0
63,strain,Nurse_65,3,15.0
63,strain,Nurse_66,1,8.0
63,strain,Nurse_67,1,6.0
63,strain,Nurse_68,3,13.0
63,strain,Nurse_69,1,15.5
63,strain,Nurse_70,4,23.5
64,baseline,Nurse_01,1,6.0
64,baseline,Nurse_02,3,12.0
64,baseline,Nurse_03,3,15.0
64,baseline,Nurse_04,3,17.5
64,baseline,Nurse_05,3,18.5
64,baseline,Nurse_06,3,15.5
64,baseline,Nurse_07,2,13.0
64,baseline,Nurse_08,1,10.5
64,baseline,Nurse_09,5,22.0
64,baseline,Nurse_10,4,16.0
64,baseline,Nurse_11,1,8.5
64,baseline,Nurse_12,1,6.0
64,baseline,Nurse_13,3,17.5
64,baseline,Nurse_14,3,16.0
64,baseline,Nurse_15,4,20.5
64,baseline,Nurse_16,4,17.0
64,baseline,Nurse_17,3,14.5
64,baseline,Nurse_18,0,5.5
64,baseline,Nurse_19,0,3.0
64,baseline,Nurse_20,1,12.5
64,baseline,Nurse_21,2,11.5
64,baseline,Nurse_22,0,6.5
64,baseline,Nurse_23,2,15.0
64,baseline,Nurse_24,6,25.5
64,baseline,Nurse_25,2,14.5
64,baseline,Nurse_26,4,17.5
64,baseline,Nurse_27,5,23.0
64,baseline,Nurse_28,1,11.5
64,baseline,Nurse_29,4,23.5
64,baseline,Nurse_30,5,25.0
64,baseline,Nurse_31,1,14.5
64,baseline,Nurse_32,1,9.5
64,baseline,Nurse_33,5,20.0
64,baseline,Nurse_34,1,5.0
64,baseline,Nurse_35,2,13.5
64,baseline,Nurse_36,4,16.5
64,baseline,Nurse_37,4,15.5
64,baseline,Nurse_38,2,7.5
64,baseline,Nurse_39,2,7.5
64,baseline,Nurse_40,2,9.0
64,baseline,Nurse_41,3,18.5
64,baseline,Nurse_42,0,7.0
64,baseline,Nurse_43,4,22.0
64,baseline,Nurse_44,2,13.5
64,baseline,Nurse_45,3,15.0
64,baseline,Nurse_46,1,7.5
64,baseline,Nurse_47,0,10.5
64,baseline,Nurse_48,1,9.0
64,baseline,Nurse_49,3,14.0
64,baseline,Nurse_50,4,14.0
64,baseline,Nurse_51,3,19.5
64,baseline,Nurse_52,4,12.0
64,baseline,Nurse_53,1,16.5
64,baseline,Nurse_54,1,16.0
64,baseline,Nurse_55,2,13.0
64,baseline,Nurse_56,2,15.5
64,baseline,Nurse_57,3,9.0
64,baseline,Nurse_58,0,11.0
64,baseline,Nurse_59,0,9.0
64,baseline,Nurse_60,3,13.0
64,baseline,Nurse_61,2,13.5
64,baseline,Nurse_62,2,14.0
64,baseline,Nurse_63,2,8.0
64,baseline,Nurse_64,2,10.0
64,baseline,Nurse_65,2,12.5
64,baseline,Nurse_66,4,18.0
64,baseline,Nurse_67,3,21.0
64,baseline,Nurse_68,0,4.0
64,baseline,Nurse_69,1,13.0
64,baseline,Nurse_70,4,17.5
64,strain,Nurse_01,1,4.5
64,strain,Nurse_02,2,12.0
64,strain,Nurse_03,3,15.0
64,strain,Nurse_04,2,18.5
64,strain,Nurse_05,2,14.0
64,strain,Nurse_06,3,13.0
64,strain,Nurse_07,1,13.0
64,strain,Nurse_08,0,7.0
64,strain,Nurse_09,3,18.0
64,strain,Nurse_10,2,14.5
64,strain,Nurse_11,0,6.0
64,strain,Nurse_12,1,6.0
64,strain,Nurse_13,1,10.0
64,strain,Nurse_14,3,13.5
64,strain,Nurse_15,2,18.0
64,strain,Nurse_16,3,15.5
64,strain,Nurse_17,2,14.5
64,strain,Nurse_18,0,5.5
64,strain,Nurse_19,0,8.0
64,strain,Nurse_20,0,10.5
64,strain,Nurse_21,1,10.0
64,strain,Nurse_22,0,5.0
64,strain,Nurse_23,2,13.5
64,strain,Nurse_24,3,16.5
64,strain,Nurse_25,2,14.5
64,strain,Nurse_26,2,16.5
64,strain,Nurse_27,1,19.0
64,strain,Nurse_28,0,10.0
64,strain,Nurse_29,2,23.0
64,strain,Nurse_30,3,18.5
64,strain,Nurse_31,0,7.5
64,strain,Nurse_32,0,7.5
64,strain,Nurse_33,2,15.5
64,strain,Nurse_34,1,6.5
64,strain,Nurse_35,2,13.5
64,strain,Nurse_36,3,12.0
64,strain,Nurse_37,2,11.0
64,strain,Nurse_38,2,10.5
64,strain,Nurse_39,1,10.5
64,strain,Nurse_40,1,11.5
64,strain,Nurse_41,1,11.0
64,strain,Nurse_42,0,10.0
64,strain,Nurse_43,3,16.0
64,strain,Nurse_44,1,8.0
64,strain,Nurse_45,2,13.0
64,strain,Nurse_46,1,7.5
64,strain,Nurse_47,0,10.5
64,strain,Nurse_48,1,10.0
64,strain,Nurse_49,2,14.0
64,strain,Nurse_50,2,13.5
64,strain,Nurse_51,1,15.5
64,strain,Nurse_52,4,12.0
64,strain,Nurse_53,0,14.0
64,strain,Nurse_54,0,9.5
64,strain,Nurse_55,1,12.5
64,strain,Nurse_56,1,11.5
64,strain,Nurse_57,2,9.0
64,strain,Nurse_58,0,8.5
64,strain,Nurse_59,0,10.0
64,strain,Nurse_60,2,12.5
64,strain,Nurse_61,1,9.5
64,strain,Nurse_62,2,14.0
64,strain,Nurse_63,2,11.0
64,strain,Nurse_64,2,10.0
64,strain,Nurse_65,1,10.5
64,strain,Nurse_66,2,15.0
64,strain,Nurse_67,3,21.0
64,strain,Nurse_68,0,5.5
64,strain,Nurse_69,0,10.0
64,strain,Nurse_70,3,16.0
65,baseline,Nurse_01,3,13.0
65,baseline,Nurse_02,5,21.5
65,baseline,Nurse_03,2,13.0
65,baseline,Nurse_04,3,17.0
65,baseline,Nurse_05,1,10.0
65,baseline,Nurse_06,4,17.5
65,baseline,Nurse_07,5,19.0
65,baseline,Nurse_08,3,14.0
65,baseline,Nurse_09,4,26.5
65,baseline,Nurse_10,2,10.0
65,baseline,Nurse_11,5,24.5
65,baseline,Nurse_12,3,14.0
65,baseline,Nurse_13,1,17.0
65,baseline,Nurse_14,2,7.5
65,baseline,Nurse_15,1,10.0
65,baseline,Nurse_16,0,1.5
65,baseline,Nurse_17,4,24.0
65,baseline,Nurse_18,3,15.5
65,baseline,Nurse_19,2,17.5
65,baseline,Nurse_20,2,13.0
65,baseline,Nurse_21,4,18.0
65,baseline,Nurse_22,0,4.0
65,baseline,Nurse_23,5,22.0
65,baseline,Nurse_24,3,16.0
65,baseline,Nurse_25,4,17.0
65,baseline,Nurse_26,5,18.0
65,baseline,Nurse_27,1,10.0
65,baseline,Nurse_28,4,19.5
65,baseline,Nurse_29,4,17.5
65,baseline,Nurse_30,1,8.5
65,baseline,Nurse_31,3,17.5
65,baseline,Nurse_32,0,6.5
65,baseline,Nurse_33,4,20.0
65,baseline,Nurse_34,2,10.5
65,baseline,Nurse_35,1,14.5
65,baseline,Nurse_36,2,6.0
65,baseline,Nurse_37,4,20.0
65,baseline,Nurse_38,4,23.0
65,baseline,Nurse_39,1,4.5
65,baseline,Nurse_40,1,10.0
65,baseline,Nurse_41,3,10.5
65,baseline,Nurse_42,1,14.0
65,baseline,Nurse_43,2,13.5
65,baseline,Nurse_44,2,14.5
65,baseline,Nurse_45,3,17.5
65,baseline,Nurse_46,1,8.0
65,baseline,Nurse_47,3,10.5
65,baseline,Nurse_48,2,9.5
65,baseline,Nurse_49,2,15.5
65,baseline,Nurse_50,1,7.0
65,baseline,Nurse_51,4,19.5
65,baseline,Nurse_52,0,8.5
65,baseline,Nurse_53,3,15.0
65,baseline,Nurse_54,1,8.0
65,baseline,Nurse_55,4,16.0
65,baseline,Nurse_56,3,10.5
65,baseline,Nurse_57,1,14.0
65,baseline,Nurse_58,4,18.5
65,baseline,Nurse_59,1,6.5
65,baseline,Nurse_60,0,10.0
65,baseline,Nurse_61,3,16.5
65,baseline,Nurse_62,1,3.0
65,baseline,Nurse_63,2,12.0
65,baseline,Nurse_64,0,10.0
65,baseline,Nurse_65,5,21.0
65,baseline,Nurse_66,6,23.0
65,baseline,Nurse_67,2,14.5
65,baseline,Nurse_68,1,11.0
65,baseline,Nurse_69,0,4.5
65,baseline,Nurse_70,0,4.0
65,strain,Nurse_01,2,10.5
65,strain,Nurse_02,3,15.5
65,strain,Nurse_03,2,13.0
65,strain,Nurse_04,3,18.5
65,strain,Nurse_05,0,6.5
65,strain,Nurse_06,3,13.0
65,strain,Nurse_07,3,17.0
65,strain,Nurse_08,2,11.5
65,strain,Nurse_09,4,22.5
65,strain,Nurse_10,2,10.0
65,strain,Nurse_11,2,17.0
65,strain,Nurse_12,3,13.5
65,strain,Nurse_13,0,12.0
65,strain,Nurse_14,2,9.0
65,strain,Nurse_15,0,8.0
65,strain,Nurse_16,0,9.0
65,strain,Nurse_17,1,13.0
65,strain,Nurse_18,1,15.0
65,strain,Nurse_19,2,18.5
65,strain,Nurse_20,2,13.0
65,strain,Nurse_21,4,19.5
65,strain,Nurse_22,0,5.5
65,strain,Nurse_23,1,14.5
65,strain,Nurse_24,2,15.5
65,strain,Nurse_25,2,15.5
65,strain,Nurse_26,3,12.0
65,strain,Nurse_27,0,8.5
65,strain,Nurse_28,3,15.0
65,strain,Nurse_29,2,12.0
65,strain,Nurse_30,1,10.0
65,strain,Nurse_31,1,11.0
65,strain,Nurse_32,0,6.5
65,strain,Nurse_33,1,14.0
65,strain,Nurse_34,2,9.0
65,strain,Nurse_35,0,13.0
65,strain,Nurse_36,2,7.5
65,strain,Nurse_37,3,14.5
65,strain,Nurse_38,3,20.5
65,strain,Nurse_39,1,6.0
65,strain,Nurse_40,1,13.0
65,strain,Nurse_41,2,7.5
65,strain,Nurse_42,1,15.5
65,strain,Nurse_43,2,13.5
65,strain,Nurse_44,1,14.0
65,strain,Nurse_45,1,13.0
65,strain,Nurse_46,1,8.0
65,strain,Nurse_47,3,9.0
65,strain,Nurse_48,0,3.5
65,strain,Nurse_49,1,11.0
65,strain,Nurse_50,0,7.0
65,strain,Nurse_51,3,15.0
65,strain,Nurse_52,0,11.0
65,strain,Nurse_53,1,13.5
65,strain,Nurse_54,1,6.5
65,strain,Nurse_55,2,10.5
65,strain,Nurse_56,2,7.5
65,strain,Nurse_57,1,14.0
65,strain,Nurse_58,4,17.5
65,strain,Nurse_59,1,8.0
65,strain,Nurse_60,0,9.5
65,strain,Nurse_61,2,16.5
65,strain,Nurse_62,1,3.0
65,strain,Nurse_63,2,12.0
65,strain,Nurse_64,0,12.5
65,strain,Nurse_65,4,18.5
65,strain,Nurse_66,5,20.5
65,strain,Nurse_67,1,13.0
65,strain,Nurse_68,1,15.0
65,strain,Nurse_69,0,4.5
65,strain,Nurse_70,0,9.5
66,baseline,Nurse_01,0,9.5
66,baseline,Nurse_02,1,12.0
66,baseline,Nurse_03,5,15.0
66,baseline,Nurse_04,0,6.5
66,baseline,Nurse_05,4,13.5
66,baseline,Nurse_06,0,8.0
66,baseline,Nurse_07,5,21.0
66,baseline,Nurse_08,0,1.5
66,baseline,Nurse_09,3,16.5
66,baseline,Nurse_10,2,14.0
66,baseline,Nurse_11,1,17.0
66,baseline,Nurse_12,5,16.5
66,baseline,Nurse_13,1,8.0
66,baseline,Nurse_14,4,16.0
66,baseline,Nurse_15,0,3.5
66,baseline,Nurse_16,4,23.0
66,baseline,Nurse_17,5,20.5
66,baseline,Nurse_18,5,20.0
66,baseline,Nurse_19,3,19.5
66,baseline,Nurse_20,5,23.5
66,baseline,Nurse_21,4,17.5
66,baseline,Nurse_22,4,16.5
66,baseline,Nurse_23,4,22.0
66,baseline,Nurse_24,2,13.5
66,baseline,Nurse_25,3,13.5
66,baseline,Nurse_26,1,4.5
66,baseline,Nurse_27,4,22.0
66,baseline,Nurse_28,4,21.0
66,baseline,Nurse_29,4,19.0
66,baseline,Nurse_30,3,9.0
66,baseline,Nurse_31,0,6.5
66,baseline,Nurse_32,0,7.0
66,baseline,Nurse_33,2,16.0
66,baseline,Nurse_34,1,8.0
66,baseline,Nurse_35,0,7.5
66,baseline,Nurse_36,0,5.0
66,baseline,Nurse_37,3,16.0
66,baseline,Nurse_38,2,14.5
66,baseline,Nurse_39,2,13.5
66,baseline,Nurse_40,5,20.5
66,baseline,Nurse_41,5,21.5
66,baseline,Nurse_42,5,25.0
66,baseline,Nurse_43,0,9.5
66,baseline,Nurse_44,0,6.0
66,baseline,Nurse_45,4,13.5
66,baseline,Nurse_46,4,13.5
66,baseline,Nurse_47,2,15.5
66,baseline,Nurse_48,4,12.0
66,baseline,Nurse_49,1,9.5
66,baseline,Nurse_50,4,17.0
66,baseline,Nurse_51,3,18.0
66,baseline,Nurse_52,3,17.5
66,baseline,Nurse_53,5,21.5
66,baseline,Nurse_54,2,11.0
66,baseline,Nurse_55,3,19.5
66,baseline,Nurse_56,3,18.0
66,baseline,Nurse_57,3,15.0
66,baseline,Nurse_58,0,6.0
66,baseline,Nurse_59,1,12.0
66,baseline,Nurse_60,4,18.5
66,baseline,Nurse_61,2,14.5
66,baseline,Nurse_62,4,12.0
66,baseline,Nurse_63,2,15.5
66,baseline,Nurse_64,0,8.0
66,baseline,Nurse_65,0,6.5
66,baseline,Nurse_66,2,11.5
66,baseline,Nurse_67,4,19.5
66,baseline,Nurse_68,0,7.0
66,baseline,Nurse_69,3,14.0
66,baseline,Nurse_70,0,4.5
66,strain,Nurse_01,0,8.5
66,strain,Nurse_02,0,8.5
66,strain,Nurse_03,4,15.0
66,strain,Nurse_04,0,6.5
66,strain,Nurse_05,4,12.0
66,strain,Nurse_06,0,10.0
66,strain,Nurse_07,3,17.0
66,strain,Nurse_08,0,4.5
66,strain,Nurse_09,1,13.0
66,strain,Nurse_10,2,14.0
66,strain,Nurse_11,0,14.0
66,strain,Nurse_12,4,12.0
66,strain,Nurse_13,1,10.5
66,strain,Nurse_14,1,11.5
66,strain,Nurse_15,1,8.0
66,strain,Nurse_16,2,17.5
66,strain,Nurse_17,3,17.0
66,strain,Nurse_18,3,16.5
66,strain,Nurse_19,0,16.5
66,strain,Nurse_20,3,17.5
66,strain,Nurse_21,3,12.0
66,strain,Nurse_22,4,16.5
66,strain,Nurse_23,3,20.0
66,strain,Nurse_24,1,11.0
66,strain,Nurse_25,2,10.5
66,strain,Nurse_26,1,9.0
66,strain,Nurse_27,1,11.5
66,strain,Nurse_28,2,17.5
66,strain,Nurse_29,2,16.5
66,strain,Nurse_30,3,10.5
66,strain,Nurse_31,0,6.0
66,strain,Nurse_32,0,8.5
66,strain,Nurse_33,2,13.5
66,strain,Nurse_34,1,8.0
66,strain,Nurse_35,0,10.0
66,strain,Nurse_36,0,7.5
66,strain,Nurse_37,2,15.5
66,strain,Nurse_38,2,13.5
66,strain,Nurse_39,1,12.5
66,strain,Nurse_40,2,17.5
66,strain,Nurse_41,5,22.5
66,strain,Nurse_42,2,20.5
66,strain,Nurse_43,0,9.5
66,strain,Nurse_44,0,10.0
66,strain,Nurse_45,3,12.0
66,strain,Nurse_46,4,12.0
66,strain,Nurse_47,1,13.5
66,strain,Nurse_48,3,13.5
66,strain,Nurse_49,1,9.5
66,strain,Nurse_50,4,17.0
66,strain,Nurse_51,3,15.0
66,strain,Nurse_52,1,10.5
66,strain,Nurse_53,3,18.0
66,strain,Nurse_54,1,10.5
66,strain,Nurse_55,2,13.5
66,strain,Nurse_56,3,14.5
66,strain,Nurse_57,1,13.0
66,strain,Nurse_58,0,9.0
66,strain,Nurse_59,1,11.0
66,strain,Nurse_60,4,17.0
66,strain,Nurse_61,1,12.5
66,strain,Nurse_62,4,12.0
66,strain,Nurse_63,2,12.0
66,strain,Nurse_64,0,7.5
66,strain,Nurse_65,0,5.0
66,strain,Nurse_66,1,9.0
66,strain,Nurse_67,3,15.5
66,strain,Nurse_68,0,7.0
66,strain,Nurse_69,3,19.0
66,strain,Nurse_70,0,4.5
67,baseline,Nurse_01,2,13.5
67,baseline,Nurse_02,4,19.5
67,baseline,Nurse_03,4,18.0
67,baseline,Nurse_04,3,19.5
67,baseline,Nurse_05,2,12.5
67,baseline,Nurse_06,2,13.0
67,baseline,Nurse_07,2,11.0
67,baseline,Nurse_08,5,20.5
67,baseline,Nurse_09,1,15.0
67,baseline,Nurse_10,1,4.5
67,baseline,Nurse_11,3,22.0
67,baseline,Nurse_12,3,17.5
67,baseline,Nurse_13,0,10.5
67,baseline,Nurse_14,0,5.5
67,baseline,Nurse_15,0,5.5
67,baseline,Nurse_16,1,4.5
67,baseline,Nurse_17,4,18.5
67,baseline,Nurse_18,5,22.5
67,baseline,Nurse_19,3,14.0
67,baseline,Nurse_20,4,13.5
67,baseline,Nurse_21,4,17.5
67,baseline,Nurse_22,2,12.5
67,baseline,Nurse_23,3,18.0
67,baseline,Nurse_24,3,9.0
67,baseline,Nurse_25,2,7.5
67,baseline,Nurse_26,5,20.0
67,baseline,Nurse_27,0,7.5
67,baseline,Nurse_28,5,23.0
67,baseline,Nurse_29,3,16.0
67,baseline,Nurse_30,5,25.0
67,baseline,Nurse_31,3,23.0
67,baseline,Nurse_32,3,13.5
67,baseline,Nurse_33,4,13.5
67,baseline,Nurse_34,3,17.0
67,baseline,Nurse_35,1,12.0
67,baseline,Nurse_36,2,9.5
67,baseline,Nurse_37,2,13.0
67,baseline,Nurse_38,1,12.5
67,baseline,Nurse_39,0,5.5
67,baseline,Nurse_40,2,11.0
67,baseline,Nurse_41,2,9.5
67,baseline,Nurse_42,4,15.0
67,baseline,Nurse_43,1,8.5
67,baseline,Nurse_44,0,1.5
67,baseline,Nurse_45,3,15.5
67,baseline,Nurse_46,0,4.0
67,baseline,Nurse_47,4,15.0
67,baseline,Nurse_48,0,4.5
67,baseline,Nurse_49,4,21.0
67,baseline,Nurse_50,2,16.5
67,baseline,Nurse_51,3,17.5
67,baseline,Nurse_52,5,19.5
67,baseline,Nurse_53,3,18.5
67,baseline,Nurse_54,2,10.5
67,baseline,Nurse_55,2,9.0
67,baseline,Nurse_56,1,6.0
67,baseline,Nurse_57,3,13.5
67,baseline,Nurse_58,3,20.5
67,baseline,Nurse_59,4,25.0
67,baseline,Nurse_60,0,7.0
67,baseline,Nurse_61,5,18.0
67,baseline,Nurse_62,1,18.0
67,baseline,Nurse_63,3,15.0
67,baseline,Nurse_64,3,21.5
67,baseline,Nurse_65,1,3.0
67,baseline,Nurse_66,4,19.0
67,baseline,Nurse_67,0,7.5
67,baseline,Nurse_68,4,21.5
67,baseline,Nurse_69,1,17.0
67,baseline,Nurse_70,3,17.5
67,strain,Nurse_01,1,13.0
67,strain,Nurse_02,4,17.0
67,strain,Nurse_03,3,17.5
67,strain,Nurse_04,2,17.5
67,strain,Nurse_05,1,11.0
67,strain,Nurse_06,2,13.0
67,strain,Nurse_07,2,15.0
67,strain,Nurse_08,2,14.5
67,strain,Nurse_09,1,12.5
67,strain,Nurse_10,1,6.0
67,strain,Nurse_11,2,16.5
67,strain,Nurse_12,3,15.0
67,strain,Nurse_13,0,10.5
67,strain,Nurse_14,0,7.0
67,strain,Nurse_15,0,12.5
67,strain,Nurse_16,1,6.0
67,strain,Nurse_17,3,17.0
67,strain,Nurse_18,4,18.0
67,strain,Nurse_19,2,16.0
67,strain,Nurse_20,2,10.5
67,strain,Nurse_21,1,10.0
67,strain,Nurse_22,2,11.0
67,strain,Nurse_23,2,16.0
67,strain,Nurse_24,2,10.5
67,strain,Nurse_25,0,4.5
67,strain,Nurse_26,2,17.5
67,strain,Nurse_27,0,9.0
67,strain,Nurse_28,4,22.5
67,strain,Nurse_29,2,14.5
67,strain,Nurse_30,3,18.0
67,strain,Nurse_31,2,18.5
67,strain,Nurse_32,2,12.0
67,strain,Nurse_33,3,12.0
67,strain,Nurse_34,2,16.0
67,strain,Nurse_35,1,11.5
67,strain,Nurse_36,1,10.5
67,strain,Nurse_37,2,14.0
67,strain,Nurse_38,0,11.0
67,strain,Nurse_39,0,3.0
67,strain,Nurse_40,0,5.5
67,strain,Nurse_41,2,12.5
67,strain,Nurse_42,4,13.5
67,strain,Nurse_43,0,7.0
67,strain,Nurse_44,0,3.0
67,strain,Nurse_45,2,14.0
67,strain,Nurse_46,0,5.5
67,strain,Nurse_47,3,12.5
67,strain,Nurse_48,0,3.5
67,strain,Nurse_49,1,16.5
67,strain,Nurse_50,0,12.5
67,strain,Nurse_51,3,16.0
67,strain,Nurse_52,3,16.5
67,strain,Nurse_53,2,18.0
67,strain,Nurse_54,2,10.5
67,strain,Nurse_55,2,11.5
67,strain,Nurse_56,1,7.5
67,strain,Nurse_57,3,16.5
67,strain,Nurse_58,1,15.0
67,strain,Nurse_59,4,21.0
67,strain,Nurse_60,0,8.5
67,strain,Nurse_61,4,16.5
67,strain,Nurse_62,0,14.5
67,strain,Nurse_63,2,15.5
67,strain,Nurse_64,2,13.5
67,strain,Nurse_65,1,6.0
67,strain,Nurse_66,2,16.0
67,strain,Nurse_67,0,6.5
67,strain,Nurse_68,2,14.5
67,strain,Nurse_69,0,13.5
67,strain,Nurse_70,2,13.0
68,baseline,Nurse_01,1,8.0
68,baseline,Nurse_02,3,16.0
68,baseline,Nurse_03,2,12.5
68,baseline,Nurse_04,1,12.0
68,baseline,Nurse_05,1,12.5
68,baseline,Nurse_06,0,2.0
68,baseline,Nurse_07,4,19.5
68,baseline,Nurse_08,1,15.0
68,baseline,Nurse_09,2,13.0
68,baseline,Nurse_10,5,21.0
68,baseline,Nurse_11,4,15.0
68,baseline,Nurse_12,0,10.0
68,baseline,Nurse_13,0,3.0
68,baseline,Nurse_14,0,4.0
68,baseline,Nurse_15,0,7.0
68,baseline,Nurse_16,3,9.0
68,baseline,Nurse_17,3,20.5
68,baseline,Nurse_18,1,6.0
68,baseline,Nurse_19,3,18.5
68,baseline,Nurse_20,2,17.5
68,baseline,Nurse_21,5,24.0
68,baseline,Nurse_22,5,23.0
68,baseline,Nurse_23,4,13.5
68,baseline,Nurse_24,2,12.0
68,baseline,Nurse_25,5,19.5
68,baseline,Nurse_26,4,15.5
68,baseline,Nurse_27,4,21.5
68,baseline,Nurse_28,3,20.5
68,baseline,Nurse_29,4,14.0
68,baseline,Nurse_30,1,13.0
68,baseline,Nurse_31,1,13.0
68,baseline,Nurse_32,5,19.0
68,baseline,Nurse_33,0,9.0
68,baseline,Nurse_34,0,4.0
68,baseline,Nurse_35,4,23.5
68,baseline,Nurse_36,3,13.5
68,baseline,Nurse_37,2,8.0
68,baseline,Nurse_38,4,16.0
68,baseline,Nurse_39,6,25.0
68,baseline,Nurse_40,3,17.5
68,baseline,Nurse_41,0,3.0
68,baseline,Nurse_42,5,20.5
68,baseline,Nurse_43,3,15.0
68,baseline,Nurse_44,3,16.5
68,baseline,Nurse_45,3,15.5
68,baseline,Nurse_46,0,5.0
68,baseline,Nurse_47,2,6.0
68,baseline,Nurse_48,4,15.0
68,baseline,Nurse_49,2,6.0
68,baseline,Nurse_50,1,14.5
68,baseline,Nurse_51,2,9.0
68,baseline,Nurse_52,2,7.5
68,baseline,Nurse_53,6,24.5
68,baseline,Nurse_54,3,17.0
68,baseline,Nurse_55,3,20.0
68,baseline,Nurse_56,4,15.0
68,baseline,Nurse_57,2,18.0
68,baseline,Nurse_58,1,12.5
68,baseline,Nurse_59,2,12.5
68,baseline,Nurse_60,2,12.0
68,baseline,Nurse_61,2,16.5
68,baseline,Nurse_62,0,6.5
68,baseline,Nurse_63,5,19.0
68,baseline,Nurse_64,1,8.5
68,baseline,Nurse_65,2,14.5
68,baseline,Nurse_66,5,24.0
68,baseline,Nurse_67,3,10.5
68,baseline,Nurse_68,2,14.0
68,baseline,Nurse_69,2,11.5
68,baseline,Nurse_70,2,22.0
68,strain,Nurse_01,0,5.5
68,strain,Nurse_02,2,15.5
68,strain,Nurse_03,2,11.5
68,strain,Nurse_04,0,7.5
68,strain,Nurse_05,1,14.0
68,strain,Nurse_06,0,9.5
68,strain,Nurse_07,3,14.5
68,strain,Nurse_08,1,12.5
68,strain,Nurse_09,2,13.0
68,strain,Nurse_10,2,16.5
68,strain,Nurse_11,4,15.0
68,strain,Nurse_12,0,7.5
68,strain,Nurse_13,0,7.5
68,strain,Nurse_14,0,8.0
68,strain,Nurse_15,0,7.0
68,strain,Nurse_16,2,7.5
68,strain,Nurse_17,3,14.0
68,strain,Nurse_18,1,7.5
68,strain,Nurse_19,3,19.5
68,strain,Nurse_20,0,9.5
68,strain,Nurse_21,4,20.0
68,strain,Nurse_22,3,18.0
68,strain,Nurse_23,4,13.5
68,strain,Nurse_24,1,9.5
68,strain,Nurse_25,3,16.5
68,strain,Nurse_26,3,14.0
68,strain,Nurse_27,1,15.5
68,strain,Nurse_28,0,11.5
68,strain,Nurse_29,3,16.5
68,strain,Nurse_30,0,9.5
68,strain,Nurse_31,1,13.0
68,strain,Nurse_32,2,14.5
68,strain,Nurse_33,0,11.5
68,strain,Nurse_34,0,4.0
68,strain,Nurse_35,1,16.5
68,strain,Nurse_36,3,12.0
68,strain,Nurse_37,2,11.0
68,strain,Nurse_38,4,18.5
68,strain,Nurse_39,4,19.5
68,strain,Nurse_40,2,17.5
68,strain,Nurse_41,0,3.0
68,strain,Nurse_42,4,17.0
68,strain,Nurse_43,2,13.0
68,strain,Nurse_44,1,14.0
68,strain,Nurse_45,2,15.0
68,strain,Nurse_46,0,5.0
68,strain,Nurse_47,2,9.0
68,strain,Nurse_48,3,12.0
68,strain,Nurse_49,2,7.5
68,strain,Nurse_50,0,7.5
68,strain,Nurse_51,1,6.0
68,strain,Nurse_52,2,7.5
68,strain,Nurse_53,2,15.5
68,strain,Nurse_54,1,18.0
68,strain,Nurse_55,2,14.0
68,strain,Nurse_56,4,13.5
68,strain,Nurse_57,1,14.0
68,strain,Nurse_58,1,12.5
68,strain,Nurse_59,2,15.0
68,strain,Nurse_60,2,13.5
68,strain,Nurse_61,1,14.0
68,strain,Nurse_62,0,7.0
68,strain,Nurse_63,4,16.0
68,strain,Nurse_64,1,8.5
68,strain,Nurse_65,2,15.5
68,strain,Nurse_66,3,20.0
68,strain,Nurse_67,3,12.0
68,strain,Nurse_68,2,14.0
68,strain,Nurse_69,1,10.0
68,strain,Nurse_70,1,16.0
69,baseline,Nurse_01,4,15.0
69,baseline,Nurse_02,2,7.5
69,baseline,Nurse_03,0,6.0
69,baseline,Nurse_04,0,9.0
69,baseline,Nurse_05,4,12.0
69,baseline,Nurse_06,4,17.5
69,baseline,Nurse_07,3,21.0
69,baseline,Nurse_08,5,22.0
69,baseline,Nurse_09,3,15.0
69,baseline,Nurse_10,3,14.5
69,baseline,Nurse_11,3,18.0
69,baseline,Nurse_12,6,19.5
69,baseline,Nurse_13,2,12.5
69,baseline,Nurse_14,1,11.5
69,baseline,Nurse_15,4,18.0
69,baseline,Nurse_16,0,6.5
69,baseline,Nurse_17,4,23.0
69,baseline,Nurse_18,1,9.5
69,baseline,Nurse_19,4,21.5
69,baseline,Nurse_20,7,27.0
69,baseline,Nurse_21,3,21.0
69,baseline,Nurse_22,1,10.5
69,baseline,Nurse_23,1,11.0
69,baseline,Nurse_24,3,17.0
69,baseline,Nurse_25,1,8.5
69,baseline,Nurse_26,4,20.0
69,baseline,Nurse_27,2,7.5
69,baseline,Nurse_28,4,21.5
69,baseline,Nurse_29,5,25.0
69,baseline,Nurse_30,3,19.0
69,baseline,Nurse_31,5,20.0
69,baseline,Nurse_32,5,22.0
69,baseline,Nurse_33,1,10.0
69,baseline,Nurse_34,4,13.5
69,baseline,Nurse_35,0,3.0
69,baseline,Nurse_36,4,20.5
69,baseline,Nurse_37,1,6.0
69,baseline,Nurse_38,0,6.5
69,baseline,Nurse_39,3,12.5
69,baseline,Nurse_40,3,14.5
69,baseline,Nurse_41,2,11.0
69,baseline,Nurse_42,2,12.5
69,baseline,Nurse_43,1,8.0
69,baseline,Nurse_44,2,9.0
69,baseline,Nurse_45,2,17.0
69,baseline,Nurse_46,4,17.0
69,baseline,Nurse_47,0,8.5
69,baseline,Nurse_48,4,16.0
69,baseline,Nurse_49,0,0.0
69,baseline,Nurse_50,2,12.5
69,baseline,Nurse_51,1,13.5
69,baseline,Nurse_52,3,18.0
69,baseline,Nurse_53,1,11.5
69,baseline,Nurse_54,2,13.0
69,baseline,Nurse_55,5,23.0
69,baseline,Nurse_56,3,16.5
69,baseline,Nurse_57,3,14.0
69,baseline,Nurse_58,5,21.0
69,baseline,Nurse_59,1,12.0
69,baseline,Nurse_60,1,11.0
69,baseline,Nurse_61,5,23.0
69,baseline,Nurse_62,1,15.0
69,baseline,Nurse_63,0,4.0
69,baseline,Nurse_64,4,12.0
69,baseline,Nurse_65,5,31.0
69,baseline,Nurse_66,0,9.0
69,baseline,Nurse_67,2,12.0
69,baseline,Nurse_68,1,3.0
69,baseline,Nurse_69,3,17.0
69,baseline,Nurse_70,3,12.5
69,strain,Nurse_01,3,15.0
69,strain,Nurse_02,1,6.0
69,strain,Nurse_03,0,7.0
69,strain,Nurse_04,0,8.5
69,strain,Nurse_05,4,15.0
69,strain,Nurse_06,2,14.5
69,strain,Nurse_07,3,15.0
69,strain,Nurse_08,3,17.5
69,strain,Nurse_09,3,15.0
69,strain,Nurse_10,3,13.0
69,strain,Nurse_11,2,19.0
69,strain,Nurse_12,4,13.5
69,strain,Nurse_13,1,12.0
69,strain,Nurse_14,1,10.0
69,strain,Nurse_15,3,18.0
69,strain,Nurse_16,0,13.5
69,strain,Nurse_17,3,20.0
69,strain,Nurse_18,1,9.5
69,strain,Nurse_19,4,23.0
69,strain,Nurse_20,4,17.5
69,strain,Nurse_21,1,14.5
69,strain,Nurse_22,1,11.0
69,strain,Nurse_23,0,11.0
69,strain,Nurse_24,1,15.0
69,strain,Nurse_25,0,7.0
69,strain,Nurse_26,3,15.5
69,strain,Nurse_27,2,7.5
69,strain,Nurse_28,3,18.0
69,strain,Nurse_29,4,19.5
69,strain,Nurse_30,1,16.0
69,strain,Nurse_31,3,17.0
69,strain,Nurse_32,2,17.0
69,strain,Nurse_33,1,6.0
69,strain,Nurse_34,4,12.0
69,strain,Nurse_35,0,3.0
69,strain,Nurse_36,3,16.5
69,strain,Nurse_37,1,7.5
69,strain,Nurse_38,0,6.5
69,strain,Nurse_39,1,9.5
69,strain,Nurse_40,3,13.0
69,strain,Nurse_41,2,14.0
69,strain,Nurse_42,0,9.0
69,strain,Nurse_43,1,8.0
69,strain,Nurse_44,0,4.5
69,strain,Nurse_45,2,15.5
69,strain,Nurse_46,4,18.5
69,strain,Nurse_47,0,7.0
69,strain,Nurse_48,2,12.5
69,strain,Nurse_49,0,3.0
69,strain,Nurse_50,1,8.5
69,strain,Nurse_51,0,12.5
69,strain,Nurse_52,3,15.5
69,strain,Nurse_53,1,10.5
69,strain,Nurse_54,1,13.0
69,strain,Nurse_55,4,21.5
69,strain,Nurse_56,2,14.5
69,strain,Nurse_57,2,13.0
69,strain,Nurse_58,2,17.0
69,strain,Nurse_59,1,14.5
69,strain,Nurse_60,1,12.5
69,strain,Nurse_61,2,17.5
69,strain,Nurse_62,1,15.0
69,strain,Nurse_63,0,8.0
69,strain,Nurse_64,4,13.5
69,strain,Nurse_65,1,17.5
69,strain,Nurse_66,0,11.5
69,strain,Nurse_67,1,9.0
69,strain,Nurse_68,1,6.0
69,strain,Nurse_69,2,15.5
69,strain,Nurse_70,1,9.0
70,baseline,Nurse_01,4,24.0
70,baseline,Nurse_02,4,18.5
70,baseline,Nurse_03,5,16.5
70,baseline,Nurse_04,1,10.5
70,baseline,Nurse_05,0,5.5
70,baseline,Nurse_06,0,5.0
70,baseline,Nurse_07,4,17.0
70,baseline,Nurse_08,3,12.5
70,baseline,Nurse_09,2,12.0
70,baseline,Nurse_10,3,14.0
70,baseline,Nurse_11,2,13.5
70,baseline,Nurse_12,0,3.0
70,baseline,Nurse_13,3,13.5
70,baseline,Nurse_14,4,19.5
70,baseline,Nurse_15,3,18.5
70,baseline,Nurse_16,1,11.0
70,baseline,Nurse_17,0,6.0
70,baseline,Nurse_18,1,7.0
70,baseline,Nurse_19,4,16.5
70,baseline,Nurse_20,3,19.5
70,baseline,Nurse_21,1,11.0
70,baseline,Nurse_22,5,20.5
70,baseline,Nurse_23,1,11.5
70,baseline,Nurse_24,3,16.5
70,baseline,Nurse_25,1,6.0
70,baseline,Nurse_26,2,15.0
70,baseline,Nurse_27,3,17.0
70,baseline,Nurse_28,1,10.0
70,baseline,Nurse_29,4,21.0
70,baseline,Nurse_30,3,17.0
70,baseline,Nurse_31,3,16.5
70,baseline,Nurse_32,5,17.0
70,baseline,Nurse_33,3,20.5
70,baseline,Nurse_34,4,18.0
70,baseline,Nurse_35,3,17.5
70,baseline,Nurse_36,1,11.0
70,baseline,Nurse_37,3,11.0
70,baseline,Nurse_38,4,22.5
70,baseline,Nurse_39,1,10.5
70,baseline,Nurse_40,5,19.0
70,baseline,Nurse_41,2,11.5
70,baseline,Nurse_42,1,18.5
70,baseline,Nurse_43,3,18.5
70,baseline,Nurse_44,0,4.0
70,baseline,Nurse_45,3,13.0
70,baseline,Nurse_46,2,7.5
70,baseline,Nurse_47,4,15.0
70,baseline,Nurse_48,1,14.5
70,baseline,Nurse_49,2,6.0
70,baseline,Nurse_50,2,17.0
70,baseline,Nurse_51,4,24.0
70,baseline,Nurse_52,5,22.0
70,baseline,Nurse_53,3,13.0
70,baseline,Nurse_54,2,13.0
70,baseline,Nurse_55,1,13.0
70,baseline,Nurse_56,5,16.5
70,baseline,Nurse_57,2,16.0
70,baseline,Nurse_58,3,11.0
70,baseline,Nurse_59,1,14.0
70,baseline,Nurse_60,3,16.0
70,baseline,Nurse_61,1,3.0
70,baseline,Nurse_62,1,11.0
70,baseline,Nurse_63,3,12.0
70,baseline,Nurse_64,4,15.0
70,baseline,Nurse_65,2,11.0
70,baseline,Nurse_66,4,17.0
70,baseline,Nurse_67,3,14.5
70,baseline,Nurse_68,4,22.0
70,baseline,Nurse_69,0,7.0
70,baseline,Nurse_70,5,20.0
70,strain,Nurse_01,2,17.0
70,strain,Nurse_02,4,22.0
70,strain,Nurse_03,3,13.5
70,strain,Nurse_04,1,11.5
70,strain,Nurse_05,0,5.5
70,strain,Nurse_06,0,5.0
70,strain,Nurse_07,3,15.5
70,strain,Nurse_08,2,13.0
70,strain,Nurse_09,0,10.5
70,strain,Nurse_10,2,15.5
70,strain,Nurse_11,0,6.0
70,strain,Nurse_12,0,3.0
70,strain,Nurse_13,3,13.5
70,strain,Nurse_14,3,12.5
70,strain,Nurse_15,3,17.0
70,strain,Nurse_16,0,13.5
70,strain,Nurse_17,0,6.0
70,strain,Nurse_18,1,8.5
70,strain,Nurse_19,2,13.5
70,strain,Nurse_20,0,15.0
70,strain,Nurse_21,1,11.0
70,strain,Nurse_22,2,11.5
70,strain,Nurse_23,1,11.5
70,strain,Nurse_24,2,13.0
70,strain,Nurse_25,1,7.5
70,strain,Nurse_26,0,13.0
70,strain,Nurse_27,2,13.0
70,strain,Nurse_28,1,11.5
70,strain,Nurse_29,2,17.5
70,strain,Nurse_30,2,16.0
70,strain,Nurse_31,2,14.5
70,strain,Nurse_32,3,14.0
70,strain,Nurse_33,1,18.5
70,strain,Nurse_34,2,11.0
70,strain,Nurse_35,2,10.5
70,strain,Nurse_36,1,14.0
70,strain,Nurse_37,3,12.5
70,strain,Nurse_38,2,15.0
70,strain,Nurse_39,0,6.0
70,strain,Nurse_40,2,17.5
70,strain,Nurse_41,1,9.5
70,strain,Nurse_42,0,15.5
70,strain,Nurse_43,1,12.0
70,strain,Nurse_44,0,6.5
70,strain,Nurse_45,2,13.0
70,strain,Nurse_46,1,7.5
70,strain,Nurse_47,4,16.5
70,strain,Nurse_48,0,13.5
70,strain,Nurse_49,1,4.5
70,strain,Nurse_50,2,14.5
70,strain,Nurse_51,2,15.5
70,strain,Nurse_52,4,20.0
70,strain,Nurse_53,3,14.5
70,strain,Nurse_54,1,11.5
70,strain,Nurse_55,0,9.0
70,strain,Nurse_56,5,18.0
70,strain,Nurse_57,2,12.0
70,strain,Nurse_58,3,12.5
70,strain,Nurse_59,1,15.0
70,strain,Nurse_60,1,14.0
70,strain,Nurse_61,1,4.5
70,strain,Nurse_62,1,8.5
70,strain,Nurse_63,3,12.0
70,strain,Nurse_64,4,15.0
70,strain,Nurse_65,1,12.0
70,strain,Nurse_66,3,13.0
70,strain,Nurse_67,2,13.0
70,strain,Nurse_68,1,16.5
70,strain,Nurse_69,0,8.5
70,strain,Nurse_70,4,18.5
71,baseline,Nurse_01,6,24.5
71,baseline,Nurse_02,0,5.0
71,baseline,Nurse_03,4,21.5
71,baseline,Nurse_04,3,10.5
71,baseline,Nurse_05,5,23.5
71,baseline,Nurse_06,4,19.5
71,baseline,Nurse_07,5,20.0
71,baseline,Nurse_08,2,14.5
71,baseline,Nurse_09,2,11.5
71,baseline,Nurse_10,1,11.5
71,baseline,Nurse_11,1,6.0
71,baseline,Nurse_12,0,0.0
71,baseline,Nurse_13,4,20.5
71,baseline,Nurse_14,0,10.5
71,baseline,Nurse_15,0,8.0
71,baseline,Nurse_16,2,10.0
71,baseline,Nurse_17,1,7.5
71,baseline,Nurse_18,1,12.5
71,baseline,Nurse_19,5,25.0
71,baseline,Nurse_20,5,22.0
71,baseline,Nurse_21,6,23.5
71,baseline,Nurse_22,4,21.0
71,baseline,Nurse_23,0,10.5
71,baseline,Nurse_24,4,22.5
71,baseline,Nurse_25,1,3.0
71,baseline,Nurse_26,0,8.5
71,baseline,Nurse_27,4,17.5
71,baseline,Nurse_28,2,13.5
71,baseline,Nurse_29,2,14.0
71,baseline,Nurse_30,2,13.0
71,baseline,Nurse_31,4,21.5
71,baseline,Nurse_32,0,7.0
71,baseline,Nurse_33,5,15.0
71,baseline,Nurse_34,1,8.5
71,baseline,Nurse_35,2,10.5
71,baseline,Nurse_36,0,6.0
71,baseline,Nurse_37,1,10.0
71,baseline,Nurse_38,1,10.0
71,baseline,Nurse_39,0,7.5
71,baseline,Nurse_40,4,21.5
71,baseline,Nurse_41,2,10.0
71,baseline,Nurse_42,3,14.0
71,baseline,Nurse_43,1,12.5
71,baseline,Nurse_44,4,21.0
71,baseline,Nurse_45,4,19.0
71,baseline,Nurse_46,0,8.0
71,baseline,Nurse_47,4,15.0
71,baseline,Nurse_48,4,18.0
71,baseline,Nurse_49,4,19.5
71,baseline,Nurse_50,1,3.0
71,baseline,Nurse_51,3,12.0
71,baseline,Nurse_52,0,9.0
71,baseline,Nurse_53,1,7.5
71,baseline,Nurse_54,0,5.0
71,baseline,Nurse_55,2,7.5
71,baseline,Nurse_56,4,20.0
71,baseline,Nurse_57,4,18.5
71,baseline,Nurse_58,3,17.5
71,baseline,Nurse_59,3,12.5
71,baseline,Nurse_60,2,19.5
71,baseline,Nurse_61,5,24.5
71,baseline,Nurse_62,5,23.0
71,baseline,Nurse_63,1,6.0
71,baseline,Nurse_64,1,8.0
71,baseline,Nurse_65,2,13.5
71,baseline,Nurse_66,3,10.5
71,baseline,Nurse_67,3,18.0
71,baseline,Nurse_68,4,20.5
71,baseline,Nurse_69,1,8.0
71,baseline,Nurse_70,4,20.0
71,strain,Nurse_01,6,23.0
71,strain,Nurse_02,1,10.5
71,strain,Nurse_03,3,18.5
71,strain,Nurse_04,3,10.5
71,strain,Nurse_05,1,14.0
71,strain,Nurse_06,2,12.5
71,strain,Nurse_07,5,18.5
71,strain,Nurse_08,1,15.5
71,strain,Nurse_09,2,10.0
71,strain,Nurse_10,0,9.5
71,strain,Nurse_11,1,9.0
71,strain,Nurse_12,0,1.5
71,strain,Nurse_13,2,14.0
71,strain,Nurse_14,0,10.5
71,strain,Nurse_15,0,9.5
71,strain,Nurse_16,2,11.5
71,strain,Nurse_17,1,8.5
71,strain,Nurse_18,1,11.0
71,strain,Nurse_19,3,20.0
71,strain,Nurse_20,3,17.0
71,strain,Nurse_21,3,17.0
71,strain,Nurse_22,4,21.0
71,strain,Nurse_23,0,7.0
71,strain,Nurse_24,0,12.5
71,strain,Nurse_25,1,4.5
71,strain,Nurse_26,0,8.5
71,strain,Nurse_27,2,13.0
71,strain,Nurse_28,2,13.5
71,strain,Nurse_29,0,10.5
71,strain,Nurse_30,1,9.0
71,strain,Nurse_31,3,17.5
71,strain,Nurse_32,0,7.0
71,strain,Nurse_33,4,12.0
71,strain,Nurse_34,1,10.0
71,strain,Nurse_35,2,10.5
71,strain,Nurse_36,0,10.0
71,strain,Nurse_37,0,8.0
71,strain,Nurse_38,1,14.0
71,strain,Nurse_39,0,6.5
71,strain,Nurse_40,2,15.5
71,strain,Nurse_41,1,8.5
71,strain,Nurse_42,0,10.5
71,strain,Nurse_43,0,9.5
71,strain,Nurse_44,3,18.0
71,strain,Nurse_45,2,18.5
71,strain,Nurse_46,0,6.5
71,strain,Nurse_47,2,12.0
71,strain,Nurse_48,2,15.0
71,strain,Nurse_49,0,10.5
71,strain,Nurse_50,1,7.5
71,strain,Nurse_51,3,12.0
71,strain,Nurse_52,0,10.5
71,strain,Nurse_53,0,6.0
71,strain,Nurse_54,0,6.5
71,strain,Nurse_55,2,9.0
71,strain,Nurse_56,1,12.0
71,strain,Nurse_57,3,18.0
71,strain,Nurse_58,2,15.5
71,strain,Nurse_59,2,12.5
71,strain,Nurse_60,2,18.5
71,strain,Nurse_61,3,20.0
71,strain,Nurse_62,2,17.0
71,strain,Nurse_63,1,8.0
71,strain,Nurse_64,1,10.5
71,strain,Nurse_65,1,12.0
71,strain,Nurse_66,3,12.0
71,strain,Nurse_67,2,16.5
71,strain,Nurse_68,1,14.0
71,strain,Nurse_69,1,10.5
71,strain,Nurse_70,3,16.0
72,baseline,Nurse_01,3,13.0
72,baseline,Nurse_02,1,7.0
72,baseline,Nurse_03,4,15.5
72,baseline,Nurse_04,4,22.5
72,baseline,Nurse_05,1,9.5
72,baseline,Nurse_06,2,7.5
72,baseline,Nurse_07,0,5.0
72,baseline,Nurse_08,5,18.0
72,baseline,Nurse_09,0,8.0
72,baseline,Nurse_10,1,12.0
72,baseline,Nurse_11,0,3.0
72,baseline,Nurse_12,2,11.0
72,baseline,Nurse_13,2,13.0
72,baseline,Nurse_14,3,15.5
72,baseline,Nurse_15,4,22.5
72,baseline,Nurse_16,5,21.5
72,baseline,Nurse_17,1,13.0
72,baseline,Nurse_18,2,15.5
72,baseline,Nurse_19,1,4.5
72,baseline,Nurse_20,4,18.0
72,baseline,Nurse_21,2,14.5
72,baseline,Nurse_22,4,18.0
72,baseline,Nurse_23,1,12.0
72,baseline,Nurse_24,3,13.5
72,baseline,Nurse_25,4,24.5
72,baseline,Nurse_26,3,17.5
72,baseline,Nurse_27,6,22.0
72,baseline,Nurse_28,0,11.5
72,baseline,Nurse_29,1,10.5
72,baseline,Nurse_30,4,21.0
72,baseline,Nurse_31,3,10.5
72,baseline,Nurse_32,2,11.5
72,baseline,Nurse_33,2,13.5
72,baseline,Nurse_34,0,6.0
72,baseline,Nurse_35,4,21.5
72,baseline,Nurse_36,3,12.0
72,baseline,Nurse_37,3,9.0
72,baseline,Nurse_38,0,3.0
72,baseline,Nurse_39,3,18.0
72,baseline,Nurse_40,2,7.5
72,baseline,Nurse_41,3,14.0
72,baseline,Nurse_42,4,15.5
72,baseline,Nurse_43,6,22.5
72,baseline,Nurse_44,3,16.0
72,baseline,Nurse_45,4,19.0
72,baseline,Nurse_46,2,15.5
72,baseline,Nurse_47,4,17.5
72,baseline,Nurse_48,2,18.5
72,baseline,Nurse_49,4,22.0
72,baseline,Nurse_50,3,17.5
72,baseline,Nurse_51,2,14.5
72,baseline,Nurse_52,2,13.0
72,baseline,Nurse_53,1,11.0
72,baseline,Nurse_54,4,20.0
72,baseline,Nurse_55,2,16.5
72,baseline,Nurse_56,1,7.5
72,baseline,Nurse_57,0,1.5
72,baseline,Nurse_58,0,7.5
72,baseline,Nurse_59,2,17.0
72,baseline,Nurse_60,2,12.5
72,baseline,Nurse_61,3,10.5
72,baseline,Nurse_62,2,12.0
72,baseline,Nurse_63,5,21.5
72,baseline,Nurse_64,2,15.5
72,baseline,Nurse_65,5,15.0
72,baseline,Nurse_66,0,4.0
72,baseline,Nurse_67,4,23.5
72,baseline,Nurse_68,2,13.0
72,baseline,Nurse_69,3,15.5
72,baseline,Nurse_70,0,4.5
72,strain,Nurse_01,2,12.0
72,strain,Nurse_02,1,8.5
72,strain,Nurse_03,3,15.0
72,strain,Nurse_04,1,14.0
72,strain,Nurse_05,1,8.0
72,strain,Nurse_06,1,9.0
72,strain,Nurse_07,0,7.5
72,strain,Nurse_08,4,13.5
72,strain,Nurse_09,0,12.0
72,strain,Nurse_10,0,6.5
72,strain,Nurse_11,0,4.5
72,strain,Nurse_12,2,11.0
72,strain,Nurse_13,2,15.5
72,strain,Nurse_14,1,7.5
72,strain,Nurse_15,3,16.5
72,strain,Nurse_16,1,14.5
72,strain,Nurse_17,1,13.5
72,strain,Nurse_18,2,15.5
72,strain,Nurse_19,0,1.5
72,strain,Nurse_20,1,11.5
72,strain,Nurse_21,1,12.5
72,strain,Nurse_22,2,16.5
72,strain,Nurse_23,1,12.0
72,strain,Nurse_24,2,15.5
72,strain,Nurse_25,1,15.0
72,strain,Nurse_26,1,12.0
72,strain,Nurse_27,3,17.5
72,strain,Nurse_28,0,13.0
72,strain,Nurse_29,0,6.0
72,strain,Nurse_30,3,19.5
72,strain,Nurse_31,2,10.5
72,strain,Nurse_32,2,14.0
72,strain,Nurse_33,2,12.0
72,strain,Nurse_34,0,9.0
72,strain,Nurse_35,2,16.0
72,strain,Nurse_36,3,9.0
72,strain,Nurse_37,2,9.0
72,strain,Nurse_38,0,8.5
72,strain,Nurse_39,2,12.5
72,strain,Nurse_40,2,7.5
72,strain,Nurse_41,1,9.0
72,strain,Nurse_42,3,12.5
72,strain,Nurse_43,3,18.5
72,strain,Nurse_44,3,13.0
72,strain,Nurse_45,3,19.0
72,strain,Nurse_46,1,11.0
72,strain,Nurse_47,2,10.0
72,strain,Nurse_48,2,15.5
72,strain,Nurse_49,3,21.5
72,strain,Nurse_50,3,16.0
72,strain,Nurse_51,2,17.0
72,strain,Nurse_52,2,14.5
72,strain,Nurse_53,1,11.0
72,strain,Nurse_54,2,16.0
72,strain,Nurse_55,2,17.0
72,strain,Nurse_56,0,4.5
72,strain,Nurse_57,0,1.5
72,strain,Nurse_58,0,10.0
72,strain,Nurse_59,1,14.0
72,strain,Nurse_60,2,13.0
72,strain,Nurse_61,3,10.5
72,strain,Nurse_62,2,13.5
72,strain,Nurse_63,3,14.5
72,strain,Nurse_64,2,14.0
72,strain,Nurse_65,3,10.5
72,strain,Nurse_66,0,7.0
72,strain,Nurse_67,4,22.0
72,strain,Nurse_68,1,13.5
72,strain,Nurse_69,1,9.5
72,strain,Nurse_70,0,7.0
73,baseline,Nurse_01,4,17.5
73,baseline,Nurse_02,2,10.0
73,baseline,Nurse_03,4,16.0
73,baseline,Nurse_04,2,16.0
73,baseline,Nurse_05,4,16.5
73,baseline,Nurse_06,5,18.5
73,baseline,Nurse_07,0,5.0
73,baseline,Nurse_08,4,20.0
73,baseline,Nurse_09,1,8.5
73,baseline,Nurse_10,2,7.5
73,baseline,Nurse_11,4,20.0
73,baseline,Nurse_12,5,18.5
73,baseline,Nurse_13,5,24.0
73,baseline,Nurse_14,2,11.0
73,baseline,Nurse_15,3,16.0
73,baseline,Nurse_16,4,12.0
73,baseline,Nurse_17,2,15.5
73,baseline,Nurse_18,4,19.5
73,baseline,Nurse_19,0,9.5
73,baseline,Nurse_20,2,14.5
73,baseline,Nurse_21,2,10.0
73,baseline,Nurse_22,2,18.5
73,baseline,Nurse_23,4,17.0
73,baseline,Nurse_24,3,9.0
73,baseline,Nurse_25,0,2.5
73,baseline,Nurse_26,1,13.5
73,baseline,Nurse_27,4,20.5
73,baseline,Nurse_28,1,4.0
73,baseline,Nurse_29,1,8.5
73,baseline,Nurse_30,5,22.0
73,baseline,Nurse_31,4,20.0
73,baseline,Nurse_32,3,15.5
73,baseline,Nurse_33,4,18.0
73,baseline,Nurse_34,0,4.0
73,baseline,Nurse_35,3,21.0
73,baseline,Nurse_36,3,20.0
73,baseline,Nurse_37,2,15.5
73,baseline,Nurse_38,4,12.0
73,baseline,Nurse_39,0,7.5
73,baseline,Nurse_40,5,23.5
73,baseline,Nurse_41,3,9.0
73,baseline,Nurse_42,4,15.0
73,baseline,Nurse_43,6,25.0
73,baseline,Nurse_44,1,13.0
73,baseline,Nurse_45,3,16.0
73,baseline,Nurse_46,0,2.0
73,baseline,Nurse_47,2,25.0
73,baseline,Nurse_48,1,15.0
73,baseline,Nurse_49,1,3.0
73,baseline,Nurse_50,2,16.5
73,baseline,Nurse_51,1,12.0
73,baseline,Nurse_52,2,9.0
73,baseline,Nurse_53,5,28.5
73,baseline,Nurse_54,5,18.0
73,baseline,Nurse_55,3,16.5
73,baseline,Nurse_56,0,5.0
73,baseline,Nurse_57,3,17.5
73,baseline,Nurse_58,1,11.0
73,baseline,Nurse_59,0,5.0
73,baseline,Nurse_60,4,18.0
73,baseline,Nurse_61,1,11.0
73,baseline,Nurse_62,2,12.0
73,baseline,Nurse_63,4,16.5
73,baseline,Nurse_64,2,9.0
73,baseline,Nurse_65,2,14.0
73,baseline,Nurse_66,2,13.5
73,baseline,Nurse_67,3,17.0
73,baseline,Nurse_68,0,6.5
73,baseline,Nurse_69,4,13.5
73,baseline,Nurse_70,3,14.5
73,strain,Nurse_01,2,14.5
73,strain,Nurse_02,2,11.0
73,strain,Nurse_03,2,11.5
73,strain,Nurse_04,0,8.0
73,strain,Nurse_05,4,15.0
73,strain,Nurse_06,5,18.5
73,strain,Nurse_07,0,10.0
73,strain,Nurse_08,3,16.0
73,strain,Nurse_09,0,6.5
73,strain,Nurse_10,2,6.0
73,strain,Nurse_11,2,16.0
73,strain,Nurse_12,3,13.5
73,strain,Nurse_13,4,20.5
73,strain,Nurse_14,2,11.0
73,strain,Nurse_15,1,9.0
73,strain,Nurse_16,4,12.0
73,strain,Nurse_17,2,14.0
73,strain,Nurse_18,1,9.0
73,strain,Nurse_19,0,10.5
73,strain,Nurse_20,1,11.5
73,strain,Nurse_21,1,8.5
73,strain,Nurse_22,1,13.0
73,strain,Nurse_23,3,11.0
73,strain,Nurse_24,3,12.0
73,strain,Nurse_25,0,4.0
73,strain,Nurse_26,0,11.5
73,strain,Nurse_27,2,19.0
73,strain,Nurse_28,1,8.0
73,strain,Nurse_29,1,10.0
73,strain,Nurse_30,5,20.5
73,strain,Nurse_31,2,14.0
73,strain,Nurse_32,2,16.0
73,strain,Nurse_33,1,15.5
73,strain,Nurse_34,0,10.5
73,strain,Nurse_35,1,15.0
73,strain,Nurse_36,2,20.0
73,strain,Nurse_37,1,12.5
73,strain,Nurse_38,3,12.0
73,strain,Nurse_39,0,10.0
73,strain,Nurse_40,4,21.0
73,strain,Nurse_41,1,6.0
73,strain,Nurse_42,4,13.5
73,strain,Nurse_43,3,18.0
73,strain,Nurse_44,0,10.0
73,strain,Nurse_45,2,13.5
73,strain,Nurse_46,0,8.5
73,strain,Nurse_47,2,18.5
73,strain,Nurse_48,1,12.5
73,strain,Nurse_49,1,3.0
73,strain,Nurse_50,2,17.0
73,strain,Nurse_51,0,11.0
73,strain,Nurse_52,1,7.5
73,strain,Nurse_53,4,26.0
73,strain,Nurse_54,4,17.5
73,strain,Nurse_55,2,11.5
73,strain,Nurse_56,0,6.0
73,strain,Nurse_57,1,12.5
73,strain,Nurse_58,1,13.5
73,strain,Nurse_59,0,10.0
73,strain,Nurse_60,2,14.5
73,strain,Nurse_61,1,11.0
73,strain,Nurse_62,1,11.0
73,strain,Nurse_63,2,11.5
73,strain,Nurse_64,1,8.5
73,strain,Nurse_65,0,6.5
73,strain,Nurse_66,2,13.5
73,strain,Nurse_67,3,18.5
73,strain,Nurse_68,0,5.5
73,strain,Nurse_69,4,13.5
73,strain,Nurse_70,2,13.0
74,baseline,Nurse_01,1,15.0
74,baseline,Nurse_02,0,6.0
74,baseline,Nurse_03,1,6.0
74,baseline,Nurse_04,2,17.0
74,baseline,Nurse_05,1,8.5
74,baseline,Nurse_06,5,20.5
74,baseline,Nurse_07,6,18.0
74,baseline,Nurse_08,2,17.0
74,baseline,Nurse_09,1,11.5
74,baseline,Nurse_10,2,12.0
74,baseline,Nurse_11,2,12.0
74,baseline,Nurse_12,0,8.0
74,baseline,Nurse_13,0,10.0
74,baseline,Nurse_14,1,11.5
74,baseline,Nurse_15,3,15.5
74,baseline,Nurse_16,5,21.0
74,baseline,Nurse_17,3,14.0
74,baseline,Nurse_18,0,7.0
74,baseline,Nurse_19,5,24.0
74,baseline,Nurse_20,0,7.0
74,baseline,Nurse_21,3,13.5
74,baseline,Nurse_22,4,16.5
74,baseline,Nurse_23,5,15.0
74,baseline,Nurse_24,1,13.5
74,baseline,Nurse_25,4,23.0
74,baseline,Nurse_26,2,11.0
74,baseline,Nurse_27,3,18.5
74,baseline,Nurse_28,2,6.0
74,baseline,Nurse_29,1,10.0
74,baseline,Nurse_30,5,16.5
74,baseline,Nurse_31,4,15.0
74,baseline,Nurse_32,1,11.0
74,baseline,Nurse_33,1,9.5
74,baseline,Nurse_34,0,3.0
74,baseline,Nurse_35,3,13.5
74,baseline,Nurse_36,2,9.5
74,baseline,Nurse_37,2,15.5
74,baseline,Nurse_38,0,9.0
74,baseline,Nurse_39,3,16.0
74,baseline,Nurse_40,0,11.5
74,baseline,Nurse_41,2,16.0
74,baseline,Nurse_42,1,9.5
74,baseline,Nurse_43,4,21.0
74,baseline,Nurse_44,3,12.0
74,baseline,Nurse_45,3,15.5
74,baseline,Nurse_46,4,25.0
74,baseline,Nurse_47,5,22.5
74,baseline,Nurse_48,5,18.0
74,baseline,Nurse_49,5,21.5
74,baseline,Nurse_50,4,17.0
74,baseline,Nurse_51,1,6.0
74,baseline,Nurse_52,1,9.0
74,baseline,Nurse_53,0,0.0
74,baseline,Nurse_54,4,23.0
74,baseline,Nurse_55,2,13.0
74,baseline,Nurse_56,6,25.5
74,baseline,Nurse_57,0,5.5
74,baseline,Nurse_58,1,3.0
74,baseline,Nurse_59,3,16.5
74,baseline,Nurse_60,4,14.0
74,baseline,Nurse_61,0,8.5
74,baseline,Nurse_62,5,24.5
74,baseline,Nurse_63,4,21.5
74,baseline,Nurse_64,5,21.0
74,baseline,Nurse_65,5,23.0
74,baseline,Nurse_66,3,19.0
74,baseline,Nurse_67,0,2.5
74,baseline,Nurse_68,2,14.0
74,baseline,Nurse_69,5,18.5
74,baseline,Nurse_70,6,23.0
74,strain,Nurse_01,0,8.5
74,strain,Nurse_02,0,6.0
74,strain,Nurse_03,1,6.0
74,strain,Nurse_04,0,11.0
74,strain,Nurse_05,0,5.5
74,strain,Nurse_06,2,14.5
74,strain,Nurse_07,5,15.0
74,strain,Nurse_08,1,8.0
74,strain,Nurse_09,0,7.5
74,strain,Nurse_10,1,12.0
74,strain,Nurse_11,2,15.5
74,strain,Nurse_12,0,8.0
74,strain,Nurse_13,0,9.0
74,strain,Nurse_14,1,11.5
74,strain,Nurse_15,1,12.5
74,strain,Nurse_16,5,21.0
74,strain,Nurse_17,2,11.5
74,strain,Nurse_18,0,9.5
74,strain,Nurse_19,4,17.0
74,strain,Nurse_20,0,7.0
74,strain,Nurse_21,3,13.5
74,strain,Nurse_22,3,15.0
74,strain,Nurse_23,4,13.5
74,strain,Nurse_24,1,13.5
74,strain,Nurse_25,2,20.0
74,strain,Nurse_26,2,12.5
74,strain,Nurse_27,1,14.0
74,strain,Nurse_28,2,6.0
74,strain,Nurse_29,0,8.0
74,strain,Nurse_30,5,16.5
74,strain,Nurse_31,4,15.0
74,strain,Nurse_32,0,13.0
74,strain,Nurse_33,0,6.5
74,strain,Nurse_34,0,4.5
74,strain,Nurse_35,2,9.5
74,strain,Nurse_36,2,12.0
74,strain,Nurse_37,1,11.0
74,strain,Nurse_38,0,9.0
74,strain,Nurse_39,3,16.0
74,strain,Nurse_40,0,10.0
74,strain,Nurse_41,1,10.5
74,strain,Nurse_42,0,9.5
74,strain,Nurse_43,3,15.0
74,strain,Nurse_44,2,10.5
74,strain,Nurse_45,2,13.5
74,strain,Nurse_46,3,21.0
74,strain,Nurse_47,2,16.5
74,strain,Nurse_48,4,16.5
74,strain,Nurse_49,3,19.5
74,strain,Nurse_50,4,17.0
74,strain,Nurse_51,1,9.0
74,strain,Nurse_52,1,14.0
74,strain,Nurse_53,0,4.5
74,strain,Nurse_54,3,16.0
74,strain,Nurse_55,2,15.5
74,strain,Nurse_56,4,20.0
74,strain,Nurse_57,0,12.0
74,strain,Nurse_58,1,3.0
74,strain,Nurse_59,2,13.5
74,strain,Nurse_60,2,14.0
74,strain,Nurse_61,0,10.0
74,strain,Nurse_62,3,19.5
74,strain,Nurse_63,0,13.5
74,strain,Nurse_64,3,18.5
74,strain,Nurse_65,2,18.5
74,strain,Nurse_66,1,15.5
74,strain,Nurse_67,0,2.5
74,strain,Nurse_68,2,14.0
74,strain,Nurse_69,2,15.5
74,strain,Nurse_70,4,20.0
75,baseline,Nurse_01,2,17.5
75,baseline,Nurse_02,1,17.0
75,baseline,Nurse_03,0,15.5
75,baseline,Nurse_04,1,7.5
75,baseline,Nurse_05,2,9.0
75,baseline,Nurse_06,0,7.5
75,baseline,Nurse_07,1,14.0
75,baseline,Nurse_08,1,10.5
75,baseline,Nurse_09,1,13.5
75,baseline,Nurse_10,1,10.0
75,baseline,Nurse_11,1,4.5
75,baseline,Nurse_12,2,16.0
75,baseline,Nurse_13,6,22.5
75,baseline,Nurse_14,3,17.5
75,baseline,Nurse_15,2,7.5
75,baseline,Nurse_16,2,14.5
75,baseline,Nurse_17,2,13.0
75,baseline,Nurse_18,5,22.0
75,baseline,Nurse_19,4,18.0
75,baseline,Nurse_20,3,14.5
75,baseline,Nurse_21,1,11.5
75,baseline,Nurse_22,0,8.5
75,baseline,Nurse_23,2,16.0
75,baseline,Nurse_24,2,16.0
75,baseline,Nurse_25,6,25.5
75,baseline,Nurse_26,5,17.0
75,baseline,Nurse_27,2,13.0
75,baseline,Nurse_28,3,17.5
75,baseline,Nurse_29,4,17.0
75,baseline,Nurse_30,4,21.0
75,baseline,Nurse_31,2,12.5
75,baseline,Nurse_32,5,15.0
75,baseline,Nurse_33,6,25.5
75,baseline,Nurse_34,0,8.5
75,baseline,Nurse_35,3,15.5
75,baseline,Nurse_36,3,14.0
75,baseline,Nurse_37,1,8.0
75,baseline,Nurse_38,2,14.0
75,baseline,Nurse_39,4,16.0
75,baseline,Nurse_40,5,23.0
75,baseline,Nurse_41,0,3.0
75,baseline,Nurse_42,6,21.0
75,baseline,Nurse_43,3,17.5
75,baseline,Nurse_44,5,15.0
75,baseline,Nurse_45,6,24.5
75,baseline,Nurse_46,2,10.0
75,baseline,Nurse_47,4,14.0
75,baseline,Nurse_48,3,15.0
75,baseline,Nurse_49,2,11.0
75,baseline,Nurse_50,5,16.0
75,baseline,Nurse_51,2,11.5
75,baseline,Nurse_52,2,15.0
75,baseline,Nurse_53,0,7.0
75,baseline,Nurse_54,2,9.0
75,baseline,Nurse_55,1,16.5
75,baseline,Nurse_56,5,16.0
75,baseline,Nurse_57,1,12.0
75,baseline,Nurse_58,4,20.5
75,baseline,Nurse_59,5,21.0
75,baseline,Nurse_60,4,18.0
75,baseline,Nurse_61,4,21.5
75,baseline,Nurse_62,2,14.5
75,baseline,Nurse_63,4,19.5
75,baseline,Nurse_64,2,6.0
75,baseline,Nurse_65,0,9.5
75,baseline,Nurse_66,3,15.0
75,baseline,Nurse_67,2,10.5
75,baseline,Nurse_68,0,5.0
75,baseline,Nurse_69,4,14.0
75,baseline,Nurse_70,5,18.0
75,strain,Nurse_01,0,15.0
75,strain,Nurse_02,0,13.5
75,strain,Nurse_03,0,9.0
75,strain,Nurse_04,1,4.5
75,strain,Nurse_05,2,10.5
75,strain,Nurse_06,0,7.5
75,strain,Nurse_07,1,14.0
75,strain,Nurse_08,1,10.0
75,strain,Nurse_09,0,10.5
75,strain,Nurse_10,0,9.5
75,strain,Nurse_11,0,0.0
75,strain,Nurse_12,1,13.0
75,strain,Nurse_13,3,15.0
75,strain,Nurse_14,3,15.0
75,strain,Nurse_15,2,9.0
75,strain,Nurse_16,2,14.5
75,strain,Nurse_17,1,8.5
75,strain,Nurse_18,2,19.0
75,strain,Nurse_19,4,15.0
75,strain,Nurse_20,2,10.5
75,strain,Nurse_21,1,11.5
75,strain,Nurse_22,0,9.5
75,strain,Nurse_23,2,14.5
75,strain,Nurse_24,2,16.0
75,strain,Nurse_25,4,17.0
75,strain,Nurse_26,1,11.5
75,strain,Nurse_27,1,14.0
75,strain,Nurse_28,2,13.5
75,strain,Nurse_29,3,15.0
75,strain,Nurse_30,1,12.0
75,strain,Nurse_31,2,14.0
75,strain,Nurse_32,4,13.5
75,strain,Nurse_33,3,22.0
75,strain,Nurse_34,0,11.0
75,strain,Nurse_35,3,14.0
75,strain,Nurse_36,1,11.0
75,strain,Nurse_37,1,9.5
75,strain,Nurse_38,2,15.5
75,strain,Nurse_39,2,14.0
75,strain,Nurse_40,3,19.0
75,strain,Nurse_41,0,3.0
75,strain,Nurse_42,4,18.0
75,strain,Nurse_43,3,15.0
75,strain,Nurse_44,2,9.0
75,strain,Nurse_45,1,15.5
75,strain,Nurse_46,2,10.0
75,strain,Nurse_47,3,15.5
75,strain,Nurse_48,2,16.0
75,strain,Nurse_49,2,16.5
75,strain,Nurse_50,3,13.0
75,strain,Nurse_51,1,10.0
75,strain,Nurse_52,1,9.5
75,strain,Nurse_53,0,8.5
75,strain,Nurse_54,1,9.0
75,strain,Nurse_55,1,13.5
75,strain,Nurse_56,2,11.0
75,strain,Nurse_57,0,11.5
75,strain,Nurse_58,2,15.5
75,strain,Nurse_59,3,16.5
75,strain,Nurse_60,2,14.0
75,strain,Nurse_61,1,11.5
75,strain,Nurse_62,2,13.5
75,strain,Nurse_63,2,11.5
75,strain,Nurse_64,2,10.5
75,strain,Nurse_65,0,11.0
75,strain,Nurse_66,3,17.0
75,strain,Nurse_67,2,12.0
75,strain,Nurse_68,0,5.0
75,strain,Nurse_69,4,18.5
75,strain,Nurse_70,3,13.5
76,baseline,Nurse_01,0,7.0
76,baseline,Nurse_02,0,2.5
76,baseline,Nurse_03,2,14.0
76,baseline,Nurse_04,4,20.5
76,baseline,Nurse_05,3,12.0
76,baseline,Nurse_06,2,17.5
76,baseline,Nurse_07,3,10.5
76,baseline,Nurse_08,1,11.0
76,baseline,Nurse_09,3,19.5
76,baseline,Nurse_10,4,23.0
76,baseline,Nurse_11,6,26.0
76,baseline,Nurse_12,5,18.0
76,baseline,Nurse_13,1,10.5
76,baseline,Nurse_14,4,21.0
76,baseline,Nurse_15,4,19.5
76,baseline,Nurse_16,4,17.5
76,baseline,Nurse_17,2,8.0
76,baseline,Nurse_18,4,20.5
76,baseline,Nurse_19,2,13.5
76,baseline,Nurse_20,2,6.0
76,baseline,Nurse_21,2,13.5
76,baseline,Nurse_22,0,4.0
76,baseline,Nurse_23,4,19.0
76,baseline,Nurse_24,0,5.0
76,baseline,Nurse_25,1,7.5
76,baseline,Nurse_26,4,14.0
76,baseline,Nurse_27,6,24.0
76,baseline,Nurse_28,5,23.0
76,baseline,Nurse_29,0,7.5
76,baseline,Nurse_30,4,13.5
76,baseline,Nurse_31,0,8.5
76,baseline,Nurse_32,4,23.0
76,baseline,Nurse_33,4,22.5
76,baseline,Nurse_34,0,4.0
76,baseline,Nurse_35,2,15.5
76,baseline,Nurse_36,3,13.5
76,baseline,Nurse_37,0,0.0
76,baseline,Nurse_38,1,13.0
76,baseline,Nurse_39,5,23.5
76,baseline,Nurse_40,4,26.5
76,baseline,Nurse_41,4,14.0
76,baseline,Nurse_42,1,8.5
76,baseline,Nurse_43,0,5.0
76,baseline,Nurse_44,3,15.0
76,baseline,Nurse_45,3,16.0
76,baseline,Nurse_46,1,6.0
76,baseline,Nurse_47,1,12.5
76,baseline,Nurse_48,4,15.5
76,baseline,Nurse_49,4,21.5
76,baseline,Nurse_50,3,9.0
76,baseline,Nurse_51,3,10.5
76,baseline,Nurse_52,3,15.0
76,baseline,Nurse_53,1,11.5
76,baseline,Nurse_54,5,21.0
76,baseline,Nurse_55,2,16.5
76,baseline,Nurse_56,3,16.5
76,baseline,Nurse_57,2,12.5
76,baseline,Nurse_58,1,13.5
76,baseline,Nurse_59,2,12.5
76,baseline,Nurse_60,6,26.0
76,baseline,Nurse_61,2,15.0
76,baseline,Nurse_62,6,26.0
76,baseline,Nurse_63,2,7.5
76,baseline,Nurse_64,3,14.0
76,baseline,Nurse_65,0,6.5
76,baseline,Nurse_66,0,6.0
76,baseline,Nurse_67,2,13.0
76,baseline,Nurse_68,1,8.5
76,baseline,Nurse_69,6,23.0
76,baseline,Nurse_70,4,21.0
76,strain,Nurse_01,0,7.0
76,strain,Nurse_02,0,8.5
76,strain,Nurse_03,1,9.5
76,strain,Nurse_04,2,18.0
76,strain,Nurse_05,3,15.0
76,strain,Nurse_06,2,15.0
76,strain,Nurse_07,3,10.5
76,strain,Nurse_08,0,12.0
76,strain,Nurse_09,1,15.5
76,strain,Nurse_10,2,21.0
76,strain,Nurse_11,3,17.5
76,strain,Nurse_12,4,13.5
76,strain,Nurse_13,1,9.5
76,strain,Nurse_14,3,17.0
76,strain,Nurse_15,4,19.5
76,strain,Nurse_16,1,15.5
76,strain,Nurse_17,1,5.0
76,strain,Nurse_18,2,16.5
76,strain,Nurse_19,1,12.0
76,strain,Nurse_20,1,3.0
76,strain,Nurse_21,1,9.5
76,strain,Nurse_22,0,4.0
76,strain,Nurse_23,0,13.5
76,strain,Nurse_24,0,10.5
76,strain,Nurse_25,2,10.5
76,strain,Nurse_26,4,14.0
76,strain,Nurse_27,2,19.0
76,strain,Nurse_28,4,17.5
76,strain,Nurse_29,0,6.5
76,strain,Nurse_30,3,12.0
76,strain,Nurse_31,0,7.0
76,strain,Nurse_32,2,18.5
76,strain,Nurse_33,3,18.0
76,strain,Nurse_34,0,3.0
76,strain,Nurse_35,1,15.0
76,strain,Nurse_36,3,12.0
76,strain,Nurse_37,0,3.0
76,strain,Nurse_38,1,13.0
76,strain,Nurse_39,2,16.0
76,strain,Nurse_40,2,18.5
76,strain,Nurse_41,2,12.0
76,strain,Nurse_42,1,10.0
76,strain,Nurse_43,0,8.0
76,strain,Nurse_44,3,15.0
76,strain,Nurse_45,2,11.5
76,strain,Nurse_46,0,3.0
76,strain,Nurse_47,1,11.5
76,strain,Nurse_48,4,15.5
76,strain,Nurse_49,2,17.0
76,strain,Nurse_50,3,12.0
76,strain,Nurse_51,2,9.0
76,strain,Nurse_52,3,13.5
76,strain,Nurse_53,1,11.5
76,strain,Nurse_54,3,17.5
76,strain,Nurse_55,1,15.0
76,strain,Nurse_56,2,16.0
76,strain,Nurse_57,1,6.0
76,strain,Nurse_58,0,8.0
76,strain,Nurse_59,1,12.5
76,strain,Nurse_60,2,19.5
76,strain,Nurse_61,2,13.5
76,strain,Nurse_62,2,20.0
76,strain,Nurse_63,2,7.5
76,strain,Nurse_64,2,16.0
76,strain,Nurse_65,0,9.0
76,strain,Nurse_66,0,6.5
76,strain,Nurse_67,1,11.5
76,strain,Nurse_68,0,5.5
76,strain,Nurse_69,5,20.0
76,strain,Nurse_70,3,18.0
77,baseline,Nurse_01,1,15.0
77,baseline,Nurse_02,3,15.5
77,baseline,Nurse_03,2,11.5
77,baseline,Nurse_04,2,6.0
77,baseline,Nurse_05,0,3.5
77,baseline,Nurse_06,4,20.5
77,baseline,Nurse_07,0,5.5
77,baseline,Nurse_08,5,24.5
77,baseline,Nurse_09,3,21.0
77,baseline,Nurse_10,0,8.0
77,baseline,Nurse_11,2,12.0
77,baseline,Nurse_12,2,15.0
77,baseline,Nurse_13,4,19.0
77,baseline,Nurse_14,3,12.0
77,baseline,Nurse_15,1,9.5
77,baseline,Nurse_16,0,3.0
77,baseline,Nurse_17,0,5.5
77,baseline,Nurse_18,4,17.5
77,baseline,Nurse_19,1,11.0
77,baseline,Nurse_20,7,29.5
77,baseline,Nurse_21,3,18.5
77,baseline,Nurse_22,5,22.0
77,baseline,Nurse_23,5,19.0
77,baseline,Nurse_24,1,8.5
77,baseline,Nurse_25,3,12.0
77,baseline,Nurse_26,0,7.0
77,baseline,Nurse_27,1,4.0
77,baseline,Nurse_28,5,19.0
77,baseline,Nurse_29,2,11.0
77,baseline,Nurse_30,3,17.5
77,baseline,Nurse_31,4,17.5
77,baseline,Nurse_32,3,18.5
77,baseline,Nurse_33,4,23.0
77,baseline,Nurse_34,4,21.5
77,baseline,Nurse_35,1,13.5
77,baseline,Nurse_36,2,9.5
77,baseline,Nurse_37,2,7.5
77,baseline,Nurse_38,5,24.5
77,baseline,Nurse_39,0,7.5
77,baseline,Nurse_40,1,11.5
77,baseline,Nurse_41,6,30.0
77,baseline,Nurse_42,3,15.0
77,baseline,Nurse_43,4,18.0
77,baseline,Nurse_44,3,19.5
77,baseline,Nurse_45,0,4.5
77,baseline,Nurse_46,0,0.0
77,baseline,Nurse_47,3,16.5
77,baseline,Nurse_48,2,9.0
77,baseline,Nurse_49,5,21.5
77,baseline,Nurse_50,3,14.5
77,baseline,Nurse_51,0,9.5
77,baseline,Nurse_52,2,13.0
77,baseline,Nurse_53,3,9.0
77,baseline,Nurse_54,0,1.5
77,baseline,Nurse_55,0,9.0
77,baseline,Nurse_56,3,23.5
77,baseline,Nurse_57,2,17.5
77,baseline,Nurse_58,3,10.5
77,baseline,Nurse_59,4,19.5
77,baseline,Nurse_60,2,15.5
77,baseline,Nurse_61,1,4.5
77,baseline,Nurse_62,3,15.0
77,baseline,Nurse_63,3,15.0
77,baseline,Nurse_64,3,14.5
77,baseline,Nurse_65,4,17.5
77,baseline,Nurse_66,3,17.5
77,baseline,Nurse_67,3,9.0
77,baseline,Nurse_68,1,18.5
77,baseline,Nurse_69,2,14.5
77,baseline,Nurse_70,3,16.0
77,strain,Nurse_01,1,12.5
77,strain,Nurse_02,2,12.5
77,strain,Nurse_03,1,9.5
77,strain,Nurse_04,2,7.5
77,strain,Nurse_05,0,8.5
77,strain,Nurse_06,3,19.0
77,strain,Nurse_07,0,7.0
77,strain,Nurse_08,4,22.0
77,strain,Nurse_09,2,15.5
77,strain,Nurse_10,0,9.5
77,strain,Nurse_11,1,10.5
77,strain,Nurse_12,1,11.5
77,strain,Nurse_13,0,16.0
77,strain,Nurse_14,2,9.0
77,strain,Nurse_15,1,11.5
77,strain,Nurse_16,0,3.0
77,strain,Nurse_17,1,7.0
77,strain,Nurse_18,3,19.5
77,strain,Nurse_19,0,6.5
77,strain,Nurse_20,5,24.0
77,strain,Nurse_21,2,11.5
77,strain,Nurse_22,1,17.0
77,strain,Nurse_23,4,16.0
77,strain,Nurse_24,1,9.5
77,strain,Nurse_25,2,11.5
77,strain,Nurse_26,0,9.5
77,strain,Nurse_27,0,2.5
77,strain,Nurse_28,2,13.5
77,strain,Nurse_29,1,8.0
77,strain,Nurse_30,2,13.5
77,strain,Nurse_31,4,16.0
77,strain,Nurse_32,0,11.5
77,strain,Nurse_33,1,11.5
77,strain,Nurse_34,2,14.0
77,strain,Nurse_35,1,12.0
77,strain,Nurse_36,1,5.0
77,strain,Nurse_37,2,10.5
77,strain,Nurse_38,4,19.0
77,strain,Nurse_39,0,12.5
77,strain,Nurse_40,1,13.0
77,strain,Nurse_41,4,24.5
77,strain,Nurse_42,2,13.5
77,strain,Nurse_43,2,14.0
77,strain,Nurse_44,2,14.0
77,strain,Nurse_45,0,4.5
77,strain,Nurse_46,0,3.0
77,strain,Nurse_47,2,13.5
77,strain,Nurse_48,1,7.5
77,strain,Nurse_49,3,14.5
77,strain,Nurse_50,1,11.5
77,strain,Nurse_51,0,10.5
77,strain,Nurse_52,2,13.0
77,strain,Nurse_53,3,9.0
77,strain,Nurse_54,0,3.0
77,strain,Nurse_55,0,9.0
77,strain,Nurse_56,1,18.0
77,strain,Nurse_57,2,15.0
77,strain,Nurse_58,2,12.0
77,strain,Nurse_59,1,12.0
77,strain,Nurse_60,2,14.0
77,strain,Nurse_61,1,7.5
77,strain,Nurse_62,1,13.0
77,strain,Nurse_63,2,17.0
77,strain,Nurse_64,2,14.5
77,strain,Nurse_65,2,13.0
77,strain,Nurse_66,3,17.5
77,strain,Nurse_67,3,10.5
77,strain,Nurse_68,0,13.0
77,strain,Nurse_69,2,14.5
77,strain,Nurse_70,2,18.0
78,baseline,Nurse_01,5,23.0
78,baseline,Nurse_02,2,17.5
78,baseline,Nurse_03,0,4.0
78,baseline,Nurse_04,2,10.0
78,baseline,Nurse_05,2,12.5
78,baseline,Nurse_06,4,19.5
78,baseline,Nurse_07,6,18.0
78,baseline,Nurse_08,5,22.0
78,baseline,Nurse_09,3,14.0
78,baseline,Nurse_10,3,16.0
78,baseline,Nurse_11,1,4.5
78,baseline,Nurse_12,4,18.0
78,baseline,Nurse_13,2,14.0
78,baseline,Nurse_14,2,10.5
78,baseline,Nurse_15,1,7.0
78,baseline,Nurse_16,4,21.0
78,baseline,Nurse_17,3,15.0
78,baseline,Nurse_18,4,17.0
78,baseline,Nurse_19,4,12.0
78,baseline,Nurse_20,1,8.5
78,baseline,Nurse_21,1,13.0
78,baseline,Nurse_22,1,9.0
78,baseline,Nurse_23,3,15.5
78,baseline,Nurse_24,4,16.5
78,baseline,Nurse_25,3,17.0
78,baseline,Nurse_26,0,7.5
78,baseline,Nurse_27,2,7.5
78,baseline,Nurse_28,5,27.5
78,baseline,Nurse_29,5,26.0
78,baseline,Nurse_30,0,7.0
78,baseline,Nurse_31,0,8.0
78,baseline,Nurse_32,2,12.0
78,baseline,Nurse_33,3,19.0
78,baseline,Nurse_34,3,16.0
78,baseline,Nurse_35,3,19.5
78,baseline,Nurse_36,2,10.0
78,baseline,Nurse_37,2,15.0
78,baseline,Nurse_38,3,16.5
78,baseline,Nurse_39,4,17.0
78,baseline,Nurse_40,5,23.0
78,baseline,Nurse_41,3,12.0
78,baseline,Nurse_42,1,11.0
78,baseline,Nurse_43,4,19.5
78,baseline,Nurse_44,4,19.0
78,baseline,Nurse_45,3,21.5
78,baseline,Nurse_46,1,8.0
78,baseline,Nurse_47,3,18.5
78,baseline,Nurse_48,0,4.0
78,baseline,Nurse_49,4,12.0
78,baseline,Nurse_50,5,20.5
78,baseline,Nurse_51,2,13.5
78,baseline,Nurse_52,1,13.0
78,baseline,Nurse_53,3,12.5
78,baseline,Nurse_54,1,11.5
78,baseline,Nurse_55,5,21.0
78,baseline,Nurse_56,4,12.0
78,baseline,Nurse_57,5,25.0
78,baseline,Nurse_58,0,1.5
78,baseline,Nurse_59,1,10.5
78,baseline,Nurse_60,3,15.0
78,baseline,Nurse_61,4,22.5
78,baseline,Nurse_62,1,8.0
78,baseline,Nurse_63,2,13.0
78,baseline,Nurse_64,0,4.5
78,baseline,Nurse_65,0,8.0
78,baseline,Nurse_66,2,12.5
78,baseline,Nurse_67,3,15.5
78,baseline,Nurse_68,4,18.5
78,baseline,Nurse_69,2,16.0
78,baseline,Nurse_70,3,13.0
78,strain,Nurse_01,4,19.5
78,strain,Nurse_02,2,18.0
78,strain,Nurse_03,0,6.5
78,strain,Nurse_04,2,10.0
78,strain,Nurse_05,1,10.5
78,strain,Nurse_06,2,16.5
78,strain,Nurse_07,5,18.0
78,strain,Nurse_08,3,20.0
78,strain,Nurse_09,3,14.5
78,strain,Nurse_10,2,16.0
78,strain,Nurse_11,1,6.0
78,strain,Nurse_12,1,15.0
78,strain,Nurse_13,1,12.5
78,strain,Nurse_14,2,10.5
78,strain,Nurse_15,0,9.0
78,strain,Nurse_16,2,18.0
78,strain,Nurse_17,1,12.0
78,strain,Nurse_18,3,12.5
78,strain,Nurse_19,3,12.0
78,strain,Nurse_20,0,8.5
78,strain,Nurse_21,1,11.5
78,strain,Nurse_22,1,12.0
78,strain,Nurse_23,2,14.5
78,strain,Nurse_24,4,12.0
78,strain,Nurse_25,2,17.0
78,strain,Nurse_26,0,11.0
78,strain,Nurse_27,1,4.5
78,strain,Nurse_28,2,16.0
78,strain,Nurse_29,3,19.5
78,strain,Nurse_30,0,9.5
78,strain,Nurse_31,0,10.0
78,strain,Nurse_32,1,9.5
78,strain,Nurse_33,2,14.5
78,strain,Nurse_34,2,16.0
78,strain,Nurse_35,2,16.5
78,strain,Nurse_36,1,8.5
78,strain,Nurse_37,0,9.0
78,strain,Nurse_38,3,15.0
78,strain,Nurse_39,2,12.0
78,strain,Nurse_40,5,21.5
78,strain,Nurse_41,2,6.0
78,strain,Nurse_42,0,6.5
78,strain,Nurse_43,1,13.5
78,strain,Nurse_44,0,13.5
78,strain,Nurse_45,3,18.0
78,strain,Nurse_46,0,7.5
78,strain,Nurse_47,2,19.0
78,strain,Nurse_48,0,4.0
78,strain,Nurse_49,4,12.0
78,strain,Nurse_50,3,17.5
78,strain,Nurse_51,0,12.5
78,strain,Nurse_52,0,7.0
78,strain,Nurse_53,3,12.5
78,strain,Nurse_54,1,10.0
78,strain,Nurse_55,2,13.5
78,strain,Nurse_56,4,13.5
78,strain,Nurse_57,2,16.0
78,strain,Nurse_58,0,3.0
78,strain,Nurse_59,0,8.5
78,strain,Nurse_60,3,16.5
78,strain,Nurse_61,1,16.5
78,strain,Nurse_62,1,10.5
78,strain,Nurse_63,2,13.0
78,strain,Nurse_64,0,4.0
78,strain,Nurse_65,0,7.0
78,strain,Nurse_66,1,11.0
78,strain,Nurse_67,2,14.0
78,strain,Nurse_68,3,17.0
78,strain,Nurse_69,1,9.5
78,strain,Nurse_70,1,10.5
79,baseline,Nurse_01,3,18.5
79,baseline,Nurse_02,0,7.0
79,baseline,Nurse_03,3,16.0
79,baseline,Nurse_04,2,12.0
79,baseline,Nurse_05,4,18.5
79,baseline,Nurse_06,1,9.0
79,baseline,Nurse_07,4,12.0
79,baseline,Nurse_08,5,20.5
79,baseline,Nurse_09,3,13.0
79,baseline,Nurse_10,3,15.0
79,baseline,Nurse_11,5,18.5
79,baseline,Nurse_12,0,8.0
79,baseline,Nurse_13,4,18.5
79,baseline,Nurse_14,3,17.0
79,baseline,Nurse_15,0,8.0
79,baseline,Nurse_16,3,15.5
79,baseline,Nurse_17,0,6.5
79,baseline,Nurse_18,1,11.5
79,baseline,Nurse_19,4,21.0
79,baseline,Nurse_20,3,18.5
79,baseline,Nurse_21,0,6.5
79,baseline,Nurse_22,3,16.0
79,baseline,Nurse_23,4,21.0
79,baseline,Nurse_24,0,4.0
79,baseline,Nurse_25,4,13.0
79,baseline,Nurse_26,5,21.0
79,baseline,Nurse_27,0,6.0
79,baseline,Nurse_28,1,9.0
79,baseline,Nurse_29,4,14.0
79,baseline,Nurse_30,3,10.5
79,baseline,Nurse_31,0,6.5
79,baseline,Nurse_32,0,2.0
79,baseline,Nurse_33,3,9.0
79,baseline,Nurse_34,2,15.0
79,baseline,Nurse_35,1,10.0
79,baseline,Nurse_36,2,13.5
79,baseline,Nurse_37,3,17.0
79,baseline,Nurse_38,4,18.0
79,baseline,Nurse_39,1,9.0
79,baseline,Nurse_40,2,7.5
79,baseline,Nurse_41,0,7.5
79,baseline,Nurse_42,1,12.0
79,baseline,Nurse_43,1,4.5
79,baseline,Nurse_44,0,12.0
79,baseline,Nurse_45,5,15.0
79,baseline,Nurse_46,3,15.0
79,baseline,Nurse_47,4,18.5
79,baseline,Nurse_48,2,16.0
79,baseline,Nurse_49,5,20.5
79,baseline,Nurse_50,4,18.5
79,baseline,Nurse_51,2,19.0
79,baseline,Nurse_52,2,11.5
79,baseline,Nurse_53,4,19.5
79,baseline,Nurse_54,2,17.0
79,baseline,Nurse_55,4,15.0
79,baseline,Nurse_56,4,23.0
79,baseline,Nurse_57,0,13.0
79,baseline,Nurse_58,2,10.5
79,baseline,Nurse_59,4,24.5
79,baseline,Nurse_60,1,11.5
79,baseline,Nurse_61,2,17.5
79,baseline,Nurse_62,2,16.5
79,baseline,Nurse_63,2,16.0
79,baseline,Nurse_64,4,17.5
79,baseline,Nurse_65,4,21.5
79,baseline,Nurse_66,2,18.0
79,baseline,Nurse_67,4,23.0
79,baseline,Nurse_68,5,20.0
79,baseline,Nurse_69,2,6.0
79,baseline,Nurse_70,3,12.5
79,strain,Nurse_01,1,15.5
79,strain,Nurse_02,0,8.5
79,strain,Nurse_03,3,16.0
79,strain,Nurse_04,0,9.0
79,strain,Nurse_05,4,16.0
79,strain,Nurse_06,1,9.0
79,strain,Nurse_07,3,10.5
79,strain,Nurse_08,0,11.0
79,strain,Nurse_09,2,11.5
79,strain,Nurse_10,3,18.0
79,strain,Nurse_11,0,12.5
79,strain,Nurse_12,0,5.5
79,strain,Nurse_13,1,12.0
79,strain,Nurse_14,1,11.0
79,strain,Nurse_15,0,8.0
79,strain,Nurse_16,1,10.0
79,strain,Nurse_17,0,6.5
79,strain,Nurse_18,1,11.5
79,strain,Nurse_19,3,16.0
79,strain,Nurse_20,2,15.5
79,strain,Nurse_21,0,8.0
79,strain,Nurse_22,3,16.0
79,strain,Nurse_23,2,15.5
79,strain,Nurse_24,0,10.0
79,strain,Nurse_25,3,11.5
79,strain,Nurse_26,3,18.0
79,strain,Nurse_27,0,5.5
79,strain,Nurse_28,1,11.5
79,strain,Nurse_29,3,14.0
79,strain,Nurse_30,3,12.0
79,strain,Nurse_31,0,7.0
79,strain,Nurse_32,0,4.5
79,strain,Nurse_33,3,12.0
79,strain,Nurse_34,0,10.0
79,strain,Nurse_35,0,12.85
79,strain,Nurse_36,2,13.0
79,strain,Nurse_37,3,15.5
79,strain,Nurse_38,2,19.0
79,strain,Nurse_39,1,10.5
79,strain,Nurse_40,2,9.0
79,strain,Nurse_41,0,11.0
79,strain,Nurse_42,0,6.5
79,strain,Nurse_43,1,4.5
79,strain,Nurse_44,0,13.5
79,strain,Nurse_45,4,15.0
79,strain,Nurse_46,3,15.0
79,strain,Nurse_47,4,16.0
79,strain,Nurse_48,1,12.5
79,strain,Nurse_49,1,12.5
79,strain,Nurse_50,2,16.0
79,strain,Nurse_51,1,17.0
79,strain,Nurse_52,0,11.0
79,strain,Nurse_53,3,19.5
79,strain,Nurse_54,0,11.5
79,strain,Nurse_55,2,12.0
79,strain,Nurse_56,2,16.0
79,strain,Nurse_57,0,11.5
79,strain,Nurse_58,1,9.0
79,strain,Nurse_59,3,17.5
79,strain,Nurse_60,1,11.5
79,strain,Nurse_61,1,16.0
79,strain,Nurse_62,1,13.0
79,strain,Nurse_63,1,14.5
79,strain,Nurse_64,1,8.5
79,strain,Nurse_65,3,18.0
79,strain,Nurse_66,1,11.0
79,strain,Nurse_67,3,22.5
79,strain,Nurse_68,3,14.0
79,strain,Nurse_69,2,6.0
79,strain,Nurse_70,2,13.5
80,baseline,Nurse_01,0,0.0
80,baseline,Nurse_02,4,21.0
80,baseline,Nurse_03,3,11.0
80,baseline,Nurse_04,3,12.5
80,baseline,Nurse_05,6,23.5
80,baseline,Nurse_06,1,5.0
80,baseline,Nurse_07,3,17.5
80,baseline,Nurse_08,4,16.0
80,baseline,Nurse_09,0,10.5
80,baseline,Nurse_10,4,15.5
80,baseline,Nurse_11,2,16.5
80,baseline,Nurse_12,1,10.0
80,baseline,Nurse_13,2,13.0
80,baseline,Nurse_14,4,14.0
80,baseline,Nurse_15,0,3.5
80,baseline,Nurse_16,4,13.5
80,baseline,Nurse_17,3,9.0
80,baseline,Nurse_18,3,15.0
80,baseline,Nurse_19,3,23.0
80,baseline,Nurse_20,3,16.5
80,baseline,Nurse_21,4,14.0
80,baseline,Nurse_22,3,14.0
80,baseline,Nurse_23,5,21.0
80,baseline,Nurse_24,3,18.0
80,baseline,Nurse_25,5,24.5
80,baseline,Nurse_26,5,15.0
80,baseline,Nurse_27,2,17.0
80,baseline,Nurse_28,4,18.0
80,baseline,Nurse_29,3,19.5
80,baseline,Nurse_30,3,16.5
80,baseline,Nurse_31,2,11.0
80,baseline,Nurse_32,3,13.5
80,baseline,Nurse_33,1,9.0
80,baseline,Nurse_34,2,16.0
80,baseline,Nurse_35,4,19.5
80,baseline,Nurse_36,4,17.0
80,baseline,Nurse_37,2,6.0
80,baseline,Nurse_38,2,9.0
80,baseline,Nurse_39,3,19.0
80,baseline,Nurse_40,3,20.0
80,baseline,Nurse_41,1,7.5
80,baseline,Nurse_42,1,9.5
80,baseline,Nurse_43,0,9.0
80,baseline,Nurse_44,3,17.5
80,baseline,Nurse_45,3,15.5
80,baseline,Nurse_46,1,4.5
80,baseline,Nurse_47,0,9.0
80,baseline,Nurse_48,3,12.0
80,baseline,Nurse_49,3,12.5
80,baseline,Nurse_50,0,2.0
80,baseline,Nurse_51,0,4.0
80,baseline,Nurse_52,4,18.0
80,baseline,Nurse_53,2,12.0
80,baseline,Nurse_54,2,9.0
80,baseline,Nurse_55,2,13.5
80,baseline,Nurse_56,6,25.0
80,baseline,Nurse_57,6,23.0
80,baseline,Nurse_58,3,21.0
80,baseline,Nurse_59,1,11.0
80,baseline,Nurse_60,1,14.5
80,baseline,Nurse_61,3,17.5
80,baseline,Nurse_62,0,9.0
80,baseline,Nurse_63,1,10.5
80,baseline,Nurse_64,5,22.0
80,baseline,Nurse_65,4,23.0
80,baseline,Nurse_66,6,27.5
80,baseline,Nurse_67,0,9.0
80,baseline,Nurse_68,0,5.0
80,baseline,Nurse_69,4,21.0
80,baseline,Nurse_70,0,11.5
80,strain,Nurse_01,0,0.0
80,strain,Nurse_02,2,14.5
80,strain,Nurse_03,3,12.5
80,strain,Nurse_04,3,11.0
80,strain,Nurse_05,4,15.5
80,strain,Nurse_06,1,5.0
80,strain,Nurse_07,2,13.5
80,strain,Nurse_08,3,14.5
80,strain,Nurse_09,0,14.0
80,strain,Nurse_10,2,11.5
80,strain,Nurse_11,1,15.0
80,strain,Nurse_12,1,10.0
80,strain,Nurse_13,1,13.0
80,strain,Nurse_14,3,12.5
80,strain,Nurse_15,0,7.0
80,strain,Nurse_16,3,10.5
80,strain,Nurse_17,2,9.0
80,strain,Nurse_18,3,18.0
80,strain,Nurse_19,3,19.0
80,strain,Nurse_20,2,15.0
80,strain,Nurse_21,3,15.0
80,strain,Nurse_22,2,11.5
80,strain,Nurse_23,3,17.0
80,strain,Nurse_24,1,16.5
80,strain,Nurse_25,1,17.0
80,strain,Nurse_26,4,15.0
80,strain,Nurse_27,1,11.0
80,strain,Nurse_28,2,13.5
80,strain,Nurse_29,2,18.0
80,strain,Nurse_30,3,16.5
80,strain,Nurse_31,2,15.0
80,strain,Nurse_32,3,13.5
80,strain,Nurse_33,1,6.0
80,strain,Nurse_34,1,11.5
80,strain,Nurse_35,4,18.0
80,strain,Nurse_36,3,14.0
80,strain,Nurse_37,2,9.0
80,strain,Nurse_38,1,4.5
80,strain,Nurse_39,2,11.5
80,strain,Nurse_40,1,14.0
80,strain,Nurse_41,1,6.0
80,strain,Nurse_42,1,9.0
80,strain,Nurse_43,0,11.0
80,strain,Nurse_44,3,17.5
80,strain,Nurse_45,1,9.5
80,strain,Nurse_46,0,4.5
80,strain,Nurse_47,0,11.0
80,strain,Nurse_48,2,10.5
80,strain,Nurse_49,3,12.5
80,strain,Nurse_50,0,3.5
80,strain,Nurse_51,0,4.0
80,strain,Nurse_52,2,14.0
80,strain,Nurse_53,2,13.5
80,strain,Nurse_54,2,7.5
80,strain,Nurse_55,2,15.5
80,strain,Nurse_56,3,16.0
80,strain,Nurse_57,1,15.0
80,strain,Nurse_58,1,18.5
80,strain,Nurse_59,0,7.5
80,strain,Nurse_60,0,13.5
80,strain,Nurse_61,3,17.5
80,strain,Nurse_62,0,9.5
80,strain,Nurse_63,1,11.5
80,strain,Nurse_64,3,17.5
80,strain,Nurse_65,2,16.5
80,strain,Nurse_66,2,16.0
80,strain,Nurse_67,0,11.5
80,strain,Nurse_68,0,8.0
80,strain,Nurse_69,3,17.0
80,strain,Nurse_70,0,13.0
81,baseline,Nurse_01,5,22.0
81,baseline,Nurse_02,3,9.0
81,baseline,Nurse_03,0,7.5
81,baseline,Nurse_04,4,12.0
81,baseline,Nurse_05,2,12.0
81,baseline,Nurse_06,1,8.0
81,baseline,Nurse_07,4,12.0
81,baseline,Nurse_08,3,13.0
81,baseline,Nurse_09,5,21.5
81,baseline,Nurse_10,5,21.0
81,baseline,Nurse_11,2,7.5
81,baseline,Nurse_12,0,6.0
81,baseline,Nurse_13,3,21.5
81,baseline,Nurse_14,0,6.0
81,baseline,Nurse_15,4,16.0
81,baseline,Nurse_16,2,17.0
81,baseline,Nurse_17,2,17.0
81,baseline,Nurse_18,3,13.5
81,baseline,Nurse_19,1,14.5
81,baseline,Nurse_20,4,19.0
81,baseline,Nurse_21,0,8.5
81,baseline,Nurse_22,4,20.0
81,baseline,Nurse_23,1,4.0
81,baseline,Nurse_24,0,7.5
81,baseline,Nurse_25,0,3.0
81,baseline,Nurse_26,6,25.0
81,baseline,Nurse_27,1,15.0
81,baseline,Nurse_28,4,14.0
81,baseline,Nurse_29,1,9.0
81,baseline,Nurse_30,3,16.0
81,baseline,Nurse_31,3,14.5
81,baseline,Nurse_32,3,14.0
81,baseline,Nurse_33,2,9.0
81,baseline,Nurse_34,5,22.0
81,baseline,Nurse_35,4,14.5
81,baseline,Nurse_36,5,23.0
81,baseline,Nurse_37,1,15.0
81,baseline,Nurse_38,3,16.0
81,baseline,Nurse_39,2,12.5
81,baseline,Nurse_40,5,19.0
81,baseline,Nurse_41,5,21.5
81,baseline,Nurse_42,1,4.5
81,baseline,Nurse_43,1,13.0
81,baseline,Nurse_44,1,10.5
81,baseline,Nurse_45,0,10.5
81,baseline,Nurse_46,1,12.0
81,baseline,Nurse_47,1,8.5
81,baseline,Nurse_48,4,12.0
81,baseline,Nurse_49,1,7.0
81,baseline,Nurse_50,5,24.5
81,baseline,Nurse_51,4,18.0
81,baseline,Nurse_52,0,4.0
81,baseline,Nurse_53,3,14.0
81,baseline,Nurse_54,1,13.5
81,baseline,Nurse_55,0,6.0
81,baseline,Nurse_56,4,20.5
81,baseline,Nurse_57,2,15.0
81,baseline,Nurse_58,1,6.0
81,baseline,Nurse_59,3,15.5
81,baseline,Nurse_60,3,19.0
81,baseline,Nurse_61,3,18.5
81,baseline,Nurse_62,3,10.0
81,baseline,Nurse_63,0,7.5
81,baseline,Nurse_64,2,14.5
81,baseline,Nurse_65,2,16.5
81,baseline,Nurse_66,4,22.0
81,baseline,Nurse_67,2,14.5
81,baseline,Nurse_68,6,22.0
81,baseline,Nurse_69,4,21.5
81,baseline,Nurse_70,3,13.0
81,strain,Nurse_01,3,15.0
81,strain,Nurse_02,1,7.5
81,strain,Nurse_03,0,7.0
81,strain,Nurse_04,3,10.5
81,strain,Nurse_05,1,10.5
81,strain,Nurse_06,1,8.0
81,strain,Nurse_07,4,12.0
81,strain,Nurse_08,3,15.5
81,strain,Nurse_09,2,15.5
81,strain,Nurse_10,2,16.5
81,strain,Nurse_11,2,7.5
81,strain,Nurse_12,0,7.0
81,strain,Nurse_13,1,17.0
81,strain,Nurse_14,0,10.5
81,strain,Nurse_15,3,14.5
81,strain,Nurse_16,1,11.5
81,strain,Nurse_17,1,16.5
81,strain,Nurse_18,3,9.0
81,strain,Nurse_19,1,13.5
81,strain,Nurse_20,2,15.5
81,strain,Nurse_21,0,8.5
81,strain,Nurse_22,2,14.0
81,strain,Nurse_23,1,7.0
81,strain,Nurse_24,0,10.0
81,strain,Nurse_25,0,4.5
81,strain,Nurse_26,3,17.0
81,strain,Nurse_27,0,12.5
81,strain,Nurse_28,3,13.5
81,strain,Nurse_29,1,10.5
81,strain,Nurse_30,1,12.0
81,strain,Nurse_31,2,14.0
81,strain,Nurse_32,2,12.5
81,strain,Nurse_33,1,9.0
81,strain,Nurse_34,2,17.0
81,strain,Nurse_35,1,8.0
81,strain,Nurse_36,3,18.5
81,strain,Nurse_37,1,13.5
81,strain,Nurse_38,3,17.0
81,strain,Nurse_39,1,9.5
81,strain,Nurse_40,4,17.5
81,strain,Nurse_41,3,15.5
81,strain,Nurse_42,1,7.5
81,strain,Nurse_43,1,13.5
81,strain,Nurse_44,0,9.5
81,strain,Nurse_45,0,9.0
81,strain,Nurse_46,1,11.5
81,strain,Nurse_47,1,15.0
81,strain,Nurse_48,3,9.0
81,strain,Nurse_49,1,7.0
81,strain,Nurse_50,3,17.5
81,strain,Nurse_51,3,16.5
81,strain,Nurse_52,0,4.0
81,strain,Nurse_53,3,15.5
81,strain,Nurse_54,1,11.0
81,strain,Nurse_55,0,6.0
81,strain,Nurse_56,3,18.5
81,strain,Nurse_57,1,12.5
81,strain,Nurse_58,0,3.0
81,strain,Nurse_59,2,14.0
81,strain,Nurse_60,2,15.5
81,strain,Nurse_61,2,14.5
81,strain,Nurse_62,2,10.0
81,strain,Nurse_63,0,8.5
81,strain,Nurse_64,2,11.5
81,strain,Nurse_65,2,16.5
81,strain,Nurse_66,2,18.0
81,strain,Nurse_67,2,13.0
81,strain,Nurse_68,2,16.5
81,strain,Nurse_69,3,16.5
81,strain,Nurse_70,2,11.5
82,baseline,Nurse_01,2,13.0
82,baseline,Nurse_02,2,10.0
82,baseline,Nurse_03,4,20.5
82,baseline,Nurse_04,2,11.0
82,baseline,Nurse_05,5,24.0
82,baseline,Nurse_06,0,8.5
82,baseline,Nurse_07,2,11.0
82,baseline,Nurse_08,3,12.0
82,baseline,Nurse_09,3,20.0
82,baseline,Nurse_10,5,17.5
82,baseline,Nurse_11,2,13.5
82,baseline,Nurse_12,1,13.0
82,baseline,Nurse_13,1,11.5
82,baseline,Nurse_14,4,21.5
82,baseline,Nurse_15,1,12.5
82,baseline,Nurse_16,2,12.5
82,baseline,Nurse_17,1,11.5
82,baseline,Nurse_18,5,22.0
82,baseline,Nurse_19,2,10.0
82,baseline,Nurse_20,1,10.5
82,baseline,Nurse_21,1,13.0
82,baseline,Nurse_22,3,13.5
82,baseline,Nurse_23,3,15.5
82,baseline,Nurse_24,1,8.0
82,baseline,Nurse_25,1,3.0
82,baseline,Nurse_26,3,16.5
82,baseline,Nurse_27,1,10.0
82,baseline,Nurse_28,0,9.0
82,baseline,Nurse_29,1,11.0
82,baseline,Nurse_30,1,8.5
82,baseline,Nurse_31,4,23.0
82,baseline,Nurse_32,3,16.0
82,baseline,Nurse_33,2,13.5
82,baseline,Nurse_34,3,13.0
82,baseline,Nurse_35,5,21.5
82,baseline,Nurse_36,2,13.5
82,baseline,Nurse_37,5,15.0
82,baseline,Nurse_38,0,6.0
82,baseline,Nurse_39,2,13.0
82,baseline,Nurse_40,5,19.0
82,baseline,Nurse_41,1,8.0
82,baseline,Nurse_42,1,3.0
82,baseline,Nurse_43,0,2.0
82,baseline,Nurse_44,1,9.0
82,baseline,Nurse_45,4,22.5
82,baseline,Nurse_46,3,11.0
82,baseline,Nurse_47,4,19.0
82,baseline,Nurse_48,0,3.0
82,baseline,Nurse_49,4,18.0
82,baseline,Nurse_50,2,12.0
82,baseline,Nurse_51,0,1.5
82,baseline,Nurse_52,4,19.5
82,baseline,Nurse_53,5,27.5
82,baseline,Nurse_54,2,11.0
82,baseline,Nurse_55,4,12.0
82,baseline,Nurse_56,2,7.5
82,baseline,Nurse_57,2,12.0
82,baseline,Nurse_58,2,11.0
82,baseline,Nurse_59,3,12.0
82,baseline,Nurse_60,2,14.0
82,baseline,Nurse_61,3,22.5
82,baseline,Nurse_62,4,19.0
82,baseline,Nurse_63,0,4.5
82,baseline,Nurse_64,3,20.0
82,baseline,Nurse_65,2,15.0
82,baseline,Nurse_66,2,7.5
82,baseline,Nurse_67,3,17.5
82,baseline,Nurse_68,6,29.5
82,baseline,Nurse_69,4,19.5
82,baseline,Nurse_70,4,21.0
82,strain,Nurse_01,1,12.5
82,strain,Nurse_02,2,11.5
82,strain,Nurse_03,3,17.5
82,strain,Nurse_04,2,12.0
82,strain,Nurse_05,2,13.5
82,strain,Nurse_06,0,10.5
82,strain,Nurse_07,2,9.5
82,strain,Nurse_08,3,9.0
82,strain,Nurse_09,3,16.0
82,strain,Nurse_10,4,18.0
82,strain,Nurse_11,1,13.5
82,strain,Nurse_12,1,11.5
82,strain,Nurse_13,1,14.5
82,strain,Nurse_14,2,15.5
82,strain,Nurse_15,0,7.0
82,strain,Nurse_16,1,13.0
82,strain,Nurse_17,1,10.0
82,strain,Nurse_18,2,16.0
82,strain,Nurse_19,2,12.5
82,strain,Nurse_20,1,10.5
82,strain,Nurse_21,1,16.5
82,strain,Nurse_22,3,13.5
82,strain,Nurse_23,2,12.0
82,strain,Nurse_24,1,8.0
82,strain,Nurse_25,1,9.0
82,strain,Nurse_26,0,10.0
82,strain,Nurse_27,1,11.5
82,strain,Nurse_28,0,8.5
82,strain,Nurse_29,0,9.0
82,strain,Nurse_30,0,5.0
82,strain,Nurse_31,2,16.0
82,strain,Nurse_32,3,16.0
82,strain,Nurse_33,1,9.5
82,strain,Nurse_34,3,14.5
82,strain,Nurse_35,3,18.0
82,strain,Nurse_36,1,8.0
82,strain,Nurse_37,3,12.0
82,strain,Nurse_38,0,8.5
82,strain,Nurse_39,1,11.5
82,strain,Nurse_40,2,15.5
82,strain,Nurse_41,1,10.5
82,strain,Nurse_42,1,6.0
82,strain,Nurse_43,0,2.0
82,strain,Nurse_44,1,15.0
82,strain,Nurse_45,3,18.0
82,strain,Nurse_46,2,9.5
82,strain,Nurse_47,1,15.5
82,strain,Nurse_48,0,7.5
82,strain,Nurse_49,2,11.5
82,strain,Nurse_50,2,12.0
82,strain,Nurse_51,0,3.0
82,strain,Nurse_52,4,17.0
82,strain,Nurse_53,3,22.0
82,strain,Nurse_54,2,8.5
82,strain,Nurse_55,4,12.0
82,strain,Nurse_56,2,7.5
82,strain,Nurse_57,0,9.5
82,strain,Nurse_58,2,12.5
82,strain,Nurse_59,2,10.5
82,strain,Nurse_60,1,14.5
82,strain,Nurse_61,0,12.0
82,strain,Nurse_62,3,17.0
82,strain,Nurse_63,0,6.0
82,strain,Nurse_64,0,11.0
82,strain,Nurse_65,2,15.0
82,strain,Nurse_66,3,12.0
82,strain,Nurse_67,2,16.0
82,strain,Nurse_68,3,16.5
82,strain,Nurse_69,4,17.0
82,strain,Nurse_70,1,14.5
83,baseline,Nurse_01,3,12.0
83,baseline,Nurse_02,4,16.0
83,baseline,Nurse_03,2,12.5
83,baseline,Nurse_04,1,7.0
83,baseline,Nurse_05,2,14.5
83,baseline,Nurse_06,1,14.5
83,baseline,Nurse_07,0,3.0
83,baseline,Nurse_08,2,17.5
83,baseline,Nurse_09,6,27.0
83,baseline,Nurse_10,3,15.5
83,baseline,Nurse_11,4,17.0
83,baseline,Nurse_12,4,19.5
83,baseline,Nurse_13,1,8.0
83,baseline,Nurse_14,0,5.0
83,baseline,Nurse_15,4,17.0
83,baseline,Nurse_16,2,7.5
83,baseline,Nurse_17,1,3.0
83,baseline,Nurse_18,0,8.0
83,baseline,Nurse_19,2,11.5
83,baseline,Nurse_20,0,8.5
83,baseline,Nurse_21,3,18.0
83,baseline,Nurse_22,3,22.5
83,baseline,Nurse_23,3,16.5
83,baseline,Nurse_24,4,15.0
83,baseline,Nurse_25,4,20.0
83,baseline,Nurse_26,2,10.0
83,baseline,Nurse_27,1,8.5
83,baseline,Nurse_28,2,20.0
83,baseline,Nurse_29,5,20.0
83,baseline,Nurse_30,4,20.0
83,baseline,Nurse_31,2,11.0
83,baseline,Nurse_32,4,19.5
83,baseline,Nurse_33,0,4.0
83,baseline,Nurse_34,3,14.0
83,baseline,Nurse_35,2,11.5
83,baseline,Nurse_36,5,22.0
83,baseline,Nurse_37,4,22.0
83,baseline,Nurse_38,1,14.0
83,baseline,Nurse_39,3,9.0
83,baseline,Nurse_40,4,16.5
83,baseline,Nurse_41,1,9.0
83,baseline,Nurse_42,2,16.0
83,baseline,Nurse_43,6,27.5
83,baseline,Nurse_44,3,17.5
83,baseline,Nurse_45,1,4.5
83,baseline,Nurse_46,0,6.5
83,baseline,Nurse_47,4,12.0
83,baseline,Nurse_48,2,14.0
83,baseline,Nurse_49,1,6.0
83,baseline,Nurse_50,3,14.0
83,baseline,Nurse_51,7,29.0
83,baseline,Nurse_52,5,16.5
83,baseline,Nurse_53,0,7.5
83,baseline,Nurse_54,2,12.0
83,baseline,Nurse_55,3,12.0
83,baseline,Nurse_56,4,21.5
83,baseline,Nurse_57,1,13.0
83,baseline,Nurse_58,2,15.5
83,baseline,Nurse_59,2,9.0
83,baseline,Nurse_60,2,14.5
83,baseline,Nurse_61,4,20.5
83,baseline,Nurse_62,0,5.0
83,baseline,Nurse_63,4,18.5
83,baseline,Nurse_64,4,21.5
83,baseline,Nurse_65,3,18.5
83,baseline,Nurse_66,4,18.0
83,baseline,Nurse_67,0,4.5
83,baseline,Nurse_68,0,5.0
83,baseline,Nurse_69,2,11.5
83,baseline,Nurse_70,3,19.5
83,strain,Nurse_01,3,9.0
83,strain,Nurse_02,2,13.0
83,strain,Nurse_03,1,11.0
83,strain,Nurse_04,1,7.0
83,strain,Nurse_05,2,15.0
83,strain,Nurse_06,1,10.0
83,strain,Nurse_07,0,4.5
83,strain,Nurse_08,1,11.5
83,strain,Nurse_09,2,19.5
83,strain,Nurse_10,2,13.0
83,strain,Nurse_11,4,17.0
83,strain,Nurse_12,1,13.5
83,strain,Nurse_13,0,6.5
83,strain,Nurse_14,0,5.0
83,strain,Nurse_15,3,15.5
83,strain,Nurse_16,2,7.5
83,strain,Nurse_17,1,6.0
83,strain,Nurse_18,0,10.5
83,strain,Nurse_19,1,11.5
83,strain,Nurse_20,0,10.0
83,strain,Nurse_21,2,15.0
83,strain,Nurse_22,1,17.5
83,strain,Nurse_23,1,10.5
83,strain,Nurse_24,2,11.0
83,strain,Nurse_25,3,18.5
83,strain,Nurse_26,2,10.0
83,strain,Nurse_27,1,10.0
83,strain,Nurse_28,1,15.5
83,strain,Nurse_29,1,13.0
83,strain,Nurse_30,0,12.5
83,strain,Nurse_31,2,11.0
83,strain,Nurse_32,2,20.0
83,strain,Nurse_33,0,6.5
83,strain,Nurse_34,2,8.0
83,strain,Nurse_35,2,10.0
83,strain,Nurse_36,2,18.0
83,strain,Nurse_37,2,15.0
83,strain,Nurse_38,0,14.5
83,strain,Nurse_39,3,10.5
83,strain,Nurse_40,2,7.5
83,strain,Nurse_41,0,9.0
83,strain,Nurse_42,1,14.5
83,strain,Nurse_43,2,18.0
83,strain,Nurse_44,2,12.5
83,strain,Nurse_45,1,4.5
83,strain,Nurse_46,0,6.5
83,strain,Nurse_47,4,12.0
83,strain,Nurse_48,2,12.5
83,strain,Nurse_49,1,9.0
83,strain,Nurse_50,3,14.0
83,strain,Nurse_51,2,19.0
83,strain,Nurse_52,3,16.5
83,strain,Nurse_53,0,9.0
83,strain,Nurse_54,1,9.5
83,strain,Nurse_55,2,12.0
83,strain,Nurse_56,3,17.0
83,strain,Nurse_57,0,13.0
83,strain,Nurse_58,1,14.5
83,strain,Nurse_59,2,11.5
83,strain,Nurse_60,1,12.5
83,strain,Nurse_61,3,16.0
83,strain,Nurse_62,0,8.0
83,strain,Nurse_63,1,12.5
83,strain,Nurse_64,4,19.0
83,strain,Nurse_65,2,15.0
83,strain,Nurse_66,3,16.5
83,strain,Nurse_67,0,8.0
83,strain,Nurse_68,0,6.5
83,strain,Nurse_69,1,10.0
83,strain,Nurse_70,1,12.5
84,baseline,Nurse_01,3,17.5
84,baseline,Nurse_02,0,7.5
84,baseline,Nurse_03,3,18.0
84,baseline,Nurse_04,0,5.5
84,baseline,Nurse_05,2,18.5
84,baseline,Nurse_06,1,11.5
84,baseline,Nurse_07,5,22.0
84,baseline,Nurse_08,3,15.5
84,baseline,Nurse_09,6,26.0
84,baseline,Nurse_10,1,11.5
84,baseline,Nurse_11,5,23.0
84,baseline,Nurse_12,4,19.5
84,baseline,Nurse_13,4,20.5
84,baseline,Nurse_14,2,14.0
84,baseline,Nurse_15,3,14.0
84,baseline,Nurse_16,1,9.5
84,baseline,Nurse_17,1,14.0
84,baseline,Nurse_18,5,20.0
84,baseline,Nurse_19,6,24.0
84,baseline,Nurse_20,0,4.5
84,baseline,Nurse_21,2,17.0
84,baseline,Nurse_22,2,10.5
84,baseline,Nurse_23,5,23.0
84,baseline,Nurse_24,3,14.0
84,baseline,Nurse_25,2,10.0
84,baseline,Nurse_26,4,12.0
84,baseline,Nurse_27,4,24.5
84,baseline,Nurse_28,3,16.0
84,baseline,Nurse_29,2,11.5
84,baseline,Nurse_30,5,20.0
84,baseline,Nurse_31,1,11.0
84,baseline,Nurse_32,2,6.0
84,baseline,Nurse_33,1,11.5
84,baseline,Nurse_34,2,13.0
84,baseline,Nurse_35,1,10.5
84,baseline,Nurse_36,2,13.5
84,baseline,Nurse_37,4,17.5
84,baseline,Nurse_38,4,20.0
84,baseline,Nurse_39,1,12.0
84,baseline,Nurse_40,0,4.0
84,baseline,Nurse_41,4,19.5
84,baseline,Nurse_42,1,4.5
84,baseline,Nurse_43,6,22.5
84,baseline,Nurse_44,0,5.0
84,baseline,Nurse_45,2,14.5
84,baseline,Nurse_46,0,0.0
84,baseline,Nurse_47,2,12.5
84,baseline,Nurse_48,3,11.0
84,baseline,Nurse_49,3,15.5
84,baseline,Nurse_50,0,9.5
84,baseline,Nurse_51,5,26.5
84,baseline,Nurse_52,3,12.0
84,baseline,Nurse_53,5,23.5
84,baseline,Nurse_54,6,24.0
84,baseline,Nurse_55,4,18.5
84,baseline,Nurse_56,4,20.5
84,baseline,Nurse_57,0,5.0
84,baseline,Nurse_58,3,10.5
84,baseline,Nurse_59,3,19.0
84,baseline,Nurse_60,3,17.0
84,baseline,Nurse_61,2,7.5
84,baseline,Nurse_62,2,13.5
84,baseline,Nurse_63,3,12.5
84,baseline,Nurse_64,0,7.5
84,baseline,Nurse_65,2,9.5
84,baseline,Nurse_66,0,1.0
84,baseline,Nurse_67,1,8.0
84,baseline,Nurse_68,0,10.0
84,baseline,Nurse_69,3,19.0
84,baseline,Nurse_70,1,11.0
84,strain,Nurse_01,1,12.0
84,strain,Nurse_02,0,11.5
84,strain,Nurse_03,2,13.0
84,strain,Nurse_04,0,9.5
84,strain,Nurse_05,1,11.5
84,strain,Nurse_06,2,12.0
84,strain,Nurse_07,2,16.5
84,strain,Nurse_08,2,12.5
84,strain,Nurse_09,3,19.0
84,strain,Nurse_10,1,11.5
84,strain,Nurse_11,2,16.5
84,strain,Nurse_12,3,17.0
84,strain,Nurse_13,3,18.0
84,strain,Nurse_14,2,11.0
84,strain,Nurse_15,2,11.0
84,strain,Nurse_16,1,10.0
84,strain,Nurse_17,0,8.5
84,strain,Nurse_18,3,14.5
84,strain,Nurse_19,2,18.0
84,strain,Nurse_20,0,4.5
84,strain,Nurse_21,2,17.0
84,strain,Nurse_22,2,12.0
84,strain,Nurse_23,0,11.5
84,strain,Nurse_24,1,11.0
84,strain,Nurse_25,2,11.5
84,strain,Nurse_26,4,15.0
84,strain,Nurse_27,2,18.0
84,strain,Nurse_28,1,14.5
84,strain,Nurse_29,1,10.0
84,strain,Nurse_30,3,18.0
84,strain,Nurse_31,1,16.0
84,strain,Nurse_32,2,6.0
84,strain,Nurse_33,1,12.5
84,strain,Nurse_34,1,13.0
84,strain,Nurse_35,0,8.5
84,strain,Nurse_36,2,11.0
84,strain,Nurse_37,2,14.0
84,strain,Nurse_38,2,16.0
84,strain,Nurse_39,1,15.5
84,strain,Nurse_40,0,9.0
84,strain,Nurse_41,3,19.0
84,strain,Nurse_42,1,4.5
84,strain,Nurse_43,5,15.0
84,strain,Nurse_44,0,6.5
84,strain,Nurse_45,1,10.0
84,strain,Nurse_46,0,0.0
84,strain,Nurse_47,2,15.0
84,strain,Nurse_48,3,12.5
84,strain,Nurse_49,1,12.0
84,strain,Nurse_50,0,10.5
84,strain,Nurse_51,3,19.5
84,strain,Nurse_52,1,6.0
84,strain,Nurse_53,3,20.0
84,strain,Nurse_54,3,18.5
84,strain,Nurse_55,1,12.5
84,strain,Nurse_56,4,19.0
84,strain,Nurse_57,0,6.5
84,strain,Nurse_58,3,9.0
84,strain,Nurse_59,2,15.5
84,strain,Nurse_60,2,13.0
84,strain,Nurse_61,0,4.5
84,strain,Nurse_62,2,14.5
84,strain,Nurse_63,3,12.5
84,strain,Nurse_64,0,10.5
84,strain,Nurse_65,1,8.0
84,strain,Nurse_66,0,2.5
84,strain,Nurse_67,0,8.0
84,strain,Nurse_68,0,10.0
84,strain,Nurse_69,1,14.5
84,strain,Nurse_70,0,8.0
85,baseline,Nurse_01,4,12.0
85,baseline,Nurse_02,3,19.5
85,baseline,Nurse_03,5,18.0
85,baseline,Nurse_04,4,18.0
85,baseline,Nurse_05,3,12.0
85,baseline,Nurse_06,1,11.5
85,baseline,Nurse_07,5,23.0
85,baseline,Nurse_08,1,14.0
85,baseline,Nurse_09,6,27.5
85,baseline,Nurse_10,4,16.5
85,baseline,Nurse_11,1,11.5
85,baseline,Nurse_12,4,15.0
85,baseline,Nurse_13,4,16.5
85,baseline,Nurse_14,0,3.0
85,baseline,Nurse_15,0,5.0
85,baseline,Nurse_16,4,18.0
85,baseline,Nurse_17,0,3.0
85,baseline,Nurse_18,3,13.5
85,baseline,Nurse_19,5,20.5
85,baseline,Nurse_20,5,29.0
85,baseline,Nurse_21,1,7.0
85,baseline,Nurse_22,5,16.5
85,baseline,Nurse_23,2,13.0
85,baseline,Nurse_24,1,7.0
85,baseline,Nurse_25,2,16.5
85,baseline,Nurse_26,2,14.5
85,baseline,Nurse_27,0,8.5
85,baseline,Nurse_28,0,8.5
85,baseline,Nurse_29,4,20.5
85,baseline,Nurse_30,2,13.0
85,baseline,Nurse_31,4,22.5
85,baseline,Nurse_32,4,14.5
85,baseline,Nurse_33,0,7.0
85,baseline,Nurse_34,1,4.5
85,baseline,Nurse_35,3,17.0
85,baseline,Nurse_36,4,20.0
85,baseline,Nurse_37,4,20.5
85,baseline,Nurse_38,7,22.5
85,baseline,Nurse_39,4,19.0
85,baseline,Nurse_40,4,18.0
85,baseline,Nurse_41,4,24.0
85,baseline,Nurse_42,1,4.5
85,baseline,Nurse_43,3,13.5
85,baseline,Nurse_44,5,19.0
85,baseline,Nurse_45,3,21.0
85,baseline,Nurse_46,3,18.5
85,baseline,Nurse_47,2,11.0
85,baseline,Nurse_48,2,12.0
85,baseline,Nurse_49,5,27.5
85,baseline,Nurse_50,2,17.0
85,baseline,Nurse_51,2,14.0
85,baseline,Nurse_52,0,7.5
85,baseline,Nurse_53,1,14.5
85,baseline,Nurse_54,3,10.5
85,baseline,Nurse_55,2,9.0
85,baseline,Nurse_56,4,16.0
85,baseline,Nurse_57,1,12.5
85,baseline,Nurse_58,4,18.0
85,baseline,Nurse_59,5,22.5
85,baseline,Nurse_60,2,14.0
85,baseline,Nurse_61,1,7.5
85,baseline,Nurse_62,2,6.0
85,baseline,Nurse_63,2,10.0
85,baseline,Nurse_64,4,18.0
85,baseline,Nurse_65,2,16.5
85,baseline,Nurse_66,5,19.0
85,baseline,Nurse_67,1,4.5
85,baseline,Nurse_68,2,15.5
85,baseline,Nurse_69,0,10.0
85,baseline,Nurse_70,0,8.5
85,strain,Nurse_01,4,15.0
85,strain,Nurse_02,2,17.5
85,strain,Nurse_03,5,18.0
85,strain,Nurse_04,4,17.0
85,strain,Nurse_05,2,9.0
85,strain,Nurse_06,0,10.0
85,strain,Nurse_07,3,21.0
85,strain,Nurse_08,1,10.0
85,strain,Nurse_09,2,18.5
85,strain,Nurse_10,4,15.0
85,strain,Nurse_11,1,11.5
85,strain,Nurse_12,3,15.0
85,strain,Nurse_13,4,16.5
85,strain,Nurse_14,0,3.0
85,strain,Nurse_15,0,8.0
85,strain,Nurse_16,1,12.5
85,strain,Nurse_17,0,2.0
85,strain,Nurse_18,3,17.0
85,strain,Nurse_19,3,14.5
85,strain,Nurse_20,1,16.5
85,strain,Nurse_21,1,10.0
85,strain,Nurse_22,4,13.5
85,strain,Nurse_23,2,13.0
85,strain,Nurse_24,0,6.5
85,strain,Nurse_25,2,12.5
85,strain,Nurse_26,0,11.0
85,strain,Nurse_27,0,9.5
85,strain,Nurse_28,0,9.0
85,strain,Nurse_29,4,19.0
85,strain,Nurse_30,0,10.5
85,strain,Nurse_31,2,18.0
85,strain,Nurse_32,3,14.0
85,strain,Nurse_33,0,10.0
85,strain,Nurse_34,1,3.0
85,strain,Nurse_35,3,14.5
85,strain,Nurse_36,3,17.0
85,strain,Nurse_37,3,16.5
85,strain,Nurse_38,6,19.5
85,strain,Nurse_39,2,14.5
85,strain,Nurse_40,3,15.5
85,strain,Nurse_41,2,16.0
85,strain,Nurse_42,1,6.0
85,strain,Nurse_43,2,10.5
85,strain,Nurse_44,3,13.0
85,strain,Nurse_45,2,16.0
85,strain,Nurse_46,3,15.5
85,strain,Nurse_47,1,10.5
85,strain,Nurse_48,1,11.5
85,strain,Nurse_49,3,21.5
85,strain,Nurse_50,2,18.0
85,strain,Nurse_51,1,12.0
85,strain,Nurse_52,0,6.5
85,strain,Nurse_53,1,15.0
85,strain,Nurse_54,2,12.0
85,strain,Nurse_55,1,7.5
85,strain,Nurse_56,4,16.0
85,strain,Nurse_57,0,7.5
85,strain,Nurse_58,1,13.0
85,strain,Nurse_59,2,17.0
85,strain,Nurse_60,1,14.0
85,strain,Nurse_61,1,11.0
85,strain,Nurse_62,0,6.0
85,strain,Nurse_63,2,11.5
85,strain,Nurse_64,2,16.0
85,strain,Nurse_65,1,13.0
85,strain,Nurse_66,4,18.5
85,strain,Nurse_67,1,4.5
85,strain,Nurse_68,2,18.5
85,strain,Nurse_69,0,10.0
85,strain,Nurse_70,0,9.5
86,baseline,Nurse_01,4,24.0
86,baseline,Nurse_02,0,4.0
86,baseline,Nurse_03,4,22.5
86,baseline,Nurse_04,2,10.0
86,baseline,Nurse_05,0,3.0
86,baseline,Nurse_06,3,17.0
86,baseline,Nurse_07,1,16.0
86,baseline,Nurse_08,5,25.0
86,baseline,Nurse_09,4,16.0
86,baseline,Nurse_10,4,21.5
86,baseline,Nurse_11,2,12.5
86,baseline,Nurse_12,1,4.5
86,baseline,Nurse_13,4,20.5
86,baseline,Nurse_14,6,29.0
86,baseline,Nurse_15,0,11.0
86,baseline,Nurse_16,3,17.0
86,baseline,Nurse_17,1,8.0
86,baseline,Nurse_18,2,14.5
86,baseline,Nurse_19,4,19.5
86,baseline,Nurse_20,0,2.0
86,baseline,Nurse_21,1,13.0
86,baseline,Nurse_22,0,10.5
86,baseline,Nurse_23,3,12.5
86,baseline,Nurse_24,4,16.5
86,baseline,Nurse_25,1,13.5
86,baseline,Nurse_26,1,4.5
86,baseline,Nurse_27,0,2.0
86,baseline,Nurse_28,1,4.5
86,baseline,Nurse_29,3,15.0
86,baseline,Nurse_30,1,11.5
86,baseline,Nurse_31,6,22.0
86,baseline,Nurse_32,3,9.0
86,baseline,Nurse_33,3,14.5
86,baseline,Nurse_34,3,15.0
86,baseline,Nurse_35,4,19.0
86,baseline,Nurse_36,2,12.0
86,baseline,Nurse_37,1,10.0
86,baseline,Nurse_38,4,19.0
86,baseline,Nurse_39,0,11.0
86,baseline,Nurse_40,2,16.5
86,baseline,Nurse_41,3,15.5
86,baseline,Nurse_42,4,16.5
86,baseline,Nurse_43,0,8.5
86,baseline,Nurse_44,2,12.0
86,baseline,Nurse_45,1,11.5
86,baseline,Nurse_46,2,12.0
86,baseline,Nurse_47,3,15.0
86,baseline,Nurse_48,3,20.0
86,baseline,Nurse_49,5,21.0
86,baseline,Nurse_50,2,14.0
86,baseline,Nurse_51,4,12.0
86,baseline,Nurse_52,0,5.5
86,baseline,Nurse_53,3,15.0
86,baseline,Nurse_54,5,18.0
86,baseline,Nurse_55,2,15.0
86,baseline,Nurse_56,5,23.0
86,baseline,Nurse_57,2,9.5
86,baseline,Nurse_58,0,7.5
86,baseline,Nurse_59,2,14.0
86,baseline,Nurse_60,5,20.0
86,baseline,Nurse_61,5,22.5
86,baseline,Nurse_62,0,10.0
86,baseline,Nurse_63,0,1.5
86,baseline,Nurse_64,3,18.0
86,baseline,Nurse_65,6,22.0
86,baseline,Nurse_66,4,21.5
86,baseline,Nurse_67,2,13.0
86,baseline,Nurse_68,3,17.0
86,baseline,Nurse_69,4,18.5
86,baseline,Nurse_70,5,18.0
86,strain,Nurse_01,3,17.5
86,strain,Nurse_02,0,5.0
86,strain,Nurse_03,2,15.0
86,strain,Nurse_04,1,10.5
86,strain,Nurse_05,0,4.5
86,strain,Nurse_06,2,13.5
86,strain,Nurse_07,1,13.0
86,strain,Nurse_08,4,21.0
86,strain,Nurse_09,2,14.0
86,strain,Nurse_10,1,16.5
86,strain,Nurse_11,2,9.5
86,strain,Nurse_12,0,3.0
86,strain,Nurse_13,2,16.5
86,strain,Nurse_14,4,21.0
86,strain,Nurse_15,0,8.5
86,strain,Nurse_16,2,15.0
86,strain,Nurse_17,1,11.0
86,strain,Nurse_18,2,17.0
86,strain,Nurse_19,4,17.0
86,strain,Nurse_20,0,9.0
86,strain,Nurse_21,0,11.0
86,strain,Nurse_22,0,9.5
86,strain,Nurse_23,2,8.5
86,strain,Nurse_24,4,17.5
86,strain,Nurse_25,1,13.5
86,strain,Nurse_26,1,7.5
86,strain,Nurse_27,0,3.5
86,strain,Nurse_28,2,9.0
86,strain,Nurse_29,3,18.0
86,strain,Nurse_30,1,13.5
86,strain,Nurse_31,3,17.0
86,strain,Nurse_32,2,9.0
86,strain,Nurse_33,2,9.5
86,strain,Nurse_34,3,15.0
86,strain,Nurse_35,2,18.5
86,strain,Nurse_36,2,12.0
86,strain,Nurse_37,1,11.5
86,strain,Nurse_38,3,16.5
86,strain,Nurse_39,1,13.5
86,strain,Nurse_40,1,15.0
86,strain,Nurse_41,3,16.0
86,strain,Nurse_42,3,15.0
86,strain,Nurse_43,0,9.5
86,strain,Nurse_44,2,12.0
86,strain,Nurse_45,0,9.5
86,strain,Nurse_46,1,11.5
86,strain,Nurse_47,3,16.5
86,strain,Nurse_48,1,15.0
86,strain,Nurse_49,4,15.0
86,strain,Nurse_50,1,14.0
86,strain,Nurse_51,4,12.0
86,strain,Nurse_52,0,5.5
86,strain,Nurse_53,1,4.5
86,strain,Nurse_54,2,13.0
86,strain,Nurse_55,2,15.0
86,strain,Nurse_56,2,18.0
86,strain,Nurse_57,2,8.0
86,strain,Nurse_58,0,7.5
86,strain,Nurse_59,2,12.5
86,strain,Nurse_60,2,14.5
86,strain,Nurse_61,3,14.0
86,strain,Nurse_62,0,9.0
86,strain,Nurse_63,0,1.5
86,strain,Nurse_64,2,14.5
86,strain,Nurse_65,4,17.5
86,strain,Nurse_66,2,19.0
86,strain,Nurse_67,2,15.0
86,strain,Nurse_68,3,18.0
86,strain,Nurse_69,2,13.0
86,strain,Nurse_70,3,16.5
87,baseline,Nurse_01,2,19.5
87,baseline,Nurse_02,2,11.5
87,baseline,Nurse_03,2,14.0
87,baseline,Nurse_04,0,13.0
87,baseline,Nurse_05,3,16.5
87,baseline,Nurse_06,4,20.5
87,baseline,Nurse_07,3,18.5
87,baseline,Nurse_08,4,13.5
87,baseline,Nurse_09,1,8.5
87,baseline,Nurse_10,2,6.0
87,baseline,Nurse_11,1,13.0
87,baseline,Nurse_12,0,9.5
87,baseline,Nurse_13,5,26.5
87,baseline,Nurse_14,1,10.5
87,baseline,Nurse_15,0,8.5
87,baseline,Nurse_16,0,5.0
87,baseline,Nurse_17,3,17.5
87,baseline,Nurse_18,4,15.0
87,baseline,Nurse_19,0,5.0
87,baseline,Nurse_20,2,14.5
87,baseline,Nurse_21,1,3.0
87,baseline,Nurse_22,5,18.0
87,baseline,Nurse_23,1,4.5
87,baseline,Nurse_24,3,14.5
87,baseline,Nurse_25,2,14.5
87,baseline,Nurse_26,1,13.5
87,baseline,Nurse_27,2,14.5
87,baseline,Nurse_28,5,16.5
87,baseline,Nurse_29,4,19.5
87,baseline,Nurse_30,3,19.5
87,baseline,Nurse_31,2,17.0
87,baseline,Nurse_32,0,9.0
87,baseline,Nurse_33,6,23.5
87,baseline,Nurse_34,0,9.0
87,baseline,Nurse_35,1,8.5
87,baseline,Nurse_36,0,13.0
87,baseline,Nurse_37,3,12.0
87,baseline,Nurse_38,4,15.0
87,baseline,Nurse_39,1,9.5
87,baseline,Nurse_40,4,23.0
87,baseline,Nurse_41,4,17.5
87,baseline,Nurse_42,4,18.5
87,baseline,Nurse_43,4,18.0
87,baseline,Nurse_44,3,9.0
87,baseline,Nurse_45,5,22.0
87,baseline,Nurse_46,2,10.5
87,baseline,Nurse_47,1,8.5
87,baseline,Nurse_48,0,4.5
87,baseline,Nurse_49,6,25.5
87,baseline,Nurse_50,3,12.0
87,baseline,Nurse_51,1,7.0
87,baseline,Nurse_52,0,5.0
87,baseline,Nurse_53,2,15.5
87,baseline,Nurse_54,1,6.0
87,baseline,Nurse_55,0,4.0
87,baseline,Nurse_56,3,12.0
87,baseline,Nurse_57,2,16.5
87,baseline,Nurse_58,4,13.5
87,baseline,Nurse_59,3,14.5
87,baseline,Nurse_60,2,14.0
87,baseline,Nurse_61,4,19.0
87,baseline,Nurse_62,1,7.5
87,baseline,Nurse_63,2,11.0
87,baseline,Nurse_64,2,14.0
87,baseline,Nurse_65,4,19.0
87,baseline,Nurse_66,0,9.5
87,baseline,Nurse_67,6,24.0
87,baseline,Nurse_68,3,18.0
87,baseline,Nurse_69,0,8.5
87,baseline,Nurse_70,0,9.0
87,strain,Nurse_01,1,15.5
87,strain,Nurse_02,1,11.0
87,strain,Nurse_03,2,14.5
87,strain,Nurse_04,0,12.5
87,strain,Nurse_05,3,18.0
87,strain,Nurse_06,1,15.5
87,strain,Nurse_07,2,17.5
87,strain,Nurse_08,3,10.5
87,strain,Nurse_09,1,8.5
87,strain,Nurse_10,2,7.5
87,strain,Nurse_11,0,10.5
87,strain,Nurse_12,0,8.5
87,strain,Nurse_13,5,23.0
87,strain,Nurse_14,1,8.0
87,strain,Nurse_15,0,7.5
87,strain,Nurse_16,0,5.0
87,strain,Nurse_17,2,14.0
87,strain,Nurse_18,2,14.0
87,strain,Nurse_19,0,2.0
87,strain,Nurse_20,1,14.0
87,strain,Nurse_21,1,3.0
87,strain,Nurse_22,4,17.5
87,strain,Nurse_23,1,4.5
87,strain,Nurse_24,0,9.5
87,strain,Nurse_25,2,13.5
87,strain,Nurse_26,1,11.0
87,strain,Nurse_27,1,11.5
87,strain,Nurse_28,3,12.0
87,strain,Nurse_29,2,17.0
87,strain,Nurse_30,2,15.5
87,strain,Nurse_31,1,14.0
87,strain,Nurse_32,0,9.0
87,strain,Nurse_33,2,17.5
87,strain,Nurse_34,0,7.0
87,strain,Nurse_35,1,9.5
87,strain,Nurse_36,0,13.0
87,strain,Nurse_37,3,12.0
87,strain,Nurse_38,3,15.0
87,strain,Nurse_39,0,10.5
87,strain,Nurse_40,1,16.0
87,strain,Nurse_41,3,16.5
87,strain,Nurse_42,4,17.0
87,strain,Nurse_43,4,18.0
87,strain,Nurse_44,2,10.5
87,strain,Nurse_45,2,15.5
87,strain,Nurse_46,1,13.0
87,strain,Nurse_47,1,16.0
87,strain,Nurse_48,0,4.5
87,strain,Nurse_49,3,19.5
87,strain,Nurse_50,1,6.0
87,strain,Nurse_51,1,10.0
87,strain,Nurse_52,0,10.0
87,strain,Nurse_53,2,16.0
87,strain,Nurse_54,1,7.5
87,strain,Nurse_55,0,5.5
87,strain,Nurse_56,2,7.5
87,strain,Nurse_57,1,11.5
87,strain,Nurse_58,3,10.5
87,strain,Nurse_59,1,11.5
87,strain,Nurse_60,2,11.0
87,strain,Nurse_61,1,15.5
87,strain,Nurse_62,0,7.5
87,strain,Nurse_63,2,12.5
87,strain,Nurse_64,1,12.5
87,strain,Nurse_65,4,19.0
87,strain,Nurse_66,0,8.0
87,strain,Nurse_67,4,19.5
87,strain,Nurse_68,1,11.0
87,strain,Nurse_69,0,10.0
87,strain,Nurse_70,0,8.0
88,baseline,Nurse_01,2,14.0
88,baseline,Nurse_02,0,6.0
88,baseline,Nurse_03,1,8.0
88,baseline,Nurse_04,1,7.0
88,baseline,Nurse_05,1,11.5
88,baseline,Nurse_06,1,6.5
88,baseline,Nurse_07,4,23.5
88,baseline,Nurse_08,1,9.5
88,baseline,Nurse_09,3,14.0
88,baseline,Nurse_10,4,23.0
88,baseline,Nurse_11,2,16.5
88,baseline,Nurse_12,1,12.5
88,baseline,Nurse_13,3,16.0
88,baseline,Nurse_14,2,9.5
88,baseline,Nurse_15,1,4.5
88,baseline,Nurse_16,2,8.0
88,baseline,Nurse_17,1,12.0
88,baseline,Nurse_18,3,12.5
88,baseline,Nurse_19,2,15.5
88,baseline,Nurse_20,5,20.0
88,baseline,Nurse_21,3,15.0
88,baseline,Nurse_22,1,12.5
88,baseline,Nurse_23,3,12.0
88,baseline,Nurse_24,0,7.5
88,baseline,Nurse_25,4,17.0
88,baseline,Nurse_26,4,22.5
88,baseline,Nurse_27,4,17.0
88,baseline,Nurse_28,2,11.5
88,baseline,Nurse_29,3,14.5
88,baseline,Nurse_30,3,12.0
88,baseline,Nurse_31,4,22.0
88,baseline,Nurse_32,1,12.0
88,baseline,Nurse_33,4,17.0
88,baseline,Nurse_34,0,9.5
88,baseline,Nurse_35,4,21.0
88,baseline,Nurse_36,1,12.5
88,baseline,Nurse_37,4,22.0
88,baseline,Nurse_38,1,5.0
88,baseline,Nurse_39,1,9.5
88,baseline,Nurse_40,2,6.0
88,baseline,Nurse_41,4,14.5
88,baseline,Nurse_42,3,21.0
88,baseline,Nurse_43,5,26.0
88,baseline,Nurse_44,2,13.5
88,baseline,Nurse_45,3,12.0
88,baseline,Nurse_46,3,10.5
88,baseline,Nurse_47,5,24.5
88,baseline,Nurse_48,2,9.0
88,baseline,Nurse_49,3,20.0
88,baseline,Nurse_50,6,30.0
88,baseline,Nurse_51,1,13.0
88,baseline,Nurse_52,2,15.5
88,baseline,Nurse_53,3,17.0
88,baseline,Nurse_54,2,9.0
88,baseline,Nurse_55,4,18.5
88,baseline,Nurse_56,3,17.5
88,baseline,Nurse_57,6,20.0
88,baseline,Nurse_58,1,3.0
88,baseline,Nurse_59,5,18.0
88,baseline,Nurse_60,5,24.0
88,baseline,Nurse_61,2,7.5
88,baseline,Nurse_62,1,8.0
88,baseline,Nurse_63,1,11.5
88,baseline,Nurse_64,1,8.0
88,baseline,Nurse_65,4,21.0
88,baseline,Nurse_66,0,5.0
88,baseline,Nurse_67,4,22.0
88,baseline,Nurse_68,4,18.5
88,baseline,Nurse_69,1,11.5
88,baseline,Nurse_70,5,23.0
88,strain,Nurse_01,2,14.0
88,strain,Nurse_02,0,6.0
88,strain,Nurse_03,1,10.5
88,strain,Nurse_04,1,9.5
88,strain,Nurse_05,1,10.0
88,strain,Nurse_06,0,3.5
88,strain,Nurse_07,2,16.0
88,strain,Nurse_08,1,11.5
88,strain,Nurse_09,2,10.5
88,strain,Nurse_10,2,18.0
88,strain,Nurse_11,1,13.5
88,strain,Nurse_12,1,15.5
88,strain,Nurse_13,2,13.5
88,strain,Nurse_14,1,11.0
88,strain,Nurse_15,1,6.0
88,strain,Nurse_16,1,11.5
88,strain,Nurse_17,1,8.0
88,strain,Nurse_18,2,11.0
88,strain,Nurse_19,1,10.5
88,strain,Nurse_20,4,18.5
88,strain,Nurse_21,2,13.5
88,strain,Nurse_22,0,13.5
88,strain,Nurse_23,3,12.0
88,strain,Nurse_24,0,9.0
88,strain,Nurse_25,3,15.5
88,strain,Nurse_26,3,18.5
88,strain,Nurse_27,2,16.0
88,strain,Nurse_28,1,13.0
88,strain,Nurse_29,3,13.0
88,strain,Nurse_30,3,13.5
88,strain,Nurse_31,2,16.0
88,strain,Nurse_32,1,10.5
88,strain,Nurse_33,3,14.5
88,strain,Nurse_34,0,6.0
88,strain,Nurse_35,3,23.5
88,strain,Nurse_36,0,8.0
88,strain,Nurse_37,3,19.5
88,strain,Nurse_38,1,8.0
88,strain,Nurse_39,1,11.0
88,strain,Nurse_40,2,10.5
88,strain,Nurse_41,2,10.5
88,strain,Nurse_42,0,14.0
88,strain,Nurse_43,3,19.5
88,strain,Nurse_44,1,13.0
88,strain,Nurse_45,2,9.0
88,strain,Nurse_46,3,10.5
88,strain,Nurse_47,4,21.0
88,strain,Nurse_48,2,10.5
88,strain,Nurse_49,1,15.5
88,strain,Nurse_50,4,24.0
88,strain,Nurse_51,0,12.5
88,strain,Nurse_52,1,12.0
88,strain,Nurse_53,3,18.0
88,strain,Nurse_54,1,9.0
88,strain,Nurse_55,4,17.0
88,strain,Nurse_56,1,16.5
88,strain,Nurse_57,4,15.5
88,strain,Nurse_58,1,3.0
88,strain,Nurse_59,4,13.5
88,strain,Nurse_60,4,22.5
88,strain,Nurse_61,2,9.0
88,strain,Nurse_62,0,8.0
88,strain,Nurse_63,1,13.0
88,strain,Nurse_64,1,8.0
88,strain,Nurse_65,2,15.5
88,strain,Nurse_66,0,8.0
88,strain,Nurse_67,1,18.5
88,strain,Nurse_68,2,10.5
88,strain,Nurse_69,1,10.0
88,strain,Nurse_70,3,19.0
89,baseline,Nurse_01,2,14.5
89,baseline,Nurse_02,0,8.0
89,baseline,Nurse_03,2,11.5
89,baseline,Nurse_04,4,17.0
89,baseline,Nurse_05,4,20.0
89,baseline,Nurse_06,2,13.5
89,baseline,Nurse_07,1,8.0
89,baseline,Nurse_08,3,18.5
89,baseline,Nurse_09,3,14.5
89,baseline,Nurse_10,1,13.0
89,baseline,Nurse_11,4,21.5
89,baseline,Nurse_12,3,20.0
89,baseline,Nurse_13,2,23.35
89,baseline,Nurse_14,0,7.0
89,baseline,Nurse_15,0,6.5
89,baseline,Nurse_16,4,21.5
89,baseline,Nurse_17,0,8.5
89,baseline,Nurse_18,2,14.5
89,baseline,Nurse_19,4,21.0
89,baseline,Nurse_20,4,15.0
89,baseline,Nurse_21,2,6.0
89,baseline,Nurse_22,5,18.5
89,baseline,Nurse_23,2,12.0
89,baseline,Nurse_24,1,3.0
89,baseline,Nurse_25,5,22.0
89,baseline,Nurse_26,3,15.0
89,baseline,Nurse_27,4,17.5
89,baseline,Nurse_28,1,11.5
89,baseline,Nurse_29,1,11.0
89,baseline,Nurse_30,0,7.5
89,baseline,Nurse_31,4,20.0
89,baseline,Nurse_32,3,9.0
89,baseline,Nurse_33,4,19.5
89,baseline,Nurse_34,5,16.5
89,baseline,Nurse_35,4,19.0
89,baseline,Nurse_36,1,12.5
89,baseline,Nurse_37,1,9.5
89,baseline,Nurse_38,5,27.5
89,baseline,Nurse_39,0,3.5
89,baseline,Nurse_40,2,14.5
89,baseline,Nurse_41,4,18.5
89,baseline,Nurse_42,2,18.5
89,baseline,Nurse_43,3,10.5
89,baseline,Nurse_44,4,18.5
89,baseline,Nurse_45,1,8.5
89,baseline,Nurse_46,6,31.0
89,baseline,Nurse_47,1,10.5
89,baseline,Nurse_48,2,15.5
89,baseline,Nurse_49,0,3.5
89,baseline,Nurse_50,1,10.0
89,baseline,Nurse_51,0,5.5
89,baseline,Nurse_52,3,15.0
89,baseline,Nurse_53,4,15.0
89,baseline,Nurse_54,1,8.5
89,baseline,Nurse_55,2,6.0
89,baseline,Nurse_56,0,0.0
89,baseline,Nurse_57,5,16.5
89,baseline,Nurse_58,1,11.0
89,baseline,Nurse_59,3,15.5
89,baseline,Nurse_60,2,6.0
89,baseline,Nurse_61,2,16.5
89,baseline,Nurse_62,5,18.5
89,baseline,Nurse_63,1,10.0
89,baseline,Nurse_64,2,14.0
89,baseline,Nurse_65,2,12.0
89,baseline,Nurse_66,0,10.5
89,baseline,Nurse_67,0,2.0
89,baseline,Nurse_68,3,11.0
89,baseline,Nurse_69,5,24.5
89,baseline,Nurse_70,4,17.5
89,strain,Nurse_01,2,12.0
89,strain,Nurse_02,0,9.0
89,strain,Nurse_03,1,10.0
89,strain,Nurse_04,3,14.5
89,strain,Nurse_05,3,16.5
89,strain,Nurse_06,1,10.5
89,strain,Nurse_07,1,10.0
89,strain,Nurse_08,2,17.0
89,strain,Nurse_09,2,10.0
89,strain,Nurse_10,1,15.5
89,strain,Nurse_11,3,18.0
89,strain,Nurse_12,1,15.0
89,strain,Nurse_13,0,11.5
89,strain,Nurse_14,0,8.5
89,strain,Nurse_15,0,6.5
89,strain,Nurse_16,2,18.0
89,strain,Nurse_17,0,5.5
89,strain,Nurse_18,0,8.5
89,strain,Nurse_19,2,14.5
89,strain,Nurse_20,3,12.0
89,strain,Nurse_21,2,6.0
89,strain,Nurse_22,2,14.5
89,strain,Nurse_23,2,12.0
89,strain,Nurse_24,1,3.0
89,strain,Nurse_25,3,16.5
89,strain,Nurse_26,3,14.0
89,strain,Nurse_27,2,11.5
89,strain,Nurse_28,0,12.5
89,strain,Nurse_29,0,8.0
89,strain,Nurse_30,0,11.5
89,strain,Nurse_31,3,16.0
89,strain,Nurse_32,2,7.5
89,strain,Nurse_33,2,12.5
89,strain,Nurse_34,4,13.5
89,strain,Nurse_35,3,18.0
89,strain,Nurse_36,0,10.5
89,strain,Nurse_37,0,8.0
89,strain,Nurse_38,1,15.0
89,strain,Nurse_39,0,7.0
89,strain,Nurse_40,1,12.5
89,strain,Nurse_41,3,12.0
89,strain,Nurse_42,2,18.5
89,strain,Nurse_43,3,9.0
89,strain,Nurse_44,3,13.0
89,strain,Nurse_45,1,10.0
89,strain,Nurse_46,2,22.0
89,strain,Nurse_47,0,9.0
89,strain,Nurse_48,1,12.5
89,strain,Nurse_49,0,7.0
89,strain,Nurse_50,0,8.5
89,strain,Nurse_51,0,8.0
89,strain,Nurse_52,2,15.0
89,strain,Nurse_53,3,13.5
89,strain,Nurse_54,0,8.5
89,strain,Nurse_55,1,6.0
89,strain,Nurse_56,0,0.0
89,strain,Nurse_57,4,15.0
89,strain,Nurse_58,0,15.0
89,strain,Nurse_59,2,13.0
89,strain,Nurse_60,1,6.0
89,strain,Nurse_61,2,18.0
89,strain,Nurse_62,4,15.5
89,strain,Nurse_63,1,11.0
89,strain,Nurse_64,2,14.0
89,strain,Nurse_65,1,13.5
89,strain,Nurse_66,0,10.5
89,strain,Nurse_67,1,8.5
89,strain,Nurse_68,2,13.0
89,strain,Nurse_69,2,18.5
89,strain,Nurse_70,3,16.0
90,baseline,Nurse_01,4,23.5
90,baseline,Nurse_02,3,18.5
90,baseline,Nurse_03,3,14.5
90,baseline,Nurse_04,2,7.5
90,baseline,Nurse_05,0,10.5
90,baseline,Nurse_06,5,23.0
90,baseline,Nurse_07,1,9.5
90,baseline,Nurse_08,0,11.5
90,baseline,Nurse_09,3,18.0
90,baseline,Nurse_10,5,20.0
90,baseline,Nurse_11,4,19.0
90,baseline,Nurse_12,1,7.0
90,baseline,Nurse_13,1,9.5
90,baseline,Nurse_14,0,4.0
90,baseline,Nurse_15,1,6.0
90,baseline,Nurse_16,4,19.0
90,baseline,Nurse_17,1,12.5
90,baseline,Nurse_18,5,24.0
90,baseline,Nurse_19,2,6.0
90,baseline,Nurse_20,5,25.0
90,baseline,Nurse_21,4,20.0
90,baseline,Nurse_22,4,17.5
90,baseline,Nurse_23,2,9.0
90,baseline,Nurse_24,1,13.5
90,baseline,Nurse_25,2,13.0
90,baseline,Nurse_26,0,7.5
90,baseline,Nurse_27,3,14.0
90,baseline,Nurse_28,3,14.0
90,baseline,Nurse_29,4,25.0
90,baseline,Nurse_30,2,9.0
90,baseline,Nurse_31,2,15.0
90,baseline,Nurse_32,1,13.0
90,baseline,Nurse_33,3,20.0
90,baseline,Nurse_34,0,4.0
90,baseline,Nurse_35,4,19.5
90,baseline,Nurse_36,3,17.0
90,baseline,Nurse_37,2,17.0
90,baseline,Nurse_38,2,17.0
90,baseline,Nurse_39,0,9.5
90,baseline,Nurse_40,6,25.5
90,baseline,Nurse_41,4,22.0
90,baseline,Nurse_42,3,12.0
90,baseline,Nurse_43,2,13.0
90,baseline,Nurse_44,2,16.5
90,baseline,Nurse_45,1,7.5
90,baseline,Nurse_46,0,4.0
90,baseline,Nurse_47,2,9.0
90,baseline,Nurse_48,1,3.0
90,baseline,Nurse_49,3,10.0
90,baseline,Nurse_50,2,11.5
90,baseline,Nurse_51,6,24.0
90,baseline,Nurse_52,2,10.5
90,baseline,Nurse_53,5,15.0
90,baseline,Nurse_54,3,16.5
90,baseline,Nurse_55,0,9.0
90,baseline,Nurse_56,4,15.5
90,baseline,Nurse_57,2,6.0
90,baseline,Nurse_58,3,16.0
90,baseline,Nurse_59,2,12.0
90,baseline,Nurse_60,1,9.5
90,baseline,Nurse_61,3,15.5
90,baseline,Nurse_62,2,19.0
90,baseline,Nurse_63,0,8.5
90,baseline,Nurse_64,3,9.0
90,baseline,Nurse_65,4,15.0
90,baseline,Nurse_66,3,16.0
90,baseline,Nurse_67,4,19.0
90,baseline,Nurse_68,0,10.5
90,baseline,Nurse_69,1,9.0
90,baseline,Nurse_70,1,8.0
90,strain,Nurse_01,2,16.5
90,strain,Nurse_02,2,19.0
90,strain,Nurse_03,3,13.0
90,strain,Nurse_04,1,4.5
90,strain,Nurse_05,0,6.0
90,strain,Nurse_06,3,19.0
90,strain,Nurse_07,0,9.0
90,strain,Nurse_08,0,11.5
90,strain,Nurse_09,2,12.5
90,strain,Nurse_10,4,17.5
90,strain,Nurse_11,2,15.5
90,strain,Nurse_12,0,8.0
90,strain,Nurse_13,1,11.0
90,strain,Nurse_14,0,4.0
90,strain,Nurse_15,1,6.0
90,strain,Nurse_16,2,13.5
90,strain,Nurse_17,1,12.0
90,strain,Nurse_18,3,17.5
90,strain,Nurse_19,1,10.5
90,strain,Nurse_20,4,22.0
90,strain,Nurse_21,2,14.0
90,strain,Nurse_22,4,18.5
90,strain,Nurse_23,2,13.0
90,strain,Nurse_24,0,10.0
90,strain,Nurse_25,2,15.5
90,strain,Nurse_26,0,9.0
90,strain,Nurse_27,2,14.0
90,strain,Nurse_28,2,13.0
90,strain,Nurse_29,3,19.5
90,strain,Nurse_30,2,9.0
90,strain,Nurse_31,1,11.0
90,strain,Nurse_32,0,15.0
90,strain,Nurse_33,2,16.0
90,strain,Nurse_34,0,4.0
90,strain,Nurse_35,3,16.5
90,strain,Nurse_36,0,14.5
90,strain,Nurse_37,0,12.0
90,strain,Nurse_38,0,11.0
90,strain,Nurse_39,0,11.0
90,strain,Nurse_40,2,15.0
90,strain,Nurse_41,2,12.5
90,strain,Nurse_42,3,13.5
90,strain,Nurse_43,2,11.5
90,strain,Nurse_44,1,13.5
90,strain,Nurse_45,0,4.5
90,strain,Nurse_46,0,4.0
90,strain,Nurse_47,1,6.0
90,strain,Nurse_48,1,7.5
90,strain,Nurse_49,1,6.5
90,strain,Nurse_50,0,6.0
90,strain,Nurse_51,3,18.5
90,strain,Nurse_52,2,12.0
90,strain,Nurse_53,5,15.0
90,strain,Nurse_54,2,14.5
90,strain,Nurse_55,0,10.5
90,strain,Nurse_56,4,15.5
90,strain,Nurse_57,2,9.0
90,strain,Nurse_58,1,13.0
90,strain,Nurse_59,2,13.5
90,strain,Nurse_60,1,8.5
90,strain,Nurse_61,1,13.5
90,strain,Nurse_62,1,11.0
90,strain,Nurse_63,0,11.5
90,strain,Nurse_64,3,9.0
90,strain,Nurse_65,4,15.0
90,strain,Nurse_66,2,13.0
90,strain,Nurse_67,1,15.0
90,strain,Nurse_68,0,11.5
90,strain,Nurse_69,0,6.0
90,strain,Nurse_70,1,8.0
91,baseline,Nurse_01,5,24.5
91,baseline,Nurse_02,1,17.5
91,baseline,Nurse_03,2,14.5
91,baseline,Nurse_04,2,11.5
91,baseline,Nurse_05,2,19.5
91,baseline,Nurse_06,0,6.0
91,baseline,Nurse_07,0,6.5
91,baseline,Nurse_08,1,9.5
91,baseline,Nurse_09,3,11.5
91,baseline,Nurse_10,3,17.0
91,baseline,Nurse_11,3,11.0
91,baseline,Nurse_12,1,11.5
91,baseline,Nurse_13,2,11.0
91,baseline,Nurse_14,4,15.0
91,baseline,Nurse_15,3,16.5
91,baseline,Nurse_16,0,8.5
91,baseline,Nurse_17,2,16.5
91,baseline,Nurse_18,3,9.0
91,baseline,Nurse_19,3,17.5
91,baseline,Nurse_20,5,19.5
91,baseline,Nurse_21,5,23.0
91,baseline,Nurse_22,4,15.0
91,baseline,Nurse_23,3,14.5
91,baseline,Nurse_24,4,19.0
91,baseline,Nurse_25,1,13.5
91,baseline,Nurse_26,3,20.5
91,baseline,Nurse_27,0,10.5
91,baseline,Nurse_28,3,17.5
91,baseline,Nurse_29,2,11.0
91,baseline,Nurse_30,5,21.0
91,baseline,Nurse_31,2,13.5
91,baseline,Nurse_32,4,12.0
91,baseline,Nurse_33,1,5.0
91,baseline,Nurse_34,0,10.0
91,baseline,Nurse_35,2,14.5
91,baseline,Nurse_36,1,14.5
91,baseline,Nurse_37,6,23.5
91,baseline,Nurse_38,1,10.0
91,baseline,Nurse_39,2,9.0
91,baseline,Nurse_40,1,12.0
91,baseline,Nurse_41,2,13.0
91,baseline,Nurse_42,3,15.0
91,baseline,Nurse_43,1,12.5
91,baseline,Nurse_44,3,10.5
91,baseline,Nurse_45,3,17.0
91,baseline,Nurse_46,0,11.0
91,baseline,Nurse_47,3,10.5
91,baseline,Nurse_48,2,7.5
91,baseline,Nurse_49,2,12.0
91,baseline,Nurse_50,0,8.5
91,baseline,Nurse_51,2,6.0
91,baseline,Nurse_52,1,12.5
91,baseline,Nurse_53,2,11.0
91,baseline,Nurse_54,0,3.5
91,baseline,Nurse_55,0,6.5
91,baseline,Nurse_56,3,13.0
91,baseline,Nurse_57,0,9.0
91,baseline,Nurse_58,5,20.0
91,baseline,Nurse_59,2,15.0
91,baseline,Nurse_60,2,7.5
91,baseline,Nurse_61,0,4.0
91,baseline,Nurse_62,1,9.0
91,baseline,Nurse_63,1,10.0
91,baseline,Nurse_64,4,13.5
91,baseline,Nurse_65,2,13.5
91,baseline,Nurse_66,4,14.0
91,baseline,Nurse_67,1,7.5
91,baseline,Nurse_68,3,12.0
91,baseline,Nurse_69,4,20.0
91,baseline,Nurse_70,1,9.5
91,strain,Nurse_01,3,16.5
91,strain,Nurse_02,1,15.0
91,strain,Nurse_03,2,17.5
91,strain,Nurse_04,2,12.0
91,strain,Nurse_05,0,11.5
91,strain,Nurse_06,0,7.5
91,strain,Nurse_07,0,8.0
91,strain,Nurse_08,1,11.0
91,strain,Nurse_09,2,7.0
91,strain,Nurse_10,1,14.0
91,strain,Nurse_11,2,9.5
91,strain,Nurse_12,1,11.5
91,strain,Nurse_13,2,13.5
91,strain,Nurse_14,3,12.0
91,strain,Nurse_15,1,13.0
91,strain,Nurse_16,0,10.0
91,strain,Nurse_17,1,13.5
91,strain,Nurse_18,3,10.5
91,strain,Nurse_19,2,16.0
91,strain,Nurse_20,1,12.5
91,strain,Nurse_21,0,12.5
91,strain,Nurse_22,0,7.5
91,strain,Nurse_23,2,12.5
91,strain,Nurse_24,2,13.0
91,strain,Nurse_25,1,11.0
91,strain,Nurse_26,2,14.5
91,strain,Nurse_27,0,10.5
91,strain,Nurse_28,2,16.0
91,strain,Nurse_29,2,11.0
91,strain,Nurse_30,2,17.5
91,strain,Nurse_31,0,9.0
91,strain,Nurse_32,2,7.5
91,strain,Nurse_33,1,6.5
91,strain,Nurse_34,0,9.0
91,strain,Nurse_35,1,12.5
91,strain,Nurse_36,0,13.5
91,strain,Nurse_37,5,20.5
91,strain,Nurse_38,1,12.5
91,strain,Nurse_39,2,12.0
91,strain,Nurse_40,0,10.5
91,strain,Nurse_41,2,11.5
91,strain,Nurse_42,3,16.5
91,strain,Nurse_43,1,9.5
91,strain,Nurse_44,3,10.5
91,strain,Nurse_45,3,18.5
91,strain,Nurse_46,0,12.5
91,strain,Nurse_47,2,7.5
91,strain,Nurse_48,2,6.0
91,strain,Nurse_49,1,11.5
91,strain,Nurse_50,0,6.5
91,strain,Nurse_51,2,10.5
91,strain,Nurse_52,1,8.0
91,strain,Nurse_53,1,11.0
91,strain,Nurse_54,0,7.0
91,strain,Nurse_55,0,5.0
91,strain,Nurse_56,3,13.0
91,strain,Nurse_57,0,9.0
91,strain,Nurse_58,3,13.0
91,strain,Nurse_59,1,10.5
91,strain,Nurse_60,2,7.5
91,strain,Nurse_61,0,5.5
91,strain,Nurse_62,1,9.0
91,strain,Nurse_63,1,13.0
91,strain,Nurse_64,1,10.5
91,strain,Nurse_65,1,12.0
91,strain,Nurse_66,3,12.5
91,strain,Nurse_67,0,10.0
91,strain,Nurse_68,2,6.0
91,strain,Nurse_69,2,17.0
91,strain,Nurse_70,0,5.0
92,baseline,Nurse_01,1,4.0
92,baseline,Nurse_02,3,9.0
92,baseline,Nurse_03,4,15.0
92,baseline,Nurse_04,1,11.0
92,baseline,Nurse_05,5,21.0
92,baseline,Nurse_06,0,6.5
92,baseline,Nurse_07,5,22.0
92,baseline,Nurse_08,4,22.5
92,baseline,Nurse_09,2,20.5
92,baseline,Nurse_10,3,17.5
92,baseline,Nurse_11,6,26.0
92,baseline,Nurse_12,5,20.5
92,baseline,Nurse_13,5,16.5
92,baseline,Nurse_14,1,7.5
92,baseline,Nurse_15,3,15.5
92,baseline,Nurse_16,3,18.0
92,baseline,Nurse_17,2,6.0
92,baseline,Nurse_18,2,16.5
92,baseline,Nurse_19,4,18.0
92,baseline,Nurse_20,2,12.0
92,baseline,Nurse_21,2,12.5
92,baseline,Nurse_22,0,5.5
92,baseline,Nurse_23,2,12.0
92,baseline,Nurse_24,4,18.5
92,baseline,Nurse_25,2,13.0
92,baseline,Nurse_26,5,22.0
92,baseline,Nurse_27,0,6.0
92,baseline,Nurse_28,3,14.5
92,baseline,Nurse_29,0,4.0
92,baseline,Nurse_30,1,16.5
92,baseline,Nurse_31,0,6.5
92,baseline,Nurse_32,2,9.0
92,baseline,Nurse_33,0,5.0
92,baseline,Nurse_34,3,14.5
92,baseline,Nurse_35,4,15.0
92,baseline,Nurse_36,4,19.5
92,baseline,Nurse_37,2,11.5
92,baseline,Nurse_38,1,12.0
92,baseline,Nurse_39,0,8.5
92,baseline,Nurse_40,5,19.5
92,baseline,Nurse_41,2,14.0
92,baseline,Nurse_42,1,14.5
92,baseline,Nurse_43,1,9.0
92,baseline,Nurse_44,3,16.5
92,baseline,Nurse_45,6,25.0
92,baseline,Nurse_46,7,30.0
92,baseline,Nurse_47,3,21.5
92,baseline,Nurse_48,5,18.5
92,baseline,Nurse_49,3,21.5
92,baseline,Nurse_50,3,17.0
92,baseline,Nurse_51,3,10.5
92,baseline,Nurse_52,2,11.0
92,baseline,Nurse_53,0,1.5
92,baseline,Nurse_54,3,15.5
92,baseline,Nurse_55,1,3.0
92,baseline,Nurse_56,4,18.5
92,baseline,Nurse_57,1,11.0
92,baseline,Nurse_58,3,10.5
92,baseline,Nurse_59,1,9.5
92,baseline,Nurse_60,0,11.5
92,baseline,Nurse_61,1,12.5
92,baseline,Nurse_62,2,9.0
92,baseline,Nurse_63,0,5.5
92,baseline,Nurse_64,2,13.5
92,baseline,Nurse_65,3,10.5
92,baseline,Nurse_66,1,8.0
92,baseline,Nurse_67,4,18.5
92,baseline,Nurse_68,4,18.5
92,baseline,Nurse_69,3,15.0
92,baseline,Nurse_70,4,24.0
92,strain,Nurse_01,1,5.5
92,strain,Nurse_02,3,9.0
92,strain,Nurse_03,3,13.5
92,strain,Nurse_04,1,11.0
92,strain,Nurse_05,4,18.5
92,strain,Nurse_06,0,6.5
92,strain,Nurse_07,2,14.5
92,strain,Nurse_08,3,22.0
92,strain,Nurse_09,2,20.0
92,strain,Nurse_10,2,13.5
92,strain,Nurse_11,4,24.5
92,strain,Nurse_12,4,17.5
92,strain,Nurse_13,3,12.0
92,strain,Nurse_14,1,11.5
92,strain,Nurse_15,3,17.0
92,strain,Nurse_16,1,14.5
92,strain,Nurse_17,2,7.5
92,strain,Nurse_18,2,11.0
92,strain,Nurse_19,2,14.5
92,strain,Nurse_20,1,12.0
92,strain,Nurse_21,1,13.5
92,strain,Nurse_22,0,5.5
92,strain,Nurse_23,2,12.5
92,strain,Nurse_24,3,15.0
92,strain,Nurse_25,2,13.0
92,strain,Nurse_26,1,14.0
92,strain,Nurse_27,0,7.5
92,strain,Nurse_28,2,10.0
92,strain,Nurse_29,0,5.0
92,strain,Nurse_30,1,14.5
92,strain,Nurse_31,0,8.0
92,strain,Nurse_32,2,9.0
92,strain,Nurse_33,0,8.5
92,strain,Nurse_34,1,11.5
92,strain,Nurse_35,3,13.5
92,strain,Nurse_36,2,14.5
92,strain,Nurse_37,1,7.0
92,strain,Nurse_38,1,13.0
92,strain,Nurse_39,0,7.0
92,strain,Nurse_40,3,16.0
92,strain,Nurse_41,2,16.5
92,strain,Nurse_42,0,13.0
92,strain,Nurse_43,0,8.0
92,strain,Nurse_44,2,16.5
92,strain,Nurse_45,3,17.0
92,strain,Nurse_46,3,22.0
92,strain,Nurse_47,2,16.5
92,strain,Nurse_48,3,14.5
92,strain,Nurse_49,3,22.5
92,strain,Nurse_50,3,18.5
92,strain,Nurse_51,3,12.0
92,strain,Nurse_52,2,11.0
92,strain,Nurse_53,0,0.0
92,strain,Nurse_54,1,10.5
92,strain,Nurse_55,1,3.0
92,strain,Nurse_56,2,11.5
92,strain,Nurse_57,0,8.0
92,strain,Nurse_58,2,9.0
92,strain,Nurse_59,1,12.0
92,strain,Nurse_60,0,11.0
92,strain,Nurse_61,0,10.5
92,strain,Nurse_62,2,6.0
92,strain,Nurse_63,0,8.0
92,strain,Nurse_64,2,12.5
92,strain,Nurse_65,2,10.5
92,strain,Nurse_66,1,12.0
92,strain,Nurse_67,2,15.5
92,strain,Nurse_68,3,15.5
92,strain,Nurse_69,2,14.0
92,strain,Nurse_70,2,16.0
93,baseline,Nurse_01,4,20.5
93,baseline,Nurse_02,2,10.0
93,baseline,Nurse_03,2,16.0
93,baseline,Nurse_04,4,23.0
93,baseline,Nurse_05,2,14.0
93,baseline,Nurse_06,4,15.0
93,baseline,Nurse_07,1,12.5
93,baseline,Nurse_08,1,3.0
93,baseline,Nurse_09,0,4.0
93,baseline,Nurse_10,5,19.5
93,baseline,Nurse_11,0,3.5
93,baseline,Nurse_12,1,11.0
93,baseline,Nurse_13,3,13.5
93,baseline,Nurse_14,3,19.0
93,baseline,Nurse_15,0,5.0
93,baseline,Nurse_16,1,11.5
93,baseline,Nurse_17,4,20.0
93,baseline,Nurse_18,3,19.5
93,baseline,Nurse_19,0,6.5
93,baseline,Nurse_20,1,10.5
93,baseline,Nurse_21,4,15.5
93,baseline,Nurse_22,4,22.5
93,baseline,Nurse_23,3,16.5
93,baseline,Nurse_24,0,10.5
93,baseline,Nurse_25,2,16.5
93,baseline,Nurse_26,3,18.5
93,baseline,Nurse_27,3,15.5
93,baseline,Nurse_28,4,25.0
93,baseline,Nurse_29,3,13.5
93,baseline,Nurse_30,7,28.5
93,baseline,Nurse_31,0,4.0
93,baseline,Nurse_32,4,12.0
93,baseline,Nurse_33,2,7.5
93,baseline,Nurse_34,4,17.0
93,baseline,Nurse_35,3,18.0
93,baseline,Nurse_36,4,15.0
93,baseline,Nurse_37,1,4.5
93,baseline,Nurse_38,3,17.0
93,baseline,Nurse_39,3,18.5
93,baseline,Nurse_40,1,13.5
93,baseline,Nurse_41,1,13.5
93,baseline,Nurse_42,0,0.0
93,baseline,Nurse_43,3,15.0
93,baseline,Nurse_44,4,23.0
93,baseline,Nurse_45,0,6.0
93,baseline,Nurse_46,1,11.5
93,baseline,Nurse_47,3,17.0
93,baseline,Nurse_48,2,7.5
93,baseline,Nurse_49,4,14.0
93,baseline,Nurse_50,5,18.0
93,baseline,Nurse_51,4,19.0
93,baseline,Nurse_52,5,18.0
93,baseline,Nurse_53,5,20.0
93,baseline,Nurse_54,2,11.5
93,baseline,Nurse_55,3,20.0
93,baseline,Nurse_56,3,16.0
93,baseline,Nurse_57,0,1.5
93,baseline,Nurse_58,3,18.5
93,baseline,Nurse_59,6,28.5
93,baseline,Nurse_60,0,7.5
93,baseline,Nurse_61,0,5.5
93,baseline,Nurse_62,4,22.0
93,baseline,Nurse_63,5,16.5
93,baseline,Nurse_64,2,16.0
93,baseline,Nurse_65,0,8.5
93,baseline,Nurse_66,2,14.5
93,baseline,Nurse_67,0,3.5
93,baseline,Nurse_68,3,14.0
93,baseline,Nurse_69,0,5.0
93,baseline,Nurse_70,5,19.5
93,strain,Nurse_01,3,16.5
93,strain,Nurse_02,2,12.5
93,strain,Nurse_03,1,15.5
93,strain,Nurse_04,2,17.5
93,strain,Nurse_05,2,15.5
93,strain,Nurse_06,2,7.5
93,strain,Nurse_07,0,11.0
93,strain,Nurse_08,1,3.0
93,strain,Nurse_09,0,6.5
93,strain,Nurse_10,3,14.5
93,strain,Nurse_11,0,5.0
93,strain,Nurse_12,0,10.5
93,strain,Nurse_13,1,8.0
93,strain,Nurse_14,2,16.0
93,strain,Nurse_15,0,5.0
93,strain,Nurse_16,0,8.0
93,strain,Nurse_17,2,12.0
93,strain,Nurse_18,3,18.0
93,strain,Nurse_19,0,6.5
93,strain,Nurse_20,1,10.5
93,strain,Nurse_21,3,15.0
93,strain,Nurse_22,1,15.0
93,strain,Nurse_23,2,16.0
93,strain,Nurse_24,0,8.0
93,strain,Nurse_25,2,16.5
93,strain,Nurse_26,3,18.5
93,strain,Nurse_27,1,13.5
93,strain,Nurse_28,3,18.5
93,strain,Nurse_29,2,12.0
93,strain,Nurse_30,1,15.5
93,strain,Nurse_31,0,4.0
93,strain,Nurse_32,1,7.5
93,strain,Nurse_33,2,10.5
93,strain,Nurse_34,2,10.5
93,strain,Nurse_35,3,18.0
93,strain,Nurse_36,4,15.0
93,strain,Nurse_37,0,7.5
93,strain,Nurse_38,3,18.5
93,strain,Nurse_39,1,18.0
93,strain,Nurse_40,1,11.5
93,strain,Nurse_41,1,13.0
93,strain,Nurse_42,0,3.0
93,strain,Nurse_43,1,7.0
93,strain,Nurse_44,3,17.0
93,strain,Nurse_45,0,9.0
93,strain,Nurse_46,0,12.5
93,strain,Nurse_47,2,13.0
93,strain,Nurse_48,2,9.0
93,strain,Nurse_49,2,12.5
93,strain,Nurse_50,3,10.5
93,strain,Nurse_51,3,16.5
93,strain,Nurse_52,3,14.5
93,strain,Nurse_53,3,16.0
93,strain,Nurse_54,2,12.5
93,strain,Nurse_55,1,15.0
93,strain,Nurse_56,2,17.5
93,strain,Nurse_57,0,3.0
93,strain,Nurse_58,1,14.0
93,strain,Nurse_59,3,20.5
93,strain,Nurse_60,0,10.0
93,strain,Nurse_61,0,7.0
93,strain,Nurse_62,2,15.0
93,strain,Nurse_63,5,15.0
93,strain,Nurse_64,1,14.0
93,strain,Nurse_65,0,10.0
93,strain,Nurse_66,1,12.0
93,strain,Nurse_67,0,3.5
93,strain,Nurse_68,3,14.5
93,strain,Nurse_69,0,6.5
93,strain,Nurse_70,3,19.0
94,baseline,Nurse_01,4,20.5
94,baseline,Nurse_02,0,9.0
94,baseline,Nurse_03,2,16.5
94,baseline,Nurse_04,5,19.0
94,baseline,Nurse_05,2,14.5
94,baseline,Nurse_06,3,14.0
94,baseline,Nurse_07,5,21.5
94,baseline,Nurse_08,0,9.0
94,baseline,Nurse_09,4,12.0
94,baseline,Nurse_10,0,9.0
94,baseline,Nurse_11,0,1.0
94,baseline,Nurse_12,0,2.0
94,baseline,Nurse_13,0,0.0
94,baseline,Nurse_14,3,19.5
94,baseline,Nurse_15,0,9.5
94,baseline,Nurse_16,2,12.0
94,baseline,Nurse_17,1,11.0
94,baseline,Nurse_18,2,17.0
94,baseline,Nurse_19,4,22.5
94,baseline,Nurse_20,4,18.0
94,baseline,Nurse_21,2,18.0
94,baseline,Nurse_22,5,22.5
94,baseline,Nurse_23,0,6.0
94,baseline,Nurse_24,5,20.0
94,baseline,Nurse_25,3,12.0
94,baseline,Nurse_26,2,11.5
94,baseline,Nurse_27,0,1.5
94,baseline,Nurse_28,2,13.0
94,baseline,Nurse_29,4,18.5
94,baseline,Nurse_30,5,22.5
94,baseline,Nurse_31,0,8.5
94,baseline,Nurse_32,3,16.0
94,baseline,Nurse_33,1,9.0
94,baseline,Nurse_34,2,14.5
94,baseline,Nurse_35,0,2.0
94,baseline,Nurse_36,3,17.0
94,baseline,Nurse_37,0,7.0
94,baseline,Nurse_38,3,14.5
94,baseline,Nurse_39,3,14.0
94,baseline,Nurse_40,4,26.0
94,baseline,Nurse_41,4,21.0
94,baseline,Nurse_42,3,15.0
94,baseline,Nurse_43,5,22.0
94,baseline,Nurse_44,3,12.0
94,baseline,Nurse_45,1,12.5
94,baseline,Nurse_46,4,22.5
94,baseline,Nurse_47,4,23.0
94,baseline,Nurse_48,2,14.5
94,baseline,Nurse_49,4,21.0
94,baseline,Nurse_50,1,15.0
94,baseline,Nurse_51,2,7.5
94,baseline,Nurse_52,0,7.5
94,baseline,Nurse_53,5,23.0
94,baseline,Nurse_54,5,20.0
94,baseline,Nurse_55,3,18.5
94,baseline,Nurse_56,0,3.0
94,baseline,Nurse_57,3,9.0
94,baseline,Nurse_58,4,21.0
94,baseline,Nurse_59,2,11.5
94,baseline,Nurse_60,0,4.5
94,baseline,Nurse_61,5,20.0
94,baseline,Nurse_62,5,18.0
94,baseline,Nurse_63,0,7.0
94,baseline,Nurse_64,6,28.5
94,baseline,Nurse_65,0,6.0
94,baseline,Nurse_66,3,9.0
94,baseline,Nurse_67,1,6.0
94,baseline,Nurse_68,3,12.5
94,baseline,Nurse_69,1,7.5
94,baseline,Nurse_70,0,12.0
94,strain,Nurse_01,1,16.5
94,strain,Nurse_02,0,11.5
94,strain,Nurse_03,1,15.0
94,strain,Nurse_04,2,11.5
94,strain,Nurse_05,1,11.5
94,strain,Nurse_06,3,15.5
94,strain,Nurse_07,3,16.0
94,strain,Nurse_08,0,10.5
94,strain,Nurse_09,3,10.5
94,strain,Nurse_10,0,10.0
94,strain,Nurse_11,0,1.0
94,strain,Nurse_12,0,4.5
94,strain,Nurse_13,0,6.0
94,strain,Nurse_14,2,17.0
94,strain,Nurse_15,0,11.0
94,strain,Nurse_16,2,13.5
94,strain,Nurse_17,1,12.5
94,strain,Nurse_18,2,14.0
94,strain,Nurse_19,3,18.5
94,strain,Nurse_20,1,14.0
94,strain,Nurse_21,1,14.0
94,strain,Nurse_22,2,16.5
94,strain,Nurse_23,0,10.0
94,strain,Nurse_24,4,18.5
94,strain,Nurse_25,3,10.5
94,strain,Nurse_26,2,11.5
94,strain,Nurse_27,0,3.0
94,strain,Nurse_28,2,13.0
94,strain,Nurse_29,1,11.5
94,strain,Nurse_30,3,19.0
94,strain,Nurse_31,0,6.0
94,strain,Nurse_32,1,8.5
94,strain,Nurse_33,1,9.0
94,strain,Nurse_34,1,11.5
94,strain,Nurse_35,0,5.0
94,strain,Nurse_36,2,15.5
94,strain,Nurse_37,0,7.0
94,strain,Nurse_38,3,14.5
94,strain,Nurse_39,2,12.5
94,strain,Nurse_40,3,23.5
94,strain,Nurse_41,4,21.0
94,strain,Nurse_42,3,15.0
94,strain,Nurse_43,3,18.5
94,strain,Nurse_44,3,14.5
94,strain,Nurse_45,1,11.5
94,strain,Nurse_46,1,15.5
94,strain,Nurse_47,3,20.5
94,strain,Nurse_48,1,14.0
94,strain,Nurse_49,3,19.5
94,strain,Nurse_50,1,13.5
94,strain,Nurse_51,2,7.5
94,strain,Nurse_52,0,8.5
94,strain,Nurse_53,3,19.5
94,strain,Nurse_54,4,18.5
94,strain,Nurse_55,1,16.0
94,strain,Nurse_56,0,4.5
94,strain,Nurse_57,3,10.5
94,strain,Nurse_58,3,15.5
94,strain,Nurse_59,2,9.0
94,strain,Nurse_60,0,4.5
94,strain,Nurse_61,4,17.5
94,strain,Nurse_62,3,14.0
94,strain,Nurse_63,0,8.5
94,strain,Nurse_64,2,22.0
94,strain,Nurse_65,0,6.0
94,strain,Nurse_66,3,10.5
94,strain,Nurse_67,1,4.5
94,strain,Nurse_68,2,11.0
94,strain,Nurse_69,1,7.5
94,strain,Nurse_70,0,12.0
95,baseline,Nurse_01,6,24.0
95,baseline,Nurse_02,1,11.5
95,baseline,Nurse_03,3,17.5
95,baseline,Nurse_04,4,15.0
95,baseline,Nurse_05,5,19.0
95,baseline,Nurse_06,3,10.5
95,baseline,Nurse_07,4,17.5
95,baseline,Nurse_08,2,13.5
95,baseline,Nurse_09,1,10.5
95,baseline,Nurse_10,2,13.5
95,baseline,Nurse_11,5,22.5
95,baseline,Nurse_12,3,16.5
95,baseline,Nurse_13,0,10.5
95,baseline,Nurse_14,4,21.0
95,baseline,Nurse_15,3,15.5
95,baseline,Nurse_16,3,15.0
95,baseline,Nurse_17,6,26.0
95,baseline,Nurse_18,4,20.5
95,baseline,Nurse_19,2,7.5
95,baseline,Nurse_20,0,1.5
95,baseline,Nurse_21,4,15.0
95,baseline,Nurse_22,4,12.0
95,baseline,Nurse_23,0,7.0
95,baseline,Nurse_24,1,15.0
95,baseline,Nurse_25,5,15.0
95,baseline,Nurse_26,0,6.5
95,baseline,Nurse_27,2,11.5
95,baseline,Nurse_28,3,19.0
95,baseline,Nurse_29,1,3.0
95,baseline,Nurse_30,4,24.0
95,baseline,Nurse_31,5,21.5
95,baseline,Nurse_32,3,17.0
95,baseline,Nurse_33,4,16.5
95,baseline,Nurse_34,1,6.5
95,baseline,Nurse_35,3,19.0
95,baseline,Nurse_36,2,13.0
95,baseline,Nurse_37,3,14.0
95,baseline,Nurse_38,4,18.5
95,baseline,Nurse_39,0,4.0
95,baseline,Nurse_40,5,23.0
95,baseline,Nurse_41,0,5.5
95,baseline,Nurse_42,1,7.5
95,baseline,Nurse_43,2,14.0
95,baseline,Nurse_44,0,11.0
95,baseline,Nurse_45,4,18.0
95,baseline,Nurse_46,1,12.5
95,baseline,Nurse_47,3,15.5
95,baseline,Nurse_48,4,21.0
95,baseline,Nurse_49,2,14.0
95,baseline,Nurse_50,2,17.0
95,baseline,Nurse_51,4,19.5
95,baseline,Nurse_52,3,13.5
95,baseline,Nurse_53,1,10.5
95,baseline,Nurse_54,0,0.0
95,baseline,Nurse_55,2,19.5
95,baseline,Nurse_56,5,18.0
95,baseline,Nurse_57,0,4.0
95,baseline,Nurse_58,6,21.0
95,baseline,Nurse_59,1,12.0
95,baseline,Nurse_60,3,21.5
95,baseline,Nurse_61,2,14.0
95,baseline,Nurse_62,0,7.0
95,baseline,Nurse_63,2,13.0
95,baseline,Nurse_64,1,11.0
95,baseline,Nurse_65,1,10.5
95,baseline,Nurse_66,1,4.5
95,baseline,Nurse_67,1,6.0
95,baseline,Nurse_68,2,11.5
95,baseline,Nurse_69,6,24.0
95,baseline,Nurse_70,4,21.0
95,strain,Nurse_01,2,15.5
95,strain,Nurse_02,0,10.0
95,strain,Nurse_03,3,19.0
95,strain,Nurse_04,2,12.0
95,strain,Nurse_05,4,16.5
95,strain,Nurse_06,3,12.0
95,strain,Nurse_07,2,14.0
95,strain,Nurse_08,1,12.0
95,strain,Nurse_09,0,10.0
95,strain,Nurse_10,1,14.5
95,strain,Nurse_11,3,18.5
95,strain,Nurse_12,2,15.0
95,strain,Nurse_13,0,12.0
95,strain,Nurse_14,1,15.0
95,strain,Nurse_15,1,11.0
95,strain,Nurse_16,3,18.0
95,strain,Nurse_17,2,14.5
95,strain,Nurse_18,2,19.5
95,strain,Nurse_19,1,6.0
95,strain,Nurse_20,0,1.5
95,strain,Nurse_21,3,10.5
95,strain,Nurse_22,4,12.0
95,strain,Nurse_23,0,8.5
95,strain,Nurse_24,1,11.0
95,strain,Nurse_25,5,16.5
95,strain,Nurse_26,0,10.5
95,strain,Nurse_27,1,10.0
95,strain,Nurse_28,2,13.0
95,strain,Nurse_29,1,4.5
95,strain,Nurse_30,2,14.0
95,strain,Nurse_31,3,14.5
95,strain,Nurse_32,3,16.5
95,strain,Nurse_33,1,10.5
95,strain,Nurse_34,1,8.0
95,strain,Nurse_35,2,14.0
95,strain,Nurse_36,2,11.5
95,strain,Nurse_37,2,13.5
95,strain,Nurse_38,3,17.0
95,strain,Nurse_39,0,4.0
95,strain,Nurse_40,3,17.5
95,strain,Nurse_41,0,8.0
95,strain,Nurse_42,1,9.0
95,strain,Nurse_43,2,13.0
95,strain,Nurse_44,0,12.0
95,strain,Nurse_45,2,15.0
95,strain,Nurse_46,1,12.5
95,strain,Nurse_47,1,11.5
95,strain,Nurse_48,2,17.0
95,strain,Nurse_49,2,11.0
95,strain,Nurse_50,1,12.5
95,strain,Nurse_51,4,20.5
95,strain,Nurse_52,2,12.0
95,strain,Nurse_53,1,13.5
95,strain,Nurse_54,0,1.5
95,strain,Nurse_55,2,19.5
95,strain,Nurse_56,3,13.5
95,strain,Nurse_57,0,4.0
95,strain,Nurse_58,4,16.5
95,strain,Nurse_59,1,13.5
95,strain,Nurse_60,1,12.0
95,strain,Nurse_61,1,9.5
95,strain,Nurse_62,0,8.5
95,strain,Nurse_63,2,13.0
95,strain,Nurse_64,1,11.5
95,strain,Nurse_65,0,11.0
95,strain,Nurse_66,1,4.5
95,strain,Nurse_67,0,7.0
95,strain,Nurse_68,1,12.5
95,strain,Nurse_69,4,21.0
95,strain,Nurse_70,1,17.0
96,baseline,Nurse_01,2,12.5
96,baseline,Nurse_02,3,9.0
96,baseline,Nurse_03,2,17.5
96,baseline,Nurse_04,2,11.5
96,baseline,Nurse_05,3,15.5
96,baseline,Nurse_06,3,20.0
96,baseline,Nurse_07,6,27.5
96,baseline,Nurse_08,0,7.5
96,baseline,Nurse_09,1,9.5
96,baseline,Nurse_10,3,18.0
96,baseline,Nurse_11,0,6.0
96,baseline,Nurse_12,4,18.0
96,baseline,Nurse_13,1,9.0
96,baseline,Nurse_14,4,16.0
96,baseline,Nurse_15,0,2.0
96,baseline,Nurse_16,0,4.0
96,baseline,Nurse_17,3,14.5
96,baseline,Nurse_18,4,19.5
96,baseline,Nurse_19,2,7.5
96,baseline,Nurse_20,1,7.5
96,baseline,Nurse_21,3,19.5
96,baseline,Nurse_22,6,25.5
96,baseline,Nurse_23,4,17.5
96,baseline,Nurse_24,1,14.5
96,baseline,Nurse_25,4,18.5
96,baseline,Nurse_26,1,6.5
96,baseline,Nurse_27,2,12.0
96,baseline,Nurse_28,4,16.0
96,baseline,Nurse_29,1,7.0
96,baseline,Nurse_30,0,2.0
96,baseline,Nurse_31,4,19.5
96,baseline,Nurse_32,4,19.0
96,baseline,Nurse_33,4,21.0
96,baseline,Nurse_34,0,6.5
96,baseline,Nurse_35,4,24.5
96,baseline,Nurse_36,1,7.0
96,baseline,Nurse_37,4,21.5
96,baseline,Nurse_38,3,16.0
96,baseline,Nurse_39,0,7.0
96,baseline,Nurse_40,1,9.0
96,baseline,Nurse_41,4,17.0
96,baseline,Nurse_42,2,13.5
96,baseline,Nurse_43,0,5.0
96,baseline,Nurse_44,2,9.0
96,baseline,Nurse_45,5,27.0
96,baseline,Nurse_46,2,7.5
96,baseline,Nurse_47,0,11.0
96,baseline,Nurse_48,5,24.5
96,baseline,Nurse_49,1,4.5
96,baseline,Nurse_50,2,12.5
96,baseline,Nurse_51,2,15.5
96,baseline,Nurse_52,2,11.0
96,baseline,Nurse_53,1,11.5
96,baseline,Nurse_54,4,15.0
96,baseline,Nurse_55,3,18.5
96,baseline,Nurse_56,5,28.0
96,baseline,Nurse_57,3,14.5
96,baseline,Nurse_58,4,15.0
96,baseline,Nurse_59,2,9.0
96,baseline,Nurse_60,1,7.0
96,baseline,Nurse_61,1,16.0
96,baseline,Nurse_62,2,9.0
96,baseline,Nurse_63,1,4.5
96,baseline,Nurse_64,3,14.0
96,baseline,Nurse_65,4,25.5
96,baseline,Nurse_66,2,16.0
96,baseline,Nurse_67,3,14.5
96,baseline,Nurse_68,3,15.5
96,baseline,Nurse_69,0,7.5
96,baseline,Nurse_70,1,9.5
96,strain,Nurse_01,2,13.5
96,strain,Nurse_02,3,10.5
96,strain,Nurse_03,2,13.5
96,strain,Nurse_04,2,12.5
96,strain,Nurse_05,3,15.5
96,strain,Nurse_06,3,17.5
96,strain,Nurse_07,1,17.0
96,strain,Nurse_08,0,9.0
96,strain,Nurse_09,0,9.5
96,strain,Nurse_10,2,16.0
96,strain,Nurse_11,0,8.0
96,strain,Nurse_12,3,12.5
96,strain,Nurse_13,0,8.0
96,strain,Nurse_14,3,17.0
96,strain,Nurse_15,0,5.5
96,strain,Nurse_16,0,5.0
96,strain,Nurse_17,1,11.5
96,strain,Nurse_18,2,15.0
96,strain,Nurse_19,2,7.5
96,strain,Nurse_20,0,5.5
96,strain,Nurse_21,2,18.0
96,strain,Nurse_22,1,14.0
96,strain,Nurse_23,1,15.0
96,strain,Nurse_24,1,14.5
96,strain,Nurse_25,4,16.0
96,strain,Nurse_26,0,6.5
96,strain,Nurse_27,2,12.0
96,strain,Nurse_28,3,14.5
96,strain,Nurse_29,0,9.5
96,strain,Nurse_30,0,3.5
96,strain,Nurse_31,2,17.0
96,strain,Nurse_32,2,16.0
96,strain,Nurse_33,2,18.0
96,strain,Nurse_34,0,7.0
96,strain,Nurse_35,2,18.0
96,strain,Nurse_36,1,8.5
96,strain,Nurse_37,3,18.5
96,strain,Nurse_38,2,14.0
96,strain,Nurse_39,0,11.0
96,strain,Nurse_40,1,13.0
96,strain,Nurse_41,4,17.0
96,strain,Nurse_42,1,11.5
96,strain,Nurse_43,0,6.0
96,strain,Nurse_44,2,9.0
96,strain,Nurse_45,3,20.0
96,strain,Nurse_46,2,7.5
96,strain,Nurse_47,0,7.0
96,strain,Nurse_48,2,18.0
96,strain,Nurse_49,1,4.5
96,strain,Nurse_50,0,10.5
96,strain,Nurse_51,1,10.0
96,strain,Nurse_52,1,8.0
96,strain,Nurse_53,0,7.5
96,strain,Nurse_54,2,9.0
96,strain,Nurse_55,2,14.0
96,strain,Nurse_56,4,21.0
96,strain,Nurse_57,1,11.0
96,strain,Nurse_58,4,16.5
96,strain,Nurse_59,2,10.5
96,strain,Nurse_60,0,6.0
96,strain,Nurse_61,0,10.5
96,strain,Nurse_62,2,9.0
96,strain,Nurse_63,1,7.5
96,strain,Nurse_64,2,11.0
96,strain,Nurse_65,1,16.5
96,strain,Nurse_66,2,15.5
96,strain,Nurse_67,2,11.5
96,strain,Nurse_68,2,16.0
96,strain,Nurse_69,0,8.5
96,strain,Nurse_70,1,12.0
97,baseline,Nurse_01,4,12.0
97,baseline,Nurse_02,3,19.0
97,baseline,Nurse_03,2,10.5
97,baseline,Nurse_04,3,17.5
97,baseline,Nurse_05,5,20.0
97,baseline,Nurse_06,2,14.0
97,baseline,Nurse_07,4,18.0
97,baseline,Nurse_08,4,18.0
97,baseline,Nurse_09,2,12.0
97,baseline,Nurse_10,4,22.0
97,baseline,Nurse_11,0,8.0
97,baseline,Nurse_12,4,18.0
97,baseline,Nurse_13,6,20.0
97,baseline,Nurse_14,3,17.0
97,baseline,Nurse_15,0,8.5
97,baseline,Nurse_16,0,0.0
97,baseline,Nurse_17,5,24.0
97,baseline,Nurse_18,3,11.5
97,baseline,Nurse_19,2,15.0
97,baseline,Nurse_20,4,22.0
97,baseline,Nurse_21,4,20.0
97,baseline,Nurse_22,2,13.5
97,baseline,Nurse_23,5,22.5
97,baseline,Nurse_24,5,25.0
97,baseline,Nurse_25,2,6.0
97,baseline,Nurse_26,0,7.5
97,baseline,Nurse_27,0,3.0
97,baseline,Nurse_28,2,11.0
97,baseline,Nurse_29,3,13.5
97,baseline,Nurse_30,3,10.5
97,baseline,Nurse_31,0,9.5
97,baseline,Nurse_32,3,13.0
97,baseline,Nurse_33,3,16.5
97,baseline,Nurse_34,3,16.5
97,baseline,Nurse_35,0,10.0
97,baseline,Nurse_36,6,22.0
97,baseline,Nurse_37,3,17.5
97,baseline,Nurse_38,3,20.0
97,baseline,Nurse_39,1,7.0
97,baseline,Nurse_40,1,11.0
97,baseline,Nurse_41,3,15.5
97,baseline,Nurse_42,2,10.5
97,baseline,Nurse_43,1,14.0
97,baseline,Nurse_44,2,10.5
97,baseline,Nurse_45,1,9.5
97,baseline,Nurse_46,6,21.0
97,baseline,Nurse_47,4,20.0
97,baseline,Nurse_48,2,9.0
97,baseline,Nurse_49,4,25.5
97,baseline,Nurse_50,3,18.0
97,baseline,Nurse_51,4,12.0
97,baseline,Nurse_52,2,16.0
97,baseline,Nurse_53,5,21.0
97,baseline,Nurse_54,4,12.0
97,baseline,Nurse_55,1,12.5
97,baseline,Nurse_56,1,4.5
97,baseline,Nurse_57,2,16.5
97,baseline,Nurse_58,2,11.5
97,baseline,Nurse_59,5,23.5
97,baseline,Nurse_60,1,14.0
97,baseline,Nurse_61,4,20.0
97,baseline,Nurse_62,3,10.5
97,baseline,Nurse_63,2,7.5
97,baseline,Nurse_64,3,14.5
97,baseline,Nurse_65,0,6.5
97,baseline,Nurse_66,2,14.0
97,baseline,Nurse_67,1,11.5
97,baseline,Nurse_68,0,14.5
97,baseline,Nurse_69,2,11.0
97,baseline,Nurse_70,5,20.0
97,strain,Nurse_01,3,12.0
97,strain,Nurse_02,2,11.0
97,strain,Nurse_03,2,12.0
97,strain,Nurse_04,1,10.5
97,strain,Nurse_05,4,17.0
97,strain,Nurse_06,1,15.5
97,strain,Nurse_07,2,14.5
97,strain,Nurse_08,2,15.0
97,strain,Nurse_09,1,10.5
97,strain,Nurse_10,1,15.5
97,strain,Nurse_11,0,13.0
97,strain,Nurse_12,3,14.0
97,strain,Nurse_13,4,15.5
97,strain,Nurse_14,1,12.0
97,strain,Nurse_15,0,8.5
97,strain,Nurse_16,0,0.0
97,strain,Nurse_17,4,21.5
97,strain,Nurse_18,2,10.0
97,strain,Nurse_19,1,14.5
97,strain,Nurse_20,0,14.5
97,strain,Nurse_21,1,11.0
97,strain,Nurse_22,1,13.0
97,strain,Nurse_23,2,17.5
97,strain,Nurse_24,3,21.5
97,strain,Nurse_25,2,10.5
97,strain,Nurse_26,0,8.5
97,strain,Nurse_27,0,4.5
97,strain,Nurse_28,1,10.0
97,strain,Nurse_29,2,8.0
97,strain,Nurse_30,2,12.0
97,strain,Nurse_31,0,12.0
97,strain,Nurse_32,3,13.0
97,strain,Nurse_33,3,17.0
97,strain,Nurse_34,3,15.0
97,strain,Nurse_35,0,11.0
97,strain,Nurse_36,6,22.0
97,strain,Nurse_37,1,14.0
97,strain,Nurse_38,1,19.0
97,strain,Nurse_39,1,7.0
97,strain,Nurse_40,0,10.5
97,strain,Nurse_41,2,13.0
97,strain,Nurse_42,2,13.0
97,strain,Nurse_43,0,8.5
97,strain,Nurse_44,2,11.5
97,strain,Nurse_45,1,7.0
97,strain,Nurse_46,3,16.0
97,strain,Nurse_47,2,14.0
97,strain,Nurse_48,2,10.5
97,strain,Nurse_49,3,19.0
97,strain,Nurse_50,2,14.0
97,strain,Nurse_51,4,13.5
97,strain,Nurse_52,0,10.5
97,strain,Nurse_53,3,17.5
97,strain,Nurse_54,4,13.5
97,strain,Nurse_55,0,6.5
97,strain,Nurse_56,1,3.0
97,strain,Nurse_57,1,11.0
97,strain,Nurse_58,0,8.5
97,strain,Nurse_59,2,19.0
97,strain,Nurse_60,0,11.5
97,strain,Nurse_61,1,12.5
97,strain,Nurse_62,3,12.0
97,strain,Nurse_63,1,6.0
97,strain,Nurse_64,0,9.5
97,strain,Nurse_65,0,10.5
97,strain,Nurse_66,1,13.5
97,strain,Nurse_67,1,10.5
97,strain,Nurse_68,0,13.0
97,strain,Nurse_69,2,11.0
97,strain,Nurse_70,4,16.5
98,baseline,Nurse_01,0,1.5
98,baseline,Nurse_02,1,11.5
98,baseline,Nurse_03,4,23.0
98,baseline,Nurse_04,3,16.0
98,baseline,Nurse_05,2,15.0
98,baseline,Nurse_06,5,22.5
98,baseline,Nurse_07,3,13.5
98,baseline,Nurse_08,2,16.5
98,baseline,Nurse_09,5,20.0
98,baseline,Nurse_10,0,5.0
98,baseline,Nurse_11,5,21.5
98,baseline,Nurse_12,2,11.0
98,baseline,Nurse_13,2,6.0
98,baseline,Nurse_14,3,15.5
98,baseline,Nurse_15,5,20.5
98,baseline,Nurse_16,2,7.5
98,baseline,Nurse_17,0,7.0
98,baseline,Nurse_18,5,20.0
98,baseline,Nurse_19,4,16.0
98,baseline,Nurse_20,5,23.0
98,baseline,Nurse_21,3,18.5
98,baseline,Nurse_22,5,26.0
98,baseline,Nurse_23,1,8.5
98,baseline,Nurse_24,0,10.0
98,baseline,Nurse_25,0,4.0
98,baseline,Nurse_26,3,16.5
98,baseline,Nurse_27,3,16.5
98,baseline,Nurse_28,2,17.0
98,baseline,Nurse_29,0,6.5
98,baseline,Nurse_30,1,11.5
98,baseline,Nurse_31,6,24.0
98,baseline,Nurse_32,1,9.0
98,baseline,Nurse_33,1,11.0
98,baseline,Nurse_34,5,21.0
98,baseline,Nurse_35,2,14.0
98,baseline,Nurse_36,4,17.0
98,baseline,Nurse_37,6,25.0
98,baseline,Nurse_38,3,19.5
98,baseline,Nurse_39,0,12.0
98,baseline,Nurse_40,3,18.0
98,baseline,Nurse_41,1,9.5
98,baseline,Nurse_42,3,17.5
98,baseline,Nurse_43,1,8.5
98,baseline,Nurse_44,2,6.0
98,baseline,Nurse_45,2,12.0
98,baseline,Nurse_46,2,12.0
98,baseline,Nurse_47,2,9.0
98,baseline,Nurse_48,0,0.0
98,baseline,Nurse_49,5,22.0
98,baseline,Nurse_50,5,25.5
98,baseline,Nurse_51,0,11.5
98,baseline,Nurse_52,1,7.5
98,baseline,Nurse_53,1,6.0
98,baseline,Nurse_54,6,22.5
98,baseline,Nurse_55,0,10.0
98,baseline,Nurse_56,2,13.5
98,baseline,Nurse_57,2,9.0
98,baseline,Nurse_58,4,19.0
98,baseline,Nurse_59,3,12.5
98,baseline,Nurse_60,0,6.5
98,baseline,Nurse_61,2,17.0
98,baseline,Nurse_62,1,18.5
98,baseline,Nurse_63,6,22.0
98,baseline,Nurse_64,5,19.5
98,baseline,Nurse_65,2,15.0
98,baseline,Nurse_66,4,20.5
98,baseline,Nurse_67,4,17.5
98,baseline,Nurse_68,5,15.0
98,baseline,Nurse_69,5,21.0
98,baseline,Nurse_70,1,10.0
98,strain,Nurse_01,0,6.0
98,strain,Nurse_02,1,9.0
98,strain,Nurse_03,1,12.5
98,strain,Nurse_04,3,14.5
98,strain,Nurse_05,1,11.5
98,strain,Nurse_06,4,20.0
98,strain,Nurse_07,2,13.0
98,strain,Nurse_08,2,13.0
98,strain,Nurse_09,3,18.0
98,strain,Nurse_10,0,11.5
98,strain,Nurse_11,3,17.0
98,strain,Nurse_12,2,14.0
98,strain,Nurse_13,2,9.0
98,strain,Nurse_14,3,14.0
98,strain,Nurse_15,3,14.5
98,strain,Nurse_16,2,10.5
98,strain,Nurse_17,0,12.0
98,strain,Nurse_18,2,15.5
98,strain,Nurse_19,3,16.0
98,strain,Nurse_20,2,19.0
98,strain,Nurse_21,2,16.0
98,strain,Nurse_22,1,14.0
98,strain,Nurse_23,1,6.0
98,strain,Nurse_24,0,7.5
98,strain,Nurse_25,1,10.5
98,strain,Nurse_26,2,11.5
98,strain,Nurse_27,1,12.0
98,strain,Nurse_28,0,10.0
98,strain,Nurse_29,0,8.0
98,strain,Nurse_30,0,9.0
98,strain,Nurse_31,4,23.0
98,strain,Nurse_32,1,9.0
98,strain,Nurse_33,0,9.5
98,strain,Nurse_34,2,19.0
98,strain,Nurse_35,2,13.0
98,strain,Nurse_36,3,14.0
98,strain,Nurse_37,2,18.0
98,strain,Nurse_38,3,16.5
98,strain,Nurse_39,0,13.0
98,strain,Nurse_40,1,12.5
98,strain,Nurse_41,1,12.0
98,strain,Nurse_42,2,13.0
98,strain,Nurse_43,0,6.5
98,strain,Nurse_44,2,7.5
98,strain,Nurse_45,1,7.5
98,strain,Nurse_46,2,11.0
98,strain,Nurse_47,2,9.0
98,strain,Nurse_48,0,1.5
98,strain,Nurse_49,5,19.5
98,strain,Nurse_50,2,17.0
98,strain,Nurse_51,0,6.5
98,strain,Nurse_52,1,6.0
98,strain,Nurse_53,1,10.5
98,strain,Nurse_54,5,19.5
98,strain,Nurse_55,0,9.0
98,strain,Nurse_56,0,10.0
98,strain,Nurse_57,1,12.0
98,strain,Nurse_58,3,20.5
98,strain,Nurse_59,3,14.0
98,strain,Nurse_60,0,8.0
98,strain,Nurse_61,1,15.5
98,strain,Nurse_62,0,15.0
98,strain,Nurse_63,5,19.0
98,strain,Nurse_64,3,13.5
98,strain,Nurse_65,1,11.0
98,strain,Nurse_66,2,16.0
98,strain,Nurse_67,4,16.0
98,strain,Nurse_68,5,15.0
98,strain,Nurse_69,3,18.0
98,strain,Nurse_70,1,10.0
99,baseline,Nurse_01,4,21.0
99,baseline,Nurse_02,2,11.0
99,baseline,Nurse_03,4,19.5
99,baseline,Nurse_04,1,6.0
99,baseline,Nurse_05,2,15.0
99,baseline,Nurse_06,4,24.5
99,baseline,Nurse_07,5,25.5
99,baseline,Nurse_08,4,15.0
99,baseline,Nurse_09,4,19.0
99,baseline,Nurse_10,4,18.0
99,baseline,Nurse_11,0,6.0
99,baseline,Nurse_12,1,6.0
99,baseline,Nurse_13,5,22.0
99,baseline,Nurse_14,0,14.0
99,baseline,Nurse_15,4,23.5
99,baseline,Nurse_16,3,13.5
99,baseline,Nurse_17,1,9.0
99,baseline,Nurse_18,4,12.0
99,baseline,Nurse_19,1,5.5
99,baseline,Nurse_20,2,10.0
99,baseline,Nurse_21,5,22.5
99,baseline,Nurse_22,2,10.5
99,baseline,Nurse_23,2,17.0
99,baseline,Nurse_24,0,5.0
99,baseline,Nurse_25,1,9.0
99,baseline,Nurse_26,4,17.5
99,baseline,Nurse_27,1,13.0
99,baseline,Nurse_28,3,17.0
99,baseline,Nurse_29,3,10.5
99,baseline,Nurse_30,5,23.5
99,baseline,Nurse_31,1,9.0
99,baseline,Nurse_32,4,20.0
99,baseline,Nurse_33,2,12.5
99,baseline,Nurse_34,5,23.5
99,baseline,Nurse_35,0,3.5
99,baseline,Nurse_36,2,14.0
99,baseline,Nurse_37,2,14.5
99,baseline,Nurse_38,1,9.0
99,baseline,Nurse_39,1,9.0
99,baseline,Nurse_40,3,18.5
99,baseline,Nurse_41,1,11.0
99,baseline,Nurse_42,3,14.5
99,baseline,Nurse_43,0,9.5
99,baseline,Nurse_44,1,11.0
99,baseline,Nurse_45,1,9.5
99,baseline,Nurse_46,3,13.0
99,baseline,Nurse_47,3,9.0
99,baseline,Nurse_48,1,13.5
99,baseline,Nurse_49,5,21.5
99,baseline,Nurse_50,3,15.0
99,baseline,Nurse_51,3,10.5
99,baseline,Nurse_52,2,6.0
99,baseline,Nurse_53,5,23.0
99,baseline,Nurse_54,1,16.0
99,baseline,Nurse_55,3,20.0
99,baseline,Nurse_56,5,19.0
99,baseline,Nurse_57,0,5.5
99,baseline,Nurse_58,0,10.5
99,baseline,Nurse_59,3,17.5
99,baseline,Nurse_60,1,13.5
99,baseline,Nurse_61,0,5.5
99,baseline,Nurse_62,0,6.5
99,baseline,Nurse_63,4,17.5
99,baseline,Nurse_64,5,15.0
99,baseline,Nurse_65,2,11.5
99,baseline,Nurse_66,2,6.0
99,baseline,Nurse_67,2,13.0
99,baseline,Nurse_68,5,20.0
99,baseline,Nurse_69,4,17.0
99,baseline,Nurse_70,3,9.0
99,strain,Nurse_01,3,19.5
99,strain,Nurse_02,1,6.5
99,strain,Nurse_03,3,15.0
99,strain,Nurse_04,1,6.0
99,strain,Nurse_05,2,14.0
99,strain,Nurse_06,3,20.5
99,strain,Nurse_07,1,21.0
99,strain,Nurse_08,2,11.5
99,strain,Nurse_09,3,19.0
99,strain,Nurse_10,4,18.0
99,strain,Nurse_11,0,8.5
99,strain,Nurse_12,1,7.5
99,strain,Nurse_13,1,14.0
99,strain,Nurse_14,0,12.5
99,strain,Nurse_15,3,21.0
99,strain,Nurse_16,2,10.5
99,strain,Nurse_17,1,10.5
99,strain,Nurse_18,4,12.0
99,strain,Nurse_19,0,6.5
99,strain,Nurse_20,2,10.0
99,strain,Nurse_21,3,17.0
99,strain,Nurse_22,2,10.5
99,strain,Nurse_23,1,12.5
99,strain,Nurse_24,0,6.5
99,strain,Nurse_25,1,9.0
99,strain,Nurse_26,3,16.0
99,strain,Nurse_27,1,14.5
99,strain,Nurse_28,2,14.5
99,strain,Nurse_29,1,7.5
99,strain,Nurse_30,2,17.5
99,strain,Nurse_31,0,10.0
99,strain,Nurse_32,4,20.0
99,strain,Nurse_33,2,12.0
99,strain,Nurse_34,2,14.0
99,strain,Nurse_35,1,10.5
99,strain,Nurse_36,2,9.0
99,strain,Nurse_37,0,6.5
99,strain,Nurse_38,1,7.5
99,strain,Nurse_39,1,10.5
99,strain,Nurse_40,3,14.0
99,strain,Nurse_41,1,12.5
99,strain,Nurse_42,2,14.0
99,strain,Nurse_43,0,11.0
99,strain,Nurse_44,1,9.5
99,strain,Nurse_45,0,6.5
99,strain,Nurse_46,3,13.0
99,strain,Nurse_47,3,9.0
99,strain,Nurse_48,0,11.0
99,strain,Nurse_49,2,16.5
99,strain,Nurse_50,1,14.5
99,strain,Nurse_51,3,9.0
99,strain,Nurse_52,1,7.5
99,strain,Nurse_53,3,16.0
99,strain,Nurse_54,1,12.0
99,strain,Nurse_55,2,18.5
99,strain,Nurse_56,3,17.0
99,strain,Nurse_57,0,8.5
99,strain,Nurse_58,0,10.5
99,strain,Nurse_59,2,15.5
99,strain,Nurse_60,1,13.5
99,strain,Nurse_61,0,5.5
99,strain,Nurse_62,0,5.5
99,strain,Nurse_63,3,14.5
99,strain,Nurse_64,4,13.5
99,strain,Nurse_65,2,11.5
99,strain,Nurse_66,2,9.0
99,strain,Nurse_67,2,13.0
99,strain,Nurse_68,3,17.0
99,strain,Nurse_69,4,17.0
99,strain,Nurse_70,3,10.5
100,baseline,Nurse_01,3,20.5
100,baseline,Nurse_02,6,22.5
100,baseline,Nurse_03,4,19.0
100,baseline,Nurse_04,4,19.0
100,baseline,Nurse_05,3,19.5
100,baseline,Nurse_06,1,6.0
100,baseline,Nurse_07,4,23.0
100,baseline,Nurse_08,1,4.5
100,baseline,Nurse_09,0,5.0
100,baseline,Nurse_10,1,5.5
100,baseline,Nurse_11,0,6.5
100,baseline,Nurse_12,3,16.5
100,baseline,Nurse_13,3,15.5
100,baseline,Nurse_14,6,22.5
100,baseline,Nurse_15,2,14.5
100,baseline,Nurse_16,3,17.0
100,baseline,Nurse_17,4,20.5
100,baseline,Nurse_18,2,15.5
100,baseline,Nurse_19,3,19.0
100,baseline,Nurse_20,4,20.0
100,baseline,Nurse_21,0,6.5
100,baseline,Nurse_22,1,6.0
100,baseline,Nurse_23,1,7.0
100,baseline,Nurse_24,3,17.0
100,baseline,Nurse_25,0,5.0
100,baseline,Nurse_26,2,7.5
100,baseline,Nurse_27,2,17.5
100,baseline,Nurse_28,2,15.0
100,baseline,Nurse_29,3,17.0
100,baseline,Nurse_30,4,17.5
100,baseline,Nurse_31,3,21.0
100,baseline,Nurse_32,5,20.0
100,baseline,Nurse_33,2,11.5
100,baseline,Nurse_34,3,15.0
100,baseline,Nurse_35,5,18.0
100,baseline,Nurse_36,2,13.5
100,baseline,Nurse_37,3,13.0
100,baseline,Nurse_38,2,7.5
100,baseline,Nurse_39,4,15.0
100,baseline,Nurse_40,6,18.0
100,baseline,Nurse_41,3,18.0
100,baseline,Nurse_42,2,12.5
100,baseline,Nurse_43,1,11.5
100,baseline,Nurse_44,0,8.5
100,baseline,Nurse_45,3,18.0
100,baseline,Nurse_46,1,11.0
100,baseline,Nurse_47,3,10.5
100,baseline,Nurse_48,2,7.5
100,baseline,Nurse_49,2,17.5
100,baseline,Nurse_50,1,9.5
100,baseline,Nurse_51,3,11.0
100,baseline,Nurse_52,7,28.0
100,baseline,Nurse_53,3,21.5
100,baseline,Nurse_54,5,21.0
100,baseline,Nurse_55,4,21.0
100,baseline,Nurse_56,1,12.5
100,baseline,Nurse_57,1,13.0
100,baseline,Nurse_58,6,27.5
100,baseline,Nurse_59,2,13.0
100,baseline,Nurse_60,4,12.0
100,baseline,Nurse_61,4,17.0
100,baseline,Nurse_62,3,15.5
100,baseline,Nurse_63,5,17.0
100,baseline,Nurse_64,4,12.0
100,baseline,Nurse_65,4,22.5
100,baseline,Nurse_66,5,22.5
100,baseline,Nurse_67,3,10.5
100,baseline,Nurse_68,4,19.0
100,baseline,Nurse_69,3,14.5
100,baseline,Nurse_70,2,13.0
100,strain,Nurse_01,0,14.0
100,strain,Nurse_02,3,17.0
100,strain,Nurse_03,2,14.0
100,strain,Nurse_04,3,15.0
100,strain,Nurse_05,2,14.0
100,strain,Nurse_06,1,6.0
100,strain,Nurse_07,1,16.5
100,strain,Nurse_08,1,10.5
100,strain,Nurse_09,0,5.0
100,strain,Nurse_10,1,4.0
100,strain,Nurse_11,0,8.5
100,strain,Nurse_12,2,16.5
100,strain,Nurse_13,1,10.0
100,strain,Nurse_14,2,14.0
100,strain,Nurse_15,1,12.0
100,strain,Nurse_16,1,12.5
100,strain,Nurse_17,2,17.5
100,strain,Nurse_18,2,13.0
100,strain,Nurse_19,2,16.0
100,strain,Nurse_20,3,17.0
100,strain,Nurse_21,0,8.0
100,strain,Nurse_22,1,9.0
100,strain,Nurse_23,1,8.5
100,strain,Nurse_24,3,17.0
100,strain,Nurse_25,0,6.5
100,strain,Nurse_26,1,9.0
100,strain,Nurse_27,1,14.5
100,strain,Nurse_28,2,16.0
100,strain,Nurse_29,3,17.0
100,strain,Nurse_30,3,13.0
100,strain,Nurse_31,1,17.0
100,strain,Nurse_32,3,14.0
100,strain,Nurse_33,2,14.0
100,strain,Nurse_34,1,13.0
100,strain,Nurse_35,3,12.0
100,strain,Nurse_36,1,11.0
100,strain,Nurse_37,3,16.0
100,strain,Nurse_38,2,6.0
100,strain,Nurse_39,3,15.0
100,strain,Nurse_40,3,15.0
100,strain,Nurse_41,2,16.0
100,strain,Nurse_42,1,13.0
100,strain,Nurse_43,1,9.0
100,strain,Nurse_44,0,10.5
100,strain,Nurse_45,3,18.5
100,strain,Nurse_46,0,10.0
100,strain,Nurse_47,3,10.5
100,strain,Nurse_48,2,9.0
100,strain,Nurse_49,1,14.0
100,strain,Nurse_50,0,7.5
100,strain,Nurse_51,3,11.0
100,strain,Nurse_52,1,16.0
100,strain,Nurse_53,1,13.0
100,strain,Nurse_54,4,15.5
100,strain,Nurse_55,3,16.5
100,strain,Nurse_56,1,12.5
100,strain,Nurse_57,1,14.0
100,strain,Nurse_58,3,22.5
100,strain,Nurse_59,2,13.0
100,strain,Nurse_60,3,9.0
100,strain,Nurse_61,2,16.5
100,strain,Nurse_62,2,12.5
100,strain,Nurse_63,5,17.0
100,strain,Nurse_64,4,12.0
100,strain,Nurse_65,3,19.0
100,strain,Nurse_66,2,17.0
100,strain,Nurse_67,3,10.5
100,strain,Nurse_68,3,17.5
100,strain,Nurse_69,1,11.0
100,strain,Nurse_70,0,9.5
101,baseline,Nurse_01,1,7.5
101,baseline,Nurse_02,5,18.0
101,baseline,Nurse_03,2,13.0
101,baseline,Nurse_04,2,20.5
101,baseline,Nurse_05,3,16.5
101,baseline,Nurse_06,0,4.5
101,baseline,Nurse_07,0,4.5
101,baseline,Nurse_08,3,10.5
101,baseline,Nurse_09,1,12.0
101,baseline,Nurse_10,4,20.5
101,baseline,Nurse_11,0,4.0
101,baseline,Nurse_12,0,10.5
101,baseline,Nurse_13,0,6.0
101,baseline,Nurse_14,5,26.5
101,baseline,Nurse_15,0,8.5
101,baseline,Nurse_16,2,16.0
101,baseline,Nurse_17,0,6.5
101,baseline,Nurse_18,6,25.5
101,baseline,Nurse_19,2,10.5
101,baseline,Nurse_20,2,9.0
101,baseline,Nurse_21,2,16.0
101,baseline,Nurse_22,3,15.5
101,baseline,Nurse_23,4,20.0
101,baseline,Nurse_24,5,23.5
101,baseline,Nurse_25,1,4.5
101,baseline,Nurse_26,2,13.0
101,baseline,Nurse_27,0,8.5
101,baseline,Nurse_28,2,10.0
101,baseline,Nurse_29,1,12.5
101,baseline,Nurse_30,0,10.0
101,baseline,Nurse_31,4,12.0
101,baseline,Nurse_32,3,15.0
101,baseline,Nurse_33,3,12.0
101,baseline,Nurse_34,1,8.0
101,baseline,Nurse_35,1,8.5
101,baseline,Nurse_36,5,20.0
101,baseline,Nurse_37,4,14.0
101,baseline,Nurse_38,0,4.0
101,baseline,Nurse_39,3,14.0
101,baseline,Nurse_40,2,15.0
101,baseline,Nurse_41,2,11.0
101,baseline,Nurse_42,6,23.0
101,baseline,Nurse_43,0,6.0
101,baseline,Nurse_44,5,24.5
101,baseline,Nurse_45,3,10.5
101,baseline,Nurse_46,0,3.0
101,baseline,Nurse_47,4,18.0
101,baseline,Nurse_48,0,10.5
101,baseline,Nurse_49,5,21.5
101,baseline,Nurse_50,1,7.5
101,baseline,Nurse_51,1,9.0
101,baseline,Nurse_52,0,9.5
101,baseline,Nurse_53,6,20.5
101,baseline,Nurse_54,4,12.0
101,baseline,Nurse_55,3,17.0
101,baseline,Nurse_56,1,11.5
101,baseline,Nurse_57,1,18.0
101,baseline,Nurse_58,1,8.0
101,baseline,Nurse_59,1,13.0
101,baseline,Nurse_60,4,18.5
101,baseline,Nurse_61,3,17.0
101,baseline,Nurse_62,1,7.0
101,baseline,Nurse_63,5,22.0
101,baseline,Nurse_64,4,18.5
101,baseline,Nurse_65,1,13.0
101,baseline,Nurse_66,3,13.0
101,baseline,Nurse_67,2,17.0
101,baseline,Nurse_68,1,4.5
101,baseline,Nurse_69,4,17.0
101,baseline,Nurse_70,4,17.5
101,strain,Nurse_01,1,9.0
101,strain,Nurse_02,2,14.0
101,strain,Nurse_03,2,15.0
101,strain,Nurse_04,2,15.5
101,strain,Nurse_05,1,10.0
101,strain,Nurse_06,0,4.5
101,strain,Nurse_07,0,5.0
101,strain,Nurse_08,2,6.0
101,strain,Nurse_09,0,13.0
101,strain,Nurse_10,3,16.5
101,strain,Nurse_11,0,5.0
101,strain,Nurse_12,0,9.0
101,strain,Nurse_13,0,6.0
101,strain,Nurse_14,3,19.0
101,strain,Nurse_15,0,8.5
101,strain,Nurse_16,1,7.5
101,strain,Nurse_17,0,8.0
101,strain,Nurse_18,4,16.5
101,strain,Nurse_19,1,9.0
101,strain,Nurse_20,1,7.5
101,strain,Nurse_21,0,10.5
101,strain,Nurse_22,1,12.0
101,strain,Nurse_23,2,18.0
101,strain,Nurse_24,2,16.0
101,strain,Nurse_25,0,3.0
101,strain,Nurse_26,1,15.0
101,strain,Nurse_27,0,11.0
101,strain,Nurse_28,2,10.0
101,strain,Nurse_29,0,14.0
101,strain,Nurse_30,0,10.0
101,strain,Nurse_31,3,10.5
101,strain,Nurse_32,3,15.5
101,strain,Nurse_33,2,10.5
101,strain,Nurse_34,1,9.0
101,strain,Nurse_35,1,8.5
101,strain,Nurse_36,1,11.5
101,strain,Nurse_37,3,13.5
101,strain,Nurse_38,0,7.0
101,strain,Nurse_39,1,13.5
101,strain,Nurse_40,0,11.5
101,strain,Nurse_41,1,12.0
101,strain,Nurse_42,4,19.0
101,strain,Nurse_43,0,11.0
101,strain,Nurse_44,4,20.5
101,strain,Nurse_45,2,10.5
101,strain,Nurse_46,0,0.0
101,strain,Nurse_47,2,16.0
101,strain,Nurse_48,0,12.0
101,strain,Nurse_49,3,16.0
101,strain,Nurse_50,1,7.5
101,strain,Nurse_51,1,11.5
101,strain,Nurse_52,0,14.0
101,strain,Nurse_53,3,13.0
101,strain,Nurse_54,2,9.0
101,strain,Nurse_55,2,16.0
101,strain,Nurse_56,1,9.0
101,strain,Nurse_57,0,11.5
101,strain,Nurse_58,0,9.0
101,strain,Nurse_59,0,10.0
101,strain,Nurse_60,2,11.5
101,strain,Nurse_61,1,10.0
101,strain,Nurse_62,1,8.5
101,strain,Nurse_63,3,18.5
101,strain,Nurse_64,3,17.0
101,strain,Nurse_65,0,11.0
101,strain,Nurse_66,3,13.0
101,strain,Nurse_67,0,12.0
101,strain,Nurse_68,1,7.5
101,strain,Nurse_69,3,15.5
101,strain,Nurse_70,1,11.0
102,baseline,Nurse_01,2,20.0
102,baseline,Nurse_02,2,11.5
102,baseline,Nurse_03,0,6.5
102,baseline,Nurse_04,4,17.5
102,baseline,Nurse_05,0,0.0
102,baseline,Nurse_06,5,22.0
102,baseline,Nurse_07,2,18.5
102,baseline,Nurse_08,1,9.0
102,baseline,Nurse_09,2,18.0
102,baseline,Nurse_10,4,19.5
102,baseline,Nurse_11,7,24.0
102,baseline,Nurse_12,5,19.0
102,baseline,Nurse_13,3,14.5
102,baseline,Nurse_14,2,14.5
102,baseline,Nurse_15,2,11.5
102,baseline,Nurse_16,0,4.0
102,baseline,Nurse_17,1,4.5
102,baseline,Nurse_18,1,4.5
102,baseline,Nurse_19,4,19.0
102,baseline,Nurse_20,0,6.5
102,baseline,Nurse_21,0,5.5
102,baseline,Nurse_22,3,20.0
102,baseline,Nurse_23,2,16.0
102,baseline,Nurse_24,3,10.5
102,baseline,Nurse_25,0,3.0
102,baseline,Nurse_26,2,12.0
102,baseline,Nurse_27,6,22.0
102,baseline,Nurse_28,4,22.5
102,baseline,Nurse_29,4,19.5
102,baseline,Nurse_30,3,15.5
102,baseline,Nurse_31,2,15.0
102,baseline,Nurse_32,1,13.5
102,baseline,Nurse_33,2,21.0
102,baseline,Nurse_34,5,24.0
102,baseline,Nurse_35,5,18.0
102,baseline,Nurse_36,5,21.0
102,baseline,Nurse_37,4,23.0
102,baseline,Nurse_38,2,7.5
102,baseline,Nurse_39,2,16.5
102,baseline,Nurse_40,2,12.5
102,baseline,Nurse_41,2,14.5
102,baseline,Nurse_42,4,19.5
102,baseline,Nurse_43,5,21.0
102,baseline,Nurse_44,5,20.5
102,baseline,Nurse_45,5,25.5
102,baseline,Nurse_46,1,3.0
102,baseline,Nurse_47,5,18.5
102,baseline,Nurse_48,0,6.5
102,baseline,Nurse_49,2,11.5
102,baseline,Nurse_50,2,14.0
102,baseline,Nurse_51,1,12.0
102,baseline,Nurse_52,4,17.0
102,baseline,Nurse_53,3,17.5
102,baseline,Nurse_54,0,4.5
102,baseline,Nurse_55,0,6.5
102,baseline,Nurse_56,0,3.5
102,baseline,Nurse_57,1,9.0
102,baseline,Nurse_58,0,5.5
102,baseline,Nurse_59,2,14.0
102,baseline,Nurse_60,3,15.5
102,baseline,Nurse_61,1,10.5
102,baseline,Nurse_62,2,14.5
102,baseline,Nurse_63,3,18.5
102,baseline,Nurse_64,3,15.0
102,baseline,Nurse_65,5,19.0
102,baseline,Nurse_66,3,13.0
102,baseline,Nurse_67,3,20.5
102,baseline,Nurse_68,4,15.0
102,baseline,Nurse_69,2,10.0
102,baseline,Nurse_70,3,17.5
102,strain,Nurse_01,1,13.5
102,strain,Nurse_02,2,12.5
102,strain,Nurse_03,0,8.0
102,strain,Nurse_04,4,18.0
102,strain,Nurse_05,0,3.0
102,strain,Nurse_06,3,19.5
102,strain,Nurse_07,2,15.0
102,strain,Nurse_08,1,8.5
102,strain,Nurse_09,1,15.0
102,strain,Nurse_10,3,15.5
102,strain,Nurse_11,2,17.5
102,strain,Nurse_12,3,14.5
102,strain,Nurse_13,2,13.0
102,strain,Nurse_14,2,14.5
102,strain,Nurse_15,2,10.0
102,strain,Nurse_16,0,3.0
102,strain,Nurse_17,1,7.5
102,strain,Nurse_18,1,4.5
102,strain,Nurse_19,3,18.0
102,strain,Nurse_20,0,9.5
102,strain,Nurse_21,0,6.5
102,strain,Nurse_22,1,15.0
102,strain,Nurse_23,1,14.0
102,strain,Nurse_24,3,10.5
102,strain,Nurse_25,0,3.0
102,strain,Nurse_26,2,12.0
102,strain,Nurse_27,2,17.0
102,strain,Nurse_28,2,13.5
102,strain,Nurse_29,0,16.0
102,strain,Nurse_30,2,11.0
102,strain,Nurse_31,2,16.5
102,strain,Nurse_32,0,10.5
102,strain,Nurse_33,2,19.0
102,strain,Nurse_34,4,19.5
102,strain,Nurse_35,4,16.5
102,strain,Nurse_36,4,20.0
102,strain,Nurse_37,3,16.5
102,strain,Nurse_38,1,7.5
102,strain,Nurse_39,2,15.0
102,strain,Nurse_40,2,12.5
102,strain,Nurse_41,2,14.0
102,strain,Nurse_42,2,16.5
102,strain,Nurse_43,2,15.5
102,strain,Nurse_44,4,20.0
102,strain,Nurse_45,3,18.5
102,strain,Nurse_46,1,4.5
102,strain,Nurse_47,3,14.0
102,strain,Nurse_48,0,6.5
102,strain,Nurse_49,2,16.0
102,strain,Nurse_50,2,15.0
102,strain,Nurse_51,1,10.5
102,strain,Nurse_52,3,15.5
102,strain,Nurse_53,2,13.0
102,strain,Nurse_54,0,8.5
102,strain,Nurse_55,0,9.0
102,strain,Nurse_56,0,3.5
102,strain,Nurse_57,1,11.5
102,strain,Nurse_58,0,8.0
102,strain,Nurse_59,2,14.0
102,strain,Nurse_60,3,17.0
102,strain,Nurse_61,0,9.0
102,strain,Nurse_62,1,14.0
102,strain,Nurse_63,3,16.0
102,strain,Nurse_64,3,16.5
102,strain,Nurse_65,3,17.5
102,strain,Nurse_66,3,13.0
102,strain,Nurse_67,1,16.0
102,strain,Nurse_68,4,15.0
102,strain,Nurse_69,2,12.5
102,strain,Nurse_70,2,13.0
103,baseline,Nurse_01,2,9.0
103,baseline,Nurse_02,4,19.0
103,baseline,Nurse_03,1,7.0
103,baseline,Nurse_04,0,10.0
103,baseline,Nurse_05,1,14.0
103,baseline,Nurse_06,2,13.5
103,baseline,Nurse_07,3,15.5
103,baseline,Nurse_08,1,3.0
103,baseline,Nurse_09,4,23.0
103,baseline,Nurse_10,5,20.5
103,baseline,Nurse_11,3,14.0
103,baseline,Nurse_12,2,15.0
103,baseline,Nurse_13,1,4.5
103,baseline,Nurse_14,1,11.5
103,baseline,Nurse_15,4,12.0
103,baseline,Nurse_16,3,19.5
103,baseline,Nurse_17,3,13.5
103,baseline,Nurse_18,2,13.5
103,baseline,Nurse_19,1,12.5
103,baseline,Nurse_20,1,9.0
103,baseline,Nurse_21,1,8.5
103,baseline,Nurse_22,0,1.0
103,baseline,Nurse_23,0,7.0
103,baseline,Nurse_24,1,10.0
103,baseline,Nurse_25,5,22.5
103,baseline,Nurse_26,0,3.0
103,baseline,Nurse_27,3,13.0
103,baseline,Nurse_28,3,16.5
103,baseline,Nurse_29,4,20.5
103,baseline,Nurse_30,4,18.0
103,baseline,Nurse_31,2,14.0
103,baseline,Nurse_32,2,15.0
103,baseline,Nurse_33,3,14.0
103,baseline,Nurse_34,2,14.5
103,baseline,Nurse_35,2,16.5
103,baseline,Nurse_36,6,22.0
103,baseline,Nurse_37,4,19.5
103,baseline,Nurse_38,1,10.5
103,baseline,Nurse_39,4,20.5
103,baseline,Nurse_40,1,10.5
103,baseline,Nurse_41,2,15.0
103,baseline,Nurse_42,0,12.5
103,baseline,Nurse_43,2,15.0
103,baseline,Nurse_44,5,22.0
103,baseline,Nurse_45,1,10.0
103,baseline,Nurse_46,1,6.0
103,baseline,Nurse_47,2,6.0
103,baseline,Nurse_48,2,13.5
103,baseline,Nurse_49,4,19.5
103,baseline,Nurse_50,5,22.0
103,baseline,Nurse_51,5,25.5
103,baseline,Nurse_52,0,8.5
103,baseline,Nurse_53,0,4.5
103,baseline,Nurse_54,2,6.0
103,baseline,Nurse_55,3,19.0
103,baseline,Nurse_56,1,9.0
103,baseline,Nurse_57,3,17.0
103,baseline,Nurse_58,0,11.5
103,baseline,Nurse_59,2,7.5
103,baseline,Nurse_60,3,16.0
103,baseline,Nurse_61,2,14.5
103,baseline,Nurse_62,4,12.0
103,baseline,Nurse_63,2,10.0
103,baseline,Nurse_64,1,9.0
103,baseline,Nurse_65,0,7.5
103,baseline,Nurse_66,0,8.0
103,baseline,Nurse_67,2,15.0
103,baseline,Nurse_68,1,4.5
103,baseline,Nurse_69,4,20.5
103,baseline,Nurse_70,2,17.5
103,strain,Nurse_01,1,10.0
103,strain,Nurse_02,2,16.0
103,strain,Nurse_03,1,8.5
103,strain,Nurse_04,0,8.5
103,strain,Nurse_05,0,11.5
103,strain,Nurse_06,1,11.5
103,strain,Nurse_07,1,11.5
103,strain,Nurse_08,1,9.0
103,strain,Nurse_09,2,17.5
103,strain,Nurse_10,2,14.5
103,strain,Nurse_11,2,12.5
103,strain,Nurse_12,1,10.5
103,strain,Nurse_13,1,6.0
103,strain,Nurse_14,0,11.0
103,strain,Nurse_15,4,12.0
103,strain,Nurse_16,2,17.0
103,strain,Nurse_17,3,10.5
103,strain,Nurse_18,1,11.0
103,strain,Nurse_19,0,9.5
103,strain,Nurse_20,0,10.0
103,strain,Nurse_21,1,12.0
103,strain,Nurse_22,0,5.0
103,strain,Nurse_23,0,8.0
103,strain,Nurse_24,1,10.0
103,strain,Nurse_25,5,18.0
103,strain,Nurse_26,0,8.0
103,strain,Nurse_27,3,13.0
103,strain,Nurse_28,3,13.5
103,strain,Nurse_29,2,12.5
103,strain,Nurse_30,3,15.0
103,strain,Nurse_31,2,12.5
103,strain,Nurse_32,1,9.5
103,strain,Nurse_33,3,14.0
103,strain,Nurse_34,2,14.5
103,strain,Nurse_35,1,17.5
103,strain,Nurse_36,3,18.5
103,strain,Nurse_37,3,18.0
103,strain,Nurse_38,1,12.0
103,strain,Nurse_39,3,18.0
103,strain,Nurse_40,0,6.0
103,strain,Nurse_41,1,12.5
103,strain,Nurse_42,0,11.0
103,strain,Nurse_43,1,11.5
103,strain,Nurse_44,3,18.0
103,strain,Nurse_45,1,12.5
103,strain,Nurse_46,1,7.5
103,strain,Nurse_47,2,7.5
103,strain,Nurse_48,1,12.0
103,strain,Nurse_49,2,11.5
103,strain,Nurse_50,3,17.5
103,strain,Nurse_51,3,22.5
103,strain,Nurse_52,0,9.5
103,strain,Nurse_53,0,7.0
103,strain,Nurse_54,1,7.5
103,strain,Nurse_55,2,17.5
103,strain,Nurse_56,0,9.0
103,strain,Nurse_57,3,16.0
103,strain,Nurse_58,0,11.5
103,strain,Nurse_59,2,9.0
103,strain,Nurse_60,2,10.5
103,strain,Nurse_61,2,13.0
103,strain,Nurse_62,3,12.0
103,strain,Nurse_63,0,7.5
103,strain,Nurse_64,1,10.5
103,strain,Nurse_65,0,9.0
103,strain,Nurse_66,0,6.0
103,strain,Nurse_67,0,13.0
103,strain,Nurse_68,0,4.5
103,strain,Nurse_69,3,18.5
103,strain,Nurse_70,2,15.5
104,baseline,Nurse_01,2,15.5
104,baseline,Nurse_02,3,15.0
104,baseline,Nurse_03,5,23.0
104,baseline,Nurse_04,0,4.0
104,baseline,Nurse_05,3,12.0
104,baseline,Nurse_06,4,18.5
104,baseline,Nurse_07,2,10.0
104,baseline,Nurse_08,5,23.5
104,baseline,Nurse_09,5,16.5
104,baseline,Nurse_10,2,15.5
104,baseline,Nurse_11,4,22.0
104,baseline,Nurse_12,2,7.5
104,baseline,Nurse_13,0,4.0
104,baseline,Nurse_14,3,17.0
104,baseline,Nurse_15,3,17.5
104,baseline,Nurse_16,4,15.0
104,baseline,Nurse_17,3,15.5
104,baseline,Nurse_18,2,13.5
104,baseline,Nurse_19,2,17.5
104,baseline,Nurse_20,2,12.0
104,baseline,Nurse_21,2,13.5
104,baseline,Nurse_22,4,24.5
104,baseline,Nurse_23,0,6.5
104,baseline,Nurse_24,3,18.5
104,baseline,Nurse_25,1,7.0
104,baseline,Nurse_26,4,16.0
104,baseline,Nurse_27,1,13.5
104,baseline,Nurse_28,4,13.5
104,baseline,Nurse_29,1,13.0
104,baseline,Nurse_30,2,18.5
104,baseline,Nurse_31,4,16.0
104,baseline,Nurse_32,1,6.0
104,baseline,Nurse_33,2,9.0
104,baseline,Nurse_34,3,13.5
104,baseline,Nurse_35,1,11.5
104,baseline,Nurse_36,6,23.5
104,baseline,Nurse_37,3,17.0
104,baseline,Nurse_38,1,12.0
104,baseline,Nurse_39,3,15.0
104,baseline,Nurse_40,3,14.5
104,baseline,Nurse_41,3,13.5
104,baseline,Nurse_42,3,9.0
104,baseline,Nurse_43,4,24.0
104,baseline,Nurse_44,1,8.5
104,baseline,Nurse_45,4,12.0
104,baseline,Nurse_46,4,21.0
104,baseline,Nurse_47,1,6.0
104,baseline,Nurse_48,2,13.0
104,baseline,Nurse_49,2,16.0
104,baseline,Nurse_50,2,12.0
104,baseline,Nurse_51,3,16.5
104,baseline,Nurse_52,2,15.0
104,baseline,Nurse_53,1,10.5
104,baseline,Nurse_54,0,6.0
104,baseline,Nurse_55,5,15.0
104,baseline,Nurse_56,0,8.5
104,baseline,Nurse_57,0,4.0
104,baseline,Nurse_58,5,17.0
104,baseline,Nurse_59,3,19.5
104,baseline,Nurse_60,0,9.0
104,baseline,Nurse_61,4,17.0
104,baseline,Nurse_62,2,13.0
104,baseline,Nurse_63,4,19.5
104,baseline,Nurse_64,1,9.0
104,baseline,Nurse_65,0,7.5
104,baseline,Nurse_66,4,20.5
104,baseline,Nurse_67,5,21.0
104,baseline,Nurse_68,1,9.0
104,baseline,Nurse_69,0,7.0
104,baseline,Nurse_70,1,7.5
104,strain,Nurse_01,1,11.5
104,strain,Nurse_02,1,10.5
104,strain,Nurse_03,2,16.5
104,strain,Nurse_04,0,5.5
104,strain,Nurse_05,3,13.5
104,strain,Nurse_06,2,16.0
104,strain,Nurse_07,2,11.5
104,strain,Nurse_08,4,20.5
104,strain,Nurse_09,3,10.5
104,strain,Nurse_10,2,14.0
104,strain,Nurse_11,2,14.5
104,strain,Nurse_12,2,7.5
104,strain,Nurse_13,0,5.0
104,strain,Nurse_14,2,14.5
104,strain,Nurse_15,1,14.5
104,strain,Nurse_16,3,15.0
104,strain,Nurse_17,3,14.0
104,strain,Nurse_18,1,11.5
104,strain,Nurse_19,2,16.0
104,strain,Nurse_20,1,5.0
104,strain,Nurse_21,0,7.5
104,strain,Nurse_22,0,11.5
104,strain,Nurse_23,0,5.5
104,strain,Nurse_24,2,15.0
104,strain,Nurse_25,0,9.5
104,strain,Nurse_26,1,11.0
104,strain,Nurse_27,0,6.5
104,strain,Nurse_28,4,18.0
104,strain,Nurse_29,0,11.5
104,strain,Nurse_30,2,16.0
104,strain,Nurse_31,2,14.5
104,strain,Nurse_32,1,4.5
104,strain,Nurse_33,2,11.5
104,strain,Nurse_34,2,14.0
104,strain,Nurse_35,0,9.5
104,strain,Nurse_36,2,16.0
104,strain,Nurse_37,2,15.0
104,strain,Nurse_38,0,12.0
104,strain,Nurse_39,1,10.5
104,strain,Nurse_40,2,11.5
104,strain,Nurse_41,2,11.5
104,strain,Nurse_42,2,10.5
104,strain,Nurse_43,3,21.5
104,strain,Nurse_44,0,13.0
104,strain,Nurse_45,4,13.5
104,strain,Nurse_46,2,13.5
104,strain,Nurse_47,1,7.5
104,strain,Nurse_48,2,13.0
104,strain,Nurse_49,1,12.0
104,strain,Nurse_50,2,10.5
104,strain,Nurse_51,2,11.0
104,strain,Nurse_52,2,16.5
104,strain,Nurse_53,0,7.5
104,strain,Nurse_54,0,9.0
104,strain,Nurse_55,5,15.0
104,strain,Nurse_56,0,12.0
104,strain,Nurse_57,0,6.5
104,strain,Nurse_58,3,14.0
104,strain,Nurse_59,2,15.5
104,strain,Nurse_60,0,8.0
104,strain,Nurse_61,2,12.0
104,strain,Nurse_62,2,11.5
104,strain,Nurse_63,3,17.0
104,strain,Nurse_64,1,10.5
104,strain,Nurse_65,0,7.5
104,strain,Nurse_66,2,17.0
104,strain,Nurse_67,4,17.0
104,strain,Nurse_68,1,10.5
104,strain,Nurse_69,0,11.65
104,strain,Nurse_70,1,6.0
105,baseline,Nurse_01,3,15.5
105,baseline,Nurse_02,3,17.0
105,baseline,Nurse_03,3,10.5
105,baseline,Nurse_04,3,14.0
105,baseline,Nurse_05,2,15.0
105,baseline,Nurse_06,3,15.5
105,baseline,Nurse_07,0,9.0
105,baseline,Nurse_08,0,7.0
105,baseline,Nurse_09,1,11.5
105,baseline,Nurse_10,1,11.0
105,baseline,Nurse_11,4,16.0
105,baseline,Nurse_12,3,20.0
105,baseline,Nurse_13,5,25.0
105,baseline,Nurse_14,3,15.0
105,baseline,Nurse_15,3,13.5
105,baseline,Nurse_16,3,19.0
105,baseline,Nurse_17,4,20.5
105,baseline,Nurse_18,4,18.0
105,baseline,Nurse_19,3,21.5
105,baseline,Nurse_20,1,3.0
105,baseline,Nurse_21,5,15.0
105,baseline,Nurse_22,3,17.0
105,baseline,Nurse_23,0,6.0
105,baseline,Nurse_24,4,18.0
105,baseline,Nurse_25,4,12.0
105,baseline,Nurse_26,2,10.0
105,baseline,Nurse_27,3,16.5
105,baseline,Nurse_28,1,8.0
105,baseline,Nurse_29,0,5.5
105,baseline,Nurse_30,3,19.5
105,baseline,Nurse_31,5,16.0
105,baseline,Nurse_32,0,7.0
105,baseline,Nurse_33,1,11.5
105,baseline,Nurse_34,2,15.0
105,baseline,Nurse_35,3,19.5
105,baseline,Nurse_36,1,10.5
105,baseline,Nurse_37,3,17.0
105,baseline,Nurse_38,2,15.0
105,baseline,Nurse_39,4,21.0
105,baseline,Nurse_40,4,19.0
105,baseline,Nurse_41,5,23.0
105,baseline,Nurse_42,2,9.5
105,baseline,Nurse_43,1,10.0
105,baseline,Nurse_44,1,13.0
105,baseline,Nurse_45,0,7.5
105,baseline,Nurse_46,1,3.0
105,baseline,Nurse_47,1,6.5
105,baseline,Nurse_48,3,16.0
105,baseline,Nurse_49,1,12.5
105,baseline,Nurse_50,1,6.5
105,baseline,Nurse_51,4,15.0
105,baseline,Nurse_52,3,9.0
105,baseline,Nurse_53,3,16.0
105,baseline,Nurse_54,1,12.5
105,baseline,Nurse_55,1,8.5
105,baseline,Nurse_56,4,18.0
105,baseline,Nurse_57,2,11.0
105,baseline,Nurse_58,3,12.0
105,baseline,Nurse_59,2,13.5
105,baseline,Nurse_60,1,11.0
105,baseline,Nurse_61,2,15.0
105,baseline,Nurse_62,3,12.5
105,baseline,Nurse_63,5,25.0
105,baseline,Nurse_64,2,10.0
105,baseline,Nurse_65,3,20.0
105,baseline,Nurse_66,0,7.5
105,baseline,Nurse_67,5,22.5
105,baseline,Nurse_68,4,21.0
105,baseline,Nurse_69,5,20.5
105,baseline,Nurse_70,1,11.5
105,strain,Nurse_01,3,17.0
105,strain,Nurse_02,3,17.0
105,strain,Nurse_03,2,9.0
105,strain,Nurse_04,3,15.5
105,strain,Nurse_05,1,8.0
105,strain,Nurse_06,2,13.0
105,strain,Nurse_07,0,9.5
105,strain,Nurse_08,0,6.0
105,strain,Nurse_09,0,7.0
105,strain,Nurse_10,0,7.0
105,strain,Nurse_11,1,13.0
105,strain,Nurse_12,1,14.0
105,strain,Nurse_13,2,16.0
105,strain,Nurse_14,3,15.0
105,strain,Nurse_15,2,10.5
105,strain,Nurse_16,0,10.5
105,strain,Nurse_17,1,16.0
105,strain,Nurse_18,3,16.5
105,strain,Nurse_19,2,18.5
105,strain,Nurse_20,1,6.0
105,strain,Nurse_21,3,13.5
105,strain,Nurse_22,2,15.5
105,strain,Nurse_23,0,8.5
105,strain,Nurse_24,3,13.5
105,strain,Nurse_25,4,13.5
105,strain,Nurse_26,2,10.0
105,strain,Nurse_27,3,16.5
105,strain,Nurse_28,1,10.5
105,strain,Nurse_29,1,8.5
105,strain,Nurse_30,2,19.5
105,strain,Nurse_31,3,13.0
105,strain,Nurse_32,0,7.0
105,strain,Nurse_33,0,7.0
105,strain,Nurse_34,0,13.0
105,strain,Nurse_35,1,16.0
105,strain,Nurse_36,1,10.5
105,strain,Nurse_37,1,13.5
105,strain,Nurse_38,2,15.0
105,strain,Nurse_39,1,16.0
105,strain,Nurse_40,4,19.0
105,strain,Nurse_41,2,14.5
105,strain,Nurse_42,2,9.5
105,strain,Nurse_43,1,7.0
105,strain,Nurse_44,0,10.0
105,strain,Nurse_45,0,9.5
105,strain,Nurse_46,2,9.0
105,strain,Nurse_47,1,6.5
105,strain,Nurse_48,2,13.0
105,strain,Nurse_49,1,16.0
105,strain,Nurse_50,1,4.5
105,strain,Nurse_51,2,13.0
105,strain,Nurse_52,2,9.0
105,strain,Nurse_53,1,10.0
105,strain,Nurse_54,0,9.0
105,strain,Nurse_55,0,8.5
105,strain,Nurse_56,2,17.5
105,strain,Nurse_57,1,12.0
105,strain,Nurse_58,2,11.5
105,strain,Nurse_59,1,10.5
105,strain,Nurse_60,0,7.0
105,strain,Nurse_61,1,10.5
105,strain,Nurse_62,3,11.0
105,strain,Nurse_63,3,21.0
105,strain,Nurse_64,2,13.0
105,strain,Nurse_65,3,15.0
105,strain,Nurse_66,0,9.0
105,strain,Nurse_67,2,20.0
105,strain,Nurse_68,2,15.5
105,strain,Nurse_69,4,18.0
105,strain,Nurse_70,1,12.0
106,baseline,Nurse_01,1,11.5
106,baseline,Nurse_02,5,25.5
106,baseline,Nurse_03,3,13.0
106,baseline,Nurse_04,1,10.5
106,baseline,Nurse_05,1,3.0
106,baseline,Nurse_06,3,18.5
106,baseline,Nurse_07,4,12.0
106,baseline,Nurse_08,5,25.0
106,baseline,Nurse_09,3,16.5
106,baseline,Nurse_10,1,5.0
106,baseline,Nurse_11,1,13.5
106,baseline,Nurse_12,3,13.5
106,baseline,Nurse_13,3,17.5
106,baseline,Nurse_14,6,23.0
106,baseline,Nurse_15,6,28.5
106,baseline,Nurse_16,3,18.5
106,baseline,Nurse_17,5,16.5
106,baseline,Nurse_18,5,19.0
106,baseline,Nurse_19,4,13.5
106,baseline,Nurse_20,1,6.0
106,baseline,Nurse_21,2,11.0
106,baseline,Nurse_22,4,20.5
106,baseline,Nurse_23,5,17.5
106,baseline,Nurse_24,3,14.5
106,baseline,Nurse_25,4,14.5
106,baseline,Nurse_26,3,15.5
106,baseline,Nurse_27,0,4.5
106,baseline,Nurse_28,5,20.0
106,baseline,Nurse_29,1,15.0
106,baseline,Nurse_30,5,20.5
106,baseline,Nurse_31,4,14.0
106,baseline,Nurse_32,0,7.0
106,baseline,Nurse_33,2,10.0
106,baseline,Nurse_34,0,1.5
106,baseline,Nurse_35,1,15.5
106,baseline,Nurse_36,0,8.0
106,baseline,Nurse_37,0,7.5
106,baseline,Nurse_38,3,15.5
106,baseline,Nurse_39,0,13.0
106,baseline,Nurse_40,4,18.0
106,baseline,Nurse_41,1,6.0
106,baseline,Nurse_42,3,15.5
106,baseline,Nurse_43,1,14.5
106,baseline,Nurse_44,6,26.0
106,baseline,Nurse_45,1,16.5
106,baseline,Nurse_46,3,18.0
106,baseline,Nurse_47,2,6.0
106,baseline,Nurse_48,0,6.5
106,baseline,Nurse_49,6,26.0
106,baseline,Nurse_50,4,19.5
106,baseline,Nurse_51,3,12.5
106,baseline,Nurse_52,1,6.5
106,baseline,Nurse_53,4,21.5
106,baseline,Nurse_54,1,14.5
106,baseline,Nurse_55,3,20.5
106,baseline,Nurse_56,2,12.0
106,baseline,Nurse_57,0,8.5
106,baseline,Nurse_58,4,18.0
106,baseline,Nurse_59,3,18.0
106,baseline,Nurse_60,1,6.0
106,baseline,Nurse_61,2,7.5
106,baseline,Nurse_62,5,23.0
106,baseline,Nurse_63,0,5.0
106,baseline,Nurse_64,0,6.5
106,baseline,Nurse_65,3,16.5
106,baseline,Nurse_66,0,3.5
106,baseline,Nurse_67,4,20.5
106,baseline,Nurse_68,2,15.0
106,baseline,Nurse_69,3,14.0
106,baseline,Nurse_70,0,6.0
106,strain,Nurse_01,0,12.0
106,strain,Nurse_02,3,19.0
106,strain,Nurse_03,3,15.5
106,strain,Nurse_04,1,12.0
106,strain,Nurse_05,1,6.0
106,strain,Nurse_06,2,12.5
106,strain,Nurse_07,2,9.0
106,strain,Nurse_08,2,16.5
106,strain,Nurse_09,3,14.0
106,strain,Nurse_10,0,5.0
106,strain,Nurse_11,0,16.0
106,strain,Nurse_12,3,12.0
106,strain,Nurse_13,1,12.0
106,strain,Nurse_14,5,22.5
106,strain,Nurse_15,3,20.0
106,strain,Nurse_16,2,15.5
106,strain,Nurse_17,4,13.5
106,strain,Nurse_18,3,16.0
106,strain,Nurse_19,3,12.0
106,strain,Nurse_20,1,7.5
106,strain,Nurse_21,2,11.0
106,strain,Nurse_22,1,13.0
106,strain,Nurse_23,3,11.5
106,strain,Nurse_24,1,9.5
106,strain,Nurse_25,3,11.5
106,strain,Nurse_26,2,11.0
106,strain,Nurse_27,0,7.0
106,strain,Nurse_28,3,18.5
106,strain,Nurse_29,0,15.0
106,strain,Nurse_30,2,13.0
106,strain,Nurse_31,3,13.5
106,strain,Nurse_32,0,9.5
106,strain,Nurse_33,2,10.0
106,strain,Nurse_34,1,7.5
106,strain,Nurse_35,0,8.5
106,strain,Nurse_36,0,8.0
106,strain,Nurse_37,0,9.0
106,strain,Nurse_38,1,12.0
106,strain,Nurse_39,0,13.5
106,strain,Nurse_40,2,16.0
106,strain,Nurse_41,1,7.5
106,strain,Nurse_42,2,14.5
106,strain,Nurse_43,1,16.0
106,strain,Nurse_44,5,23.5
106,strain,Nurse_45,0,7.5
106,strain,Nurse_46,2,13.0
106,strain,Nurse_47,2,6.0
106,strain,Nurse_48,0,5.0
106,strain,Nurse_49,4,20.0
106,strain,Nurse_50,3,19.0
106,strain,Nurse_51,3,12.5
106,strain,Nurse_52,0,8.0
106,strain,Nurse_53,4,17.5
106,strain,Nurse_54,0,9.0
106,strain,Nurse_55,1,13.0
106,strain,Nurse_56,0,10.5
106,strain,Nurse_57,0,12.0
106,strain,Nurse_58,2,15.0
106,strain,Nurse_59,2,12.0
106,strain,Nurse_60,0,3.5
106,strain,Nurse_61,1,4.5
106,strain,Nurse_62,3,16.0
106,strain,Nurse_63,0,4.0
106,strain,Nurse_64,0,9.0
106,strain,Nurse_65,1,11.5
106,strain,Nurse_66,0,6.0
106,strain,Nurse_67,4,19.5
106,strain,Nurse_68,1,13.0
106,strain,Nurse_69,1,11.0
106,strain,Nurse_70,0,12.0
107,baseline,Nurse_01,2,14.0
107,baseline,Nurse_02,1,12.5
107,baseline,Nurse_03,1,11.5
107,baseline,Nurse_04,0,7.0
107,baseline,Nurse_05,3,17.5
107,baseline,Nurse_06,5,25.5
107,baseline,Nurse_07,1,3.0
107,baseline,Nurse_08,2,14.0
107,baseline,Nurse_09,2,13.0
107,baseline,Nurse_10,1,8.5
107,baseline,Nurse_11,4,19.5
107,baseline,Nurse_12,2,9.5
107,baseline,Nurse_13,4,22.5
107,baseline,Nurse_14,5,22.0
107,baseline,Nurse_15,0,0.0
107,baseline,Nurse_16,1,12.0
107,baseline,Nurse_17,5,24.0
107,baseline,Nurse_18,3,15.5
107,baseline,Nurse_19,3,15.0
107,baseline,Nurse_20,1,9.5
107,baseline,Nurse_21,2,11.5
107,baseline,Nurse_22,0,7.0
107,baseline,Nurse_23,3,15.5
107,baseline,Nurse_24,3,19.5
107,baseline,Nurse_25,4,22.5
107,baseline,Nurse_26,1,11.5
107,baseline,Nurse_27,0,8.0
107,baseline,Nurse_28,5,19.5
107,baseline,Nurse_29,4,21.0
107,baseline,Nurse_30,4,21.0
107,baseline,Nurse_31,4,15.0
107,baseline,Nurse_32,0,8.5
107,baseline,Nurse_33,5,20.0
107,baseline,Nurse_34,3,10.5
107,baseline,Nurse_35,3,9.0
107,baseline,Nurse_36,5,24.0
107,baseline,Nurse_37,1,13.5
107,baseline,Nurse_38,4,16.5
107,baseline,Nurse_39,3,15.5
107,baseline,Nurse_40,3,11.0
107,baseline,Nurse_41,5,15.0
107,baseline,Nurse_42,4,21.0
107,baseline,Nurse_43,3,15.5
107,baseline,Nurse_44,2,9.5
107,baseline,Nurse_45,3,14.5
107,baseline,Nurse_46,1,9.0
107,baseline,Nurse_47,3,18.5
107,baseline,Nurse_48,2,11.0
107,baseline,Nurse_49,5,20.0
107,baseline,Nurse_50,3,17.5
107,baseline,Nurse_51,2,11.0
107,baseline,Nurse_52,1,11.0
107,baseline,Nurse_53,3,15.5
107,baseline,Nurse_54,1,6.0
107,baseline,Nurse_55,5,15.0
107,baseline,Nurse_56,0,6.5
107,baseline,Nurse_57,3,15.0
107,baseline,Nurse_58,4,19.0
107,baseline,Nurse_59,0,8.0
107,baseline,Nurse_60,1,12.5
107,baseline,Nurse_61,1,15.0
107,baseline,Nurse_62,3,14.5
107,baseline,Nurse_63,3,13.0
107,baseline,Nurse_64,3,9.0
107,baseline,Nurse_65,4,17.5
107,baseline,Nurse_66,4,27.0
107,baseline,Nurse_67,0,5.0
107,baseline,Nurse_68,3,20.5
107,baseline,Nurse_69,4,17.0
107,baseline,Nurse_70,0,4.0
107,strain,Nurse_01,2,14.0
107,strain,Nurse_02,1,11.5
107,strain,Nurse_03,1,12.0
107,strain,Nurse_04,0,5.0
107,strain,Nurse_05,2,15.0
107,strain,Nurse_06,3,17.0
107,strain,Nurse_07,1,6.0
107,strain,Nurse_08,1,11.5
107,strain,Nurse_09,1,10.0
107,strain,Nurse_10,0,7.5
107,strain,Nurse_11,1,13.5
107,strain,Nurse_12,2,10.5
107,strain,Nurse_13,3,19.5
107,strain,Nurse_14,3,16.5
107,strain,Nurse_15,0,3.0
107,strain,Nurse_16,1,14.5
107,strain,Nurse_17,2,17.0
107,strain,Nurse_18,2,13.0
107,strain,Nurse_19,3,15.0
107,strain,Nurse_20,1,9.0
107,strain,Nurse_21,2,10.0
107,strain,Nurse_22,0,9.5
107,strain,Nurse_23,2,14.0
107,strain,Nurse_24,3,15.5
107,strain,Nurse_25,3,15.5
107,strain,Nurse_26,0,10.0
107,strain,Nurse_27,0,11.0
107,strain,Nurse_28,3,15.0
107,strain,Nurse_29,3,19.5
107,strain,Nurse_30,2,17.0
107,strain,Nurse_31,2,10.5
107,strain,Nurse_32,0,8.5
107,strain,Nurse_33,3,16.0
107,strain,Nurse_34,2,13.5
107,strain,Nurse_35,3,9.0
107,strain,Nurse_36,2,16.5
107,strain,Nurse_37,0,13.15
107,strain,Nurse_38,2,17.0
107,strain,Nurse_39,3,16.0
107,strain,Nurse_40,2,9.5
107,strain,Nurse_41,5,16.5
107,strain,Nurse_42,3,19.5
107,strain,Nurse_43,1,9.5
107,strain,Nurse_44,2,9.0
107,strain,Nurse_45,3,14.5
107,strain,Nurse_46,1,11.5
107,strain,Nurse_47,2,18.5
107,strain,Nurse_48,2,11.0
107,strain,Nurse_49,3,17.0
107,strain,Nurse_50,2,16.0
107,strain,Nurse_51,2,11.0
107,strain,Nurse_52,0,11.0
107,strain,Nurse_53,2,16.5
107,strain,Nurse_54,0,6.0
107,strain,Nurse_55,4,13.5
107,strain,Nurse_56,0,10.5
107,strain,Nurse_57,3,12.0
107,strain,Nurse_58,2,14.0
107,strain,Nurse_59,0,9.0
107,strain,Nurse_60,0,9.5
107,strain,Nurse_61,0,6.0
107,strain,Nurse_62,3,15.0
107,strain,Nurse_63,2,14.0
107,strain,Nurse_64,2,9.0
107,strain,Nurse_65,2,13.0
107,strain,Nurse_66,3,20.0
107,strain,Nurse_67,0,6.5
107,strain,Nurse_68,3,19.0
107,strain,Nurse_69,3,14.0
107,strain,Nurse_70,1,10.0
108,baseline,Nurse_01,0,10.0
108,baseline,Nurse_02,1,9.5
108,baseline,Nurse_03,3,15.0
108,baseline,Nurse_04,1,15.5
108,baseline,Nurse_05,4,16.5
108,baseline,Nurse_06,1,8.0
108,baseline,Nurse_07,3,13.0
108,baseline,Nurse_08,2,14.0
108,baseline,Nurse_09,1,12.0
108,baseline,Nurse_10,0,8.5
108,baseline,Nurse_11,3,10.5
108,baseline,Nurse_12,6,24.5
108,baseline,Nurse_13,5,22.0
108,baseline,Nurse_14,5,19.0
108,baseline,Nurse_15,1,16.0
108,baseline,Nurse_16,3,17.5
108,baseline,Nurse_17,3,15.5
108,baseline,Nurse_18,1,6.0
108,baseline,Nurse_19,0,3.0
108,baseline,Nurse_20,2,10.0
108,baseline,Nurse_21,1,3.0
108,baseline,Nurse_22,3,14.5
108,baseline,Nurse_23,0,3.0
108,baseline,Nurse_24,2,15.0
108,baseline,Nurse_25,0,3.0
108,baseline,Nurse_26,1,11.0
108,baseline,Nurse_27,2,9.0
108,baseline,Nurse_28,1,14.5
108,baseline,Nurse_29,4,13.5
108,baseline,Nurse_30,4,17.0
108,baseline,Nurse_31,1,16.0
108,baseline,Nurse_32,3,18.0
108,baseline,Nurse_33,5,24.0
108,baseline,Nurse_34,5,24.5
108,baseline,Nurse_35,5,22.0
108,baseline,Nurse_36,2,11.0
108,baseline,Nurse_37,0,7.0
108,baseline,Nurse_38,0,7.0
108,baseline,Nurse_39,4,15.0
108,baseline,Nurse_40,3,23.0
108,baseline,Nurse_41,3,16.5
108,baseline,Nurse_42,4,23.0
108,baseline,Nurse_43,3,9.0
108,baseline,Nurse_44,5,24.5
108,baseline,Nurse_45,4,20.0
108,baseline,Nurse_46,1,5.0
108,baseline,Nurse_47,3,14.0
108,baseline,Nurse_48,1,13.0
108,baseline,Nurse_49,0,7.5
108,baseline,Nurse_50,3,15.0
108,baseline,Nurse_51,1,9.5
108,baseline,Nurse_52,6,26.5
108,baseline,Nurse_53,3,19.0
108,baseline,Nurse_54,1,11.5
108,baseline,Nurse_55,2,13.5
108,baseline,Nurse_56,4,19.0
108,baseline,Nurse_57,5,15.0
108,baseline,Nurse_58,2,14.0
108,baseline,Nurse_59,5,16.5
108,baseline,Nurse_60,2,12.0
108,baseline,Nurse_61,3,10.5
108,baseline,Nurse_62,4,21.5
108,baseline,Nurse_63,6,23.0
108,baseline,Nurse_64,3,14.5
108,baseline,Nurse_65,2,13.5
108,baseline,Nurse_66,5,26.0
108,baseline,Nurse_67,3,14.5
108,baseline,Nurse_68,4,17.5
108,baseline,Nurse_69,5,23.0
108,baseline,Nurse_70,5,16.5
108,strain,Nurse_01,0,10.5
108,strain,Nurse_02,1,12.5
108,strain,Nurse_03,3,16.5
108,strain,Nurse_04,1,17.0
108,strain,Nurse_05,2,12.0
108,strain,Nurse_06,1,8.0
108,strain,Nurse_07,2,11.5
108,strain,Nurse_08,1,14.0
108,strain,Nurse_09,0,9.5
108,strain,Nurse_10,0,9.0
108,strain,Nurse_11,3,13.5
108,strain,Nurse_12,4,18.0
108,strain,Nurse_13,2,20.0
108,strain,Nurse_14,2,14.0
108,strain,Nurse_15,0,12.5
108,strain,Nurse_16,1,14.0
108,strain,Nurse_17,2,15.0
108,strain,Nurse_18,0,1.5
108,strain,Nurse_19,0,3.0
108,strain,Nurse_20,2,10.0
108,strain,Nurse_21,1,6.0
108,strain,Nurse_22,2,13.0
108,strain,Nurse_23,0,4.5
108,strain,Nurse_24,2,14.0
108,strain,Nurse_25,0,4.0
108,strain,Nurse_26,0,7.5
108,strain,Nurse_27,2,10.0
108,strain,Nurse_28,1,13.5
108,strain,Nurse_29,4,13.5
108,strain,Nurse_30,3,15.5
108,strain,Nurse_31,1,13.5
108,strain,Nurse_32,1,11.5
108,strain,Nurse_33,3,13.5
108,strain,Nurse_34,1,17.5
108,strain,Nurse_35,4,19.5
108,strain,Nurse_36,2,15.0
108,strain,Nurse_37,0,8.5
108,strain,Nurse_38,0,13.5
108,strain,Nurse_39,3,10.5
108,strain,Nurse_40,2,17.0
108,strain,Nurse_41,3,12.0
108,strain,Nurse_42,3,18.5
108,strain,Nurse_43,3,9.0
108,strain,Nurse_44,2,17.0
108,strain,Nurse_45,1,14.5
108,strain,Nurse_46,1,7.5
108,strain,Nurse_47,2,14.5
108,strain,Nurse_48,1,13.5
108,strain,Nurse_49,0,12.5
108,strain,Nurse_50,3,16.5
108,strain,Nurse_51,0,7.5
108,strain,Nurse_52,3,21.5
108,strain,Nurse_53,3,18.0
108,strain,Nurse_54,1,11.5
108,strain,Nurse_55,1,12.0
108,strain,Nurse_56,3,17.5
108,strain,Nurse_57,5,18.0
108,strain,Nurse_58,0,9.5
108,strain,Nurse_59,4,13.5
108,strain,Nurse_60,2,14.5
108,strain,Nurse_61,3,12.0
108,strain,Nurse_62,1,13.0
108,strain,Nurse_63,3,19.5
108,strain,Nurse_64,3,13.0
108,strain,Nurse_65,2,14.5
108,strain,Nurse_66,3,20.0
108,strain,Nurse_67,3,14.5
108,strain,Nurse_68,4,16.0
108,strain,Nurse_69,3,16.5
108,strain,Nurse_70,3,12.0
109,baseline,Nurse_01,2,16.0
109,baseline,Nurse_02,5,21.0
109,baseline,Nurse_03,0,4.0
109,baseline,Nurse_04,6,20.0
109,baseline,Nurse_05,6,22.5
109,baseline,Nurse_06,1,12.5
109,baseline,Nurse_07,2,14.0
109,baseline,Nurse_08,0,14.0
109,baseline,Nurse_09,5,22.5
109,baseline,Nurse_10,0,5.0
109,baseline,Nurse_11,0,5.5
109,baseline,Nurse_12,4,22.0
109,baseline,Nurse_13,3,19.5
109,baseline,Nurse_14,0,6.5
109,baseline,Nurse_15,2,17.0
109,baseline,Nurse_16,0,6.0
109,baseline,Nurse_17,0,6.5
109,baseline,Nurse_18,3,21.0
109,baseline,Nurse_19,4,18.5
109,baseline,Nurse_20,1,10.5
109,baseline,Nurse_21,0,6.5
109,baseline,Nurse_22,4,21.5
109,baseline,Nurse_23,2,17.0
109,baseline,Nurse_24,3,16.0
109,baseline,Nurse_25,3,10.5
109,baseline,Nurse_26,4,13.0
109,baseline,Nurse_27,0,5.5
109,baseline,Nurse_28,4,19.5
109,baseline,Nurse_29,2,11.0
109,baseline,Nurse_30,2,12.5
109,baseline,Nurse_31,4,19.5
109,baseline,Nurse_32,4,22.0
109,baseline,Nurse_33,4,17.0
109,baseline,Nurse_34,0,8.5
109,baseline,Nurse_35,2,10.0
109,baseline,Nurse_36,4,17.5
109,baseline,Nurse_37,4,17.0
109,baseline,Nurse_38,0,8.5
109,baseline,Nurse_39,4,22.5
109,baseline,Nurse_40,2,14.0
109,baseline,Nurse_41,3,9.0
109,baseline,Nurse_42,3,9.0
109,baseline,Nurse_43,3,14.0
109,baseline,Nurse_44,0,0.0
109,baseline,Nurse_45,4,15.0
109,baseline,Nurse_46,3,15.5
109,baseline,Nurse_47,0,8.5
109,baseline,Nurse_48,1,10.5
109,baseline,Nurse_49,2,13.0
109,baseline,Nurse_50,2,7.5
109,baseline,Nurse_51,3,14.5
109,baseline,Nurse_52,2,13.5
109,baseline,Nurse_53,4,28.0
109,baseline,Nurse_54,2,9.0
109,baseline,Nurse_55,6,21.0
109,baseline,Nurse_56,3,15.5
109,baseline,Nurse_57,3,12.0
109,baseline,Nurse_58,5,22.5
109,baseline,Nurse_59,3,17.0
109,baseline,Nurse_60,3,12.0
109,baseline,Nurse_61,2,13.0
109,baseline,Nurse_62,1,8.5
109,baseline,Nurse_63,1,4.5
109,baseline,Nurse_64,1,7.0
109,baseline,Nurse_65,5,20.0
109,baseline,Nurse_66,3,16.0
109,baseline,Nurse_67,5,22.0
109,baseline,Nurse_68,2,14.0
109,baseline,Nurse_69,2,19.0
109,baseline,Nurse_70,1,11.5
109,strain,Nurse_01,2,15.0
109,strain,Nurse_02,3,17.5
109,strain,Nurse_03,0,5.5
109,strain,Nurse_04,4,16.5
109,strain,Nurse_05,5,16.5
109,strain,Nurse_06,1,7.0
109,strain,Nurse_07,2,14.0
109,strain,Nurse_08,0,12.0
109,strain,Nurse_09,3,18.0
109,strain,Nurse_10,0,5.0
109,strain,Nurse_11,0,9.5
109,strain,Nurse_12,1,14.5
109,strain,Nurse_13,2,18.0
109,strain,Nurse_14,0,6.5
109,strain,Nurse_15,2,19.5
109,strain,Nurse_16,0,6.0
109,strain,Nurse_17,0,4.0
109,strain,Nurse_18,2,16.5
109,strain,Nurse_19,3,14.5
109,strain,Nurse_20,1,9.5
109,strain,Nurse_21,0,9.0
109,strain,Nurse_22,4,20.0
109,strain,Nurse_23,2,18.0
109,strain,Nurse_24,2,14.5
109,strain,Nurse_25,2,7.5
109,strain,Nurse_26,2,12.5
109,strain,Nurse_27,0,8.0
109,strain,Nurse_28,3,18.0
109,strain,Nurse_29,1,6.5
109,strain,Nurse_30,2,12.5
109,strain,Nurse_31,0,16.0
109,strain,Nurse_32,2,17.0
109,strain,Nurse_33,1,12.5
109,strain,Nurse_34,0,7.0
109,strain,Nurse_35,2,10.0
109,strain,Nurse_36,2,12.5
109,strain,Nurse_37,2,12.5
109,strain,Nurse_38,0,9.0
109,strain,Nurse_39,1,15.5
109,strain,Nurse_40,2,15.0
109,strain,Nurse_41,3,13.5
109,strain,Nurse_42,2,7.5
109,strain,Nurse_43,2,12.5
109,strain,Nurse_44,1,3.0
109,strain,Nurse_45,2,12.0
109,strain,Nurse_46,3,15.5
109,strain,Nurse_47,0,8.5
109,strain,Nurse_48,1,10.5
109,strain,Nurse_49,1,15.0
109,strain,Nurse_50,0,7.5
109,strain,Nurse_51,3,13.0
109,strain,Nurse_52,1,12.5
109,strain,Nurse_53,0,19.5
109,strain,Nurse_54,1,3.0
109,strain,Nurse_55,2,13.5
109,strain,Nurse_56,2,15.0
109,strain,Nurse_57,2,9.0
109,strain,Nurse_58,3,19.5
109,strain,Nurse_59,3,16.5
109,strain,Nurse_60,2,10.5
109,strain,Nurse_61,2,12.5
109,strain,Nurse_62,0,6.5
109,strain,Nurse_63,1,4.5
109,strain,Nurse_64,1,7.0
109,strain,Nurse_65,2,14.5
109,strain,Nurse_66,1,11.0
109,strain,Nurse_67,3,18.0
109,strain,Nurse_68,1,13.5
109,strain,Nurse_69,2,19.5
109,strain,Nurse_70,0,10.0
110,baseline,Nurse_01,0,6.0
110,baseline,Nurse_02,4,19.0
110,baseline,Nurse_03,0,1.5
110,baseline,Nurse_04,6,19.5
110,baseline,Nurse_05,1,9.0
110,baseline,Nurse_06,3,23.0
110,baseline,Nurse_07,2,11.0
110,baseline,Nurse_08,3,15.5
110,baseline,Nurse_09,2,12.0
110,baseline,Nurse_10,6,25.0
110,baseline,Nurse_11,5,20.0
110,baseline,Nurse_12,6,25.0
110,baseline,Nurse_13,2,9.0
110,baseline,Nurse_14,1,15.5
110,baseline,Nurse_15,2,6.0
110,baseline,Nurse_16,4,19.0
110,baseline,Nurse_17,2,11.5
110,baseline,Nurse_18,3,15.5
110,baseline,Nurse_19,2,7.5
110,baseline,Nurse_20,5,19.5
110,baseline,Nurse_21,1,10.0
110,baseline,Nurse_22,1,10.5
110,baseline,Nurse_23,1,4.5
110,baseline,Nurse_24,4,21.0
110,baseline,Nurse_25,4,19.0
110,baseline,Nurse_26,1,10.5
110,baseline,Nurse_27,4,24.0
110,baseline,Nurse_28,5,23.5
110,baseline,Nurse_29,4,19.5
110,baseline,Nurse_30,3,19.5
110,baseline,Nurse_31,5,22.0
110,baseline,Nurse_32,4,15.5
110,baseline,Nurse_33,5,20.0
110,baseline,Nurse_34,5,22.0
110,baseline,Nurse_35,1,10.0
110,baseline,Nurse_36,5,23.0
110,baseline,Nurse_37,4,22.0
110,baseline,Nurse_38,0,4.5
110,baseline,Nurse_39,0,9.0
110,baseline,Nurse_40,5,18.0
110,baseline,Nurse_41,1,10.0
110,baseline,Nurse_42,0,4.0
110,baseline,Nurse_43,2,7.5
110,baseline,Nurse_44,3,14.0
110,baseline,Nurse_45,4,21.5
110,baseline,Nurse_46,1,11.5
110,baseline,Nurse_47,3,19.5
110,baseline,Nurse_48,4,26.0
110,baseline,Nurse_49,5,16.5
110,baseline,Nurse_50,1,12.0
110,baseline,Nurse_51,3,17.0
110,baseline,Nurse_52,0,4.0
110,baseline,Nurse_53,3,22.0
110,baseline,Nurse_54,1,10.5
110,baseline,Nurse_55,2,6.0
110,baseline,Nurse_56,1,11.5
110,baseline,Nurse_57,0,4.0
110,baseline,Nurse_58,4,19.5
110,baseline,Nurse_59,0,6.5
110,baseline,Nurse_60,4,17.0
110,baseline,Nurse_61,2,11.0
110,baseline,Nurse_62,5,22.5
110,baseline,Nurse_63,0,7.0
110,baseline,Nurse_64,3,15.0
110,baseline,Nurse_65,3,16.5
110,baseline,Nurse_66,4,17.0
110,baseline,Nurse_67,1,12.0
110,baseline,Nurse_68,5,19.0
110,baseline,Nurse_69,2,13.5
110,baseline,Nurse_70,5,23.0
110,strain,Nurse_01,0,7.5
110,strain,Nurse_02,3,16.0
110,strain,Nurse_03,0,4.5
110,strain,Nurse_04,3,13.5
110,strain,Nurse_05,0,9.5
110,strain,Nurse_06,2,17.5
110,strain,Nurse_07,1,11.0
110,strain,Nurse_08,2,14.0
110,strain,Nurse_09,2,9.0
110,strain,Nurse_10,1,14.5
110,strain,Nurse_11,2,15.5
110,strain,Nurse_12,4,21.0
110,strain,Nurse_13,1,7.5
110,strain,Nurse_14,0,9.0
110,strain,Nurse_15,2,9.0
110,strain,Nurse_16,2,13.0
110,strain,Nurse_17,2,11.5
110,strain,Nurse_18,3,14.0
110,strain,Nurse_19,1,7.5
110,strain,Nurse_20,3,15.0
110,strain,Nurse_21,1,10.0
110,strain,Nurse_22,0,5.0
110,strain,Nurse_23,0,1.5
110,strain,Nurse_24,2,15.5
110,strain,Nurse_25,3,18.5
110,strain,Nurse_26,0,12.0
110,strain,Nurse_27,2,18.5
110,strain,Nurse_28,1,18.5
110,strain,Nurse_29,1,15.0
110,strain,Nurse_30,3,17.5
110,strain,Nurse_31,3,16.0
110,strain,Nurse_32,3,12.5
110,strain,Nurse_33,4,18.5
110,strain,Nurse_34,3,16.5
110,strain,Nurse_35,1,10.0
110,strain,Nurse_36,1,18.0
110,strain,Nurse_37,3,20.5
110,strain,Nurse_38,0,7.0
110,strain,Nurse_39,0,8.5
110,strain,Nurse_40,2,10.5
110,strain,Nurse_41,1,11.5
110,strain,Nurse_42,0,5.0
110,strain,Nurse_43,2,7.5
110,strain,Nurse_44,2,12.5
110,strain,Nurse_45,3,16.0
110,strain,Nurse_46,0,9.0
110,strain,Nurse_47,2,14.0
110,strain,Nurse_48,2,19.0
110,strain,Nurse_49,5,15.0
110,strain,Nurse_50,1,13.5
110,strain,Nurse_51,3,17.0
110,strain,Nurse_52,0,4.0
110,strain,Nurse_53,2,20.0
110,strain,Nurse_54,1,10.5
110,strain,Nurse_55,1,7.5
110,strain,Nurse_56,1,11.5
110,strain,Nurse_57,0,5.5
110,strain,Nurse_58,2,13.5
110,strain,Nurse_59,0,11.5
110,strain,Nurse_60,3,16.0
110,strain,Nurse_61,1,9.5
110,strain,Nurse_62,4,19.5
110,strain,Nurse_63,0,9.5
110,strain,Nurse_64,2,13.5
110,strain,Nurse_65,1,18.5
110,strain,Nurse_66,3,16.5
110,strain,Nurse_67,1,10.5
110,strain,Nurse_68,2,15.5
110,strain,Nurse_69,2,15.5
110,strain,Nurse_70,2,17.0
111,baseline,Nurse_01,2,10.0
111,baseline,Nurse_02,2,13.0
111,baseline,Nurse_03,4,12.0
111,baseline,Nurse_04,1,19.0
111,baseline,Nurse_05,2,16.0
111,baseline,Nurse_06,2,16.0
111,baseline,Nurse_07,3,18.5
111,baseline,Nurse_08,2,13.0
111,baseline,Nurse_09,4,18.0
111,baseline,Nurse_10,3,14.5
111,baseline,Nurse_11,1,4.5
111,baseline,Nurse_12,4,23.5
111,baseline,Nurse_13,2,15.5
111,baseline,Nurse_14,5,22.0
111,baseline,Nurse_15,4,20.0
111,baseline,Nurse_16,0,11.5
111,baseline,Nurse_17,1,6.5
111,baseline,Nurse_18,1,8.0
111,baseline,Nurse_19,0,7.5
111,baseline,Nurse_20,1,10.0
111,baseline,Nurse_21,1,10.0
111,baseline,Nurse_22,3,12.0
111,baseline,Nurse_23,0,7.5
111,baseline,Nurse_24,3,15.5
111,baseline,Nurse_25,1,9.0
111,baseline,Nurse_26,2,14.5
111,baseline,Nurse_27,2,8.0
111,baseline,Nurse_28,4,18.5
111,baseline,Nurse_29,5,21.0
111,baseline,Nurse_30,3,15.0
111,baseline,Nurse_31,1,10.5
111,baseline,Nurse_32,1,6.5
111,baseline,Nurse_33,2,15.0
111,baseline,Nurse_34,3,12.5
111,baseline,Nurse_35,2,11.0
111,baseline,Nurse_36,5,25.0
111,baseline,Nurse_37,0,7.5
111,baseline,Nurse_38,3,11.0
111,baseline,Nurse_39,5,22.5
111,baseline,Nurse_40,5,25.0
111,baseline,Nurse_41,2,11.5
111,baseline,Nurse_42,2,16.5
111,baseline,Nurse_43,3,10.5
111,baseline,Nurse_44,1,13.0
111,baseline,Nurse_45,4,22.5
111,baseline,Nurse_46,4,18.0
111,baseline,Nurse_47,2,11.5
111,baseline,Nurse_48,0,4.5
111,baseline,Nurse_49,1,8.0
111,baseline,Nurse_50,3,20.0
111,baseline,Nurse_51,5,22.5
111,baseline,Nurse_52,3,14.5
111,baseline,Nurse_53,3,10.5
111,baseline,Nurse_54,3,15.5
111,baseline,Nurse_55,6,25.0
111,baseline,Nurse_56,1,9.5
111,baseline,Nurse_57,4,17.0
111,baseline,Nurse_58,3,14.0
111,baseline,Nurse_59,2,6.0
111,baseline,Nurse_60,5,16.5
111,baseline,Nurse_61,3,14.0
111,baseline,Nurse_62,3,17.0
111,baseline,Nurse_63,3,19.5
111,baseline,Nurse_64,3,12.0
111,baseline,Nurse_65,3,17.0
111,baseline,Nurse_66,4,21.5
111,baseline,Nurse_67,3,15.5
111,baseline,Nurse_68,5,22.0
111,baseline,Nurse_69,3,12.0
111,baseline,Nurse_70,1,9.5
111,strain,Nurse_01,2,12.5
111,strain,Nurse_02,2,11.5
111,strain,Nurse_03,4,15.0
111,strain,Nurse_04,1,15.5
111,strain,Nurse_05,0,12.5
111,strain,Nurse_06,2,11.5
111,strain,Nurse_07,1,12.5
111,strain,Nurse_08,1,11.5
111,strain,Nurse_09,2,16.5
111,strain,Nurse_10,3,13.0
111,strain,Nurse_11,1,3.0
111,strain,Nurse_12,3,19.5
111,strain,Nurse_13,2,13.5
111,strain,Nurse_14,2,18.5
111,strain,Nurse_15,2,14.0
111,strain,Nurse_16,0,10.0
111,strain,Nurse_17,1,8.0
111,strain,Nurse_18,1,9.0
111,strain,Nurse_19,0,11.0
111,strain,Nurse_20,0,9.5
111,strain,Nurse_21,0,10.0
111,strain,Nurse_22,3,12.0
111,strain,Nurse_23,0,6.0
111,strain,Nurse_24,3,16.0
111,strain,Nurse_25,1,9.0
111,strain,Nurse_26,2,14.5
111,strain,Nurse_27,2,8.0
111,strain,Nurse_28,2,13.0
111,strain,Nurse_29,3,16.5
111,strain,Nurse_30,3,15.0
111,strain,Nurse_31,0,6.5
111,strain,Nurse_32,1,5.0
111,strain,Nurse_33,2,16.5
111,strain,Nurse_34,2,11.0
111,strain,Nurse_35,1,8.0
111,strain,Nurse_36,2,18.5
111,strain,Nurse_37,0,9.0
111,strain,Nurse_38,3,11.0
111,strain,Nurse_39,2,16.0
111,strain,Nurse_40,2,17.0
111,strain,Nurse_41,2,15.5
111,strain,Nurse_42,2,16.5
111,strain,Nurse_43,2,10.5
111,strain,Nurse_44,0,11.0
111,strain,Nurse_45,3,22.0
111,strain,Nurse_46,3,17.5
111,strain,Nurse_47,1,8.0
111,strain,Nurse_48,0,6.5
111,strain,Nurse_49,1,9.5
111,strain,Nurse_50,1,12.5
111,strain,Nurse_51,3,18.0
111,strain,Nurse_52,2,14.5
111,strain,Nurse_53,3,13.5
111,strain,Nurse_54,1,9.5
111,strain,Nurse_55,3,19.0
111,strain,Nurse_56,0,8.5
111,strain,Nurse_57,2,12.5
111,strain,Nurse_58,3,15.5
111,strain,Nurse_59,2,6.0
111,strain,Nurse_60,4,15.0
111,strain,Nurse_61,3,15.5
111,strain,Nurse_62,2,14.5
111,strain,Nurse_63,2,19.0
111,strain,Nurse_64,3,12.0
111,strain,Nurse_65,2,12.5
111,strain,Nurse_66,3,20.0
111,strain,Nurse_67,3,17.0
111,strain,Nurse_68,4,20.5
111,strain,Nurse_69,1,10.0
111,strain,Nurse_70,1,9.5
112,baseline,Nurse_01,1,3.0
112,baseline,Nurse_02,1,13.5
112,baseline,Nurse_03,0,4.0
112,baseline,Nurse_04,5,22.0
112,baseline,Nurse_05,1,5.0
112,baseline,Nurse_06,3,23.0
112,baseline,Nurse_07,3,17.5
112,baseline,Nurse_08,5,21.0
112,baseline,Nurse_09,2,13.5
112,baseline,Nurse_10,0,3.0
112,baseline,Nurse_11,3,11.5
112,baseline,Nurse_12,3,18.0
112,baseline,Nurse_13,1,10.0
112,baseline,Nurse_14,4,13.5
112,baseline,Nurse_15,0,4.0
112,baseline,Nurse_16,4,15.0
112,baseline,Nurse_17,3,14.0
112,baseline,Nurse_18,4,13.5
112,baseline,Nurse_19,1,4.5
112,baseline,Nurse_20,2,11.5
112,baseline,Nurse_21,4,12.0
112,baseline,Nurse_22,1,9.0
112,baseline,Nurse_23,1,9.5
112,baseline,Nurse_24,5,24.0
112,baseline,Nurse_25,1,8.5
112,baseline,Nurse_26,5,26.5
112,baseline,Nurse_27,4,12.0
112,baseline,Nurse_28,3,15.0
112,baseline,Nurse_29,3,18.0
112,baseline,Nurse_30,5,21.0
112,baseline,Nurse_31,0,8.0
112,baseline,Nurse_32,5,27.0
112,baseline,Nurse_33,0,4.5
112,baseline,Nurse_34,7,27.5
112,baseline,Nurse_35,0,5.5
112,baseline,Nurse_36,4,20.5
112,baseline,Nurse_37,6,26.5
112,baseline,Nurse_38,3,16.0
112,baseline,Nurse_39,3,13.0
112,baseline,Nurse_40,1,11.5
112,baseline,Nurse_41,3,17.5
112,baseline,Nurse_42,1,10.5
112,baseline,Nurse_43,3,17.0
112,baseline,Nurse_44,1,12.0
112,baseline,Nurse_45,4,17.5
112,baseline,Nurse_46,0,10.0
112,baseline,Nurse_47,1,11.5
112,baseline,Nurse_48,1,4.5
112,baseline,Nurse_49,3,10.5
112,baseline,Nurse_50,2,13.5
112,baseline,Nurse_51,3,15.0
112,baseline,Nurse_52,4,17.0
112,baseline,Nurse_53,2,14.5
112,baseline,Nurse_54,5,23.0
112,baseline,Nurse_55,3,13.5
112,baseline,Nurse_56,2,11.0
112,baseline,Nurse_57,2,13.5
112,baseline,Nurse_58,3,16.0
112,baseline,Nurse_59,1,7.0
112,baseline,Nurse_60,4,21.5
112,baseline,Nurse_61,3,21.0
112,baseline,Nurse_62,1,15.0
112,baseline,Nurse_63,2,11.0
112,baseline,Nurse_64,1,11.0
112,baseline,Nurse_65,4,18.5
112,baseline,Nurse_66,3,17.5
112,baseline,Nurse_67,5,21.0
112,baseline,Nurse_68,2,16.0
112,baseline,Nurse_69,2,12.0
112,baseline,Nurse_70,1,14.0
112,strain,Nurse_01,0,1.5
112,strain,Nurse_02,1,13.0
112,strain,Nurse_03,0,7.0
112,strain,Nurse_04,3,19.0
112,strain,Nurse_05,0,3.5
112,strain,Nurse_06,1,17.0
112,strain,Nurse_07,1,10.5
112,strain,Nurse_08,4,17.5
112,strain,Nurse_09,1,8.5
112,strain,Nurse_10,0,4.5
112,strain,Nurse_11,2,8.5
112,strain,Nurse_12,1,12.0
112,strain,Nurse_13,1,10.0
112,strain,Nurse_14,2,10.5
112,strain,Nurse_15,0,8.5
112,strain,Nurse_16,3,13.5
112,strain,Nurse_17,3,17.0
112,strain,Nurse_18,4,12.0
112,strain,Nurse_19,0,1.5
112,strain,Nurse_20,2,11.5
112,strain,Nurse_21,4,13.5
112,strain,Nurse_22,1,9.0
112,strain,Nurse_23,0,4.5
112,strain,Nurse_24,2,20.5
112,strain,Nurse_25,1,8.5
112,strain,Nurse_26,2,18.5
112,strain,Nurse_27,3,12.0
112,strain,Nurse_28,3,15.0
112,strain,Nurse_29,0,15.0
112,strain,Nurse_30,3,14.5
112,strain,Nurse_31,0,7.5
112,strain,Nurse_32,5,23.0
112,strain,Nurse_33,0,6.0
112,strain,Nurse_34,5,23.0
112,strain,Nurse_35,0,5.5
112,strain,Nurse_36,1,15.0
112,strain,Nurse_37,4,20.5
112,strain,Nurse_38,3,16.0
112,strain,Nurse_39,1,10.0
112,strain,Nurse_40,1,13.0
112,strain,Nurse_41,2,17.0
112,strain,Nurse_42,0,11.5
112,strain,Nurse_43,2,16.5
112,strain,Nurse_44,1,13.5
112,strain,Nurse_45,2,16.0
112,strain,Nurse_46,0,11.5
112,strain,Nurse_47,1,10.0
112,strain,Nurse_48,1,3.0
112,strain,Nurse_49,3,9.0
112,strain,Nurse_50,2,12.0
112,strain,Nurse_51,3,13.0
112,strain,Nurse_52,4,18.5
112,strain,Nurse_53,1,12.5
112,strain,Nurse_54,2,16.5
112,strain,Nurse_55,3,12.0
112,strain,Nurse_56,2,9.5
112,strain,Nurse_57,2,13.5
112,strain,Nurse_58,3,15.0
112,strain,Nurse_59,1,9.5
112,strain,Nurse_60,1,17.0
112,strain,Nurse_61,1,11.0
112,strain,Nurse_62,0,11.0
112,strain,Nurse_63,2,13.5
112,strain,Nurse_64,1,11.0
112,strain,Nurse_65,2,14.5
112,strain,Nurse_66,3,16.0
112,strain,Nurse_67,4,20.5
112,strain,Nurse_68,2,17.0
112,strain,Nurse_69,1,11.5
112,strain,Nurse_70,0,10.0
113,baseline,Nurse_01,3,15.0
113,baseline,Nurse_02,6,25.0
113,baseline,Nurse_03,4,16.0
113,baseline,Nurse_04,1,8.5
113,baseline,Nurse_05,3,18.0
113,baseline,Nurse_06,0,4.5
113,baseline,Nurse_07,4,17.5
113,baseline,Nurse_08,4,18.0
113,baseline,Nurse_09,4,12.0
113,baseline,Nurse_10,1,8.5
113,baseline,Nurse_11,4,21.0
113,baseline,Nurse_12,2,13.0
113,baseline,Nurse_13,4,15.5
113,baseline,Nurse_14,4,15.5
113,baseline,Nurse_15,4,19.5
113,baseline,Nurse_16,1,9.5
113,baseline,Nurse_17,1,14.0
113,baseline,Nurse_18,2,11.0
113,baseline,Nurse_19,4,12.0
113,baseline,Nurse_20,0,9.5
113,baseline,Nurse_21,2,21.0
113,baseline,Nurse_22,5,21.0
113,baseline,Nurse_23,1,9.5
113,baseline,Nurse_24,2,18.0
113,baseline,Nurse_25,2,14.0
113,baseline,Nurse_26,4,12.0
113,baseline,Nurse_27,2,20.5
113,baseline,Nurse_28,4,24.0
113,baseline,Nurse_29,3,16.5
113,baseline,Nurse_30,0,10.0
113,baseline,Nurse_31,2,6.0
113,baseline,Nurse_32,2,10.5
113,baseline,Nurse_33,1,4.5
113,baseline,Nurse_34,3,19.0
113,baseline,Nurse_35,2,14.5
113,baseline,Nurse_36,1,12.5
113,baseline,Nurse_37,3,18.5
113,baseline,Nurse_38,3,20.5
113,baseline,Nurse_39,1,10.5
113,baseline,Nurse_40,0,5.5
113,baseline,Nurse_41,2,10.0
113,baseline,Nurse_42,4,18.0
113,baseline,Nurse_43,3,12.0
113,baseline,Nurse_44,0,11.5
113,baseline,Nurse_45,2,10.5
113,baseline,Nurse_46,3,21.0
113,baseline,Nurse_47,2,9.0
113,baseline,Nurse_48,2,12.0
113,baseline,Nurse_49,4,15.0
113,baseline,Nurse_50,1,11.0
113,baseline,Nurse_51,1,9.5
113,baseline,Nurse_52,1,11.5
113,baseline,Nurse_53,5,22.5
113,baseline,Nurse_54,2,15.0
113,baseline,Nurse_55,2,11.0
113,baseline,Nurse_56,1,4.5
113,baseline,Nurse_57,3,15.0
113,baseline,Nurse_58,3,14.0
113,baseline,Nurse_59,4,16.0
113,baseline,Nurse_60,5,23.0
113,baseline,Nurse_61,1,4.0
113,baseline,Nurse_62,1,9.5
113,baseline,Nurse_63,2,10.0
113,baseline,Nurse_64,5,22.0
113,baseline,Nurse_65,2,14.5
113,baseline,Nurse_66,3,15.5
113,baseline,Nurse_67,1,11.0
113,baseline,Nurse_68,2,10.0
113,baseline,Nurse_69,4,13.5
113,baseline,Nurse_70,3,18.0
113,strain,Nurse_01,2,14.5
113,strain,Nurse_02,3,21.0
113,strain,Nurse_03,3,15.5
113,strain,Nurse_04,1,9.5
113,strain,Nurse_05,1,12.0
113,strain,Nurse_06,0,8.5
113,strain,Nurse_07,3,14.5
113,strain,Nurse_08,2,16.0
113,strain,Nurse_09,2,9.0
113,strain,Nurse_10,1,7.0
113,strain,Nurse_11,1,10.5
113,strain,Nurse_12,2,14.5
113,strain,Nurse_13,2,11.0
113,strain,Nurse_14,3,12.5
113,strain,Nurse_15,2,15.0
113,strain,Nurse_16,1,12.5
113,strain,Nurse_17,1,14.0
113,strain,Nurse_18,2,11.0
113,strain,Nurse_19,3,10.5
113,strain,Nurse_20,0,9.5
113,strain,Nurse_21,2,18.5
113,strain,Nurse_22,3,18.0
113,strain,Nurse_23,1,9.5
113,strain,Nurse_24,1,12.0
113,strain,Nurse_25,2,11.0
113,strain,Nurse_26,4,15.0
113,strain,Nurse_27,0,13.0
113,strain,Nurse_28,0,13.5
113,strain,Nurse_29,2,14.0
113,strain,Nurse_30,0,11.0
113,strain,Nurse_31,2,7.5
113,strain,Nurse_32,1,10.0
113,strain,Nurse_33,1,7.5
113,strain,Nurse_34,1,14.0
113,strain,Nurse_35,2,15.5
113,strain,Nurse_36,0,9.0
113,strain,Nurse_37,1,15.5
113,strain,Nurse_38,0,10.5
113,strain,Nurse_39,1,9.5
113,strain,Nurse_40,1,9.5
113,strain,Nurse_41,1,10.0
113,strain,Nurse_42,3,18.0
113,strain,Nurse_43,1,6.0
113,strain,Nurse_44,0,12.0
113,strain,Nurse_45,2,9.0
113,strain,Nurse_46,1,17.5
113,strain,Nurse_47,1,7.5
113,strain,Nurse_48,2,11.0
113,strain,Nurse_49,4,19.0
113,strain,Nurse_50,1,8.5
113,strain,Nurse_51,1,13.5
113,strain,Nurse_52,1,10.0
113,strain,Nurse_53,2,14.5
113,strain,Nurse_54,1,10.5
113,strain,Nurse_55,1,10.0
113,strain,Nurse_56,0,1.5
113,strain,Nurse_57,1,9.5
113,strain,Nurse_58,3,15.5
113,strain,Nurse_59,2,15.0
113,strain,Nurse_60,4,22.0
113,strain,Nurse_61,1,5.5
113,strain,Nurse_62,0,6.0
113,strain,Nurse_63,2,10.0
113,strain,Nurse_64,2,18.5
113,strain,Nurse_65,2,16.0
113,strain,Nurse_66,2,12.5
113,strain,Nurse_67,1,10.5
113,strain,Nurse_68,2,11.5
113,strain,Nurse_69,2,10.5
113,strain,Nurse_70,2,18.0
114,baseline,Nurse_01,2,14.0
114,baseline,Nurse_02,3,18.0
114,baseline,Nurse_03,0,1.5
114,baseline,Nurse_04,2,16.5
114,baseline,Nurse_05,2,14.5
114,baseline,Nurse_06,3,17.0
114,baseline,Nurse_07,3,20.5
114,baseline,Nurse_08,2,16.0
114,baseline,Nurse_09,3,17.5
114,baseline,Nurse_10,2,6.0
114,baseline,Nurse_11,3,17.0
114,baseline,Nurse_12,4,17.0
114,baseline,Nurse_13,6,26.0
114,baseline,Nurse_14,5,17.0
114,baseline,Nurse_15,3,13.0
114,baseline,Nurse_16,2,13.5
114,baseline,Nurse_17,4,23.5
114,baseline,Nurse_18,4,23.5
114,baseline,Nurse_19,1,14.0
114,baseline,Nurse_20,4,15.0
114,baseline,Nurse_21,2,8.0
114,baseline,Nurse_22,2,14.5
114,baseline,Nurse_23,1,4.5
114,baseline,Nurse_24,1,11.0
114,baseline,Nurse_25,6,23.0
114,baseline,Nurse_26,3,15.0
114,baseline,Nurse_27,1,7.0
114,baseline,Nurse_28,3,10.5
114,baseline,Nurse_29,1,6.5
114,baseline,Nurse_30,2,16.5
114,baseline,Nurse_31,1,10.5
114,baseline,Nurse_32,3,13.5
114,baseline,Nurse_33,3,10.5
114,baseline,Nurse_34,4,15.0
114,baseline,Nurse_35,4,17.5
114,baseline,Nurse_36,4,19.5
114,baseline,Nurse_37,3,15.0
114,baseline,Nurse_38,0,4.0
114,baseline,Nurse_39,1,11.0
114,baseline,Nurse_40,2,13.5
114,baseline,Nurse_41,6,23.5
114,baseline,Nurse_42,1,3.0
114,baseline,Nurse_43,4,19.0
114,baseline,Nurse_44,3,9.0
114,baseline,Nurse_45,4,27.0
114,baseline,Nurse_46,2,16.0
114,baseline,Nurse_47,0,5.5
114,baseline,Nurse_48,4,20.5
114,baseline,Nurse_49,3,21.0
114,baseline,Nurse_50,1,9.5
114,baseline,Nurse_51,4,14.0
114,baseline,Nurse_52,3,17.5
114,baseline,Nurse_53,4,24.0
114,baseline,Nurse_54,1,10.5
114,baseline,Nurse_55,4,23.0
114,baseline,Nurse_56,3,15.0
114,baseline,Nurse_57,0,6.5
114,baseline,Nurse_58,3,14.5
114,baseline,Nurse_59,1,8.5
114,baseline,Nurse_60,1,4.5
114,baseline,Nurse_61,2,17.0
114,baseline,Nurse_62,4,17.0
114,baseline,Nurse_63,4,18.0
114,baseline,Nurse_64,1,11.5
114,baseline,Nurse_65,1,10.0
114,baseline,Nurse_66,3,17.5
114,baseline,Nurse_67,1,8.0
114,baseline,Nurse_68,3,18.5
114,baseline,Nurse_69,6,23.0
114,baseline,Nurse_70,3,14.0
114,strain,Nurse_01,2,10.0
114,strain,Nurse_02,1,15.0
114,strain,Nurse_03,0,0.0
114,strain,Nurse_04,0,13.5
114,strain,Nurse_05,1,13.0
114,strain,Nurse_06,2,16.5
114,strain,Nurse_07,3,19.5
114,strain,Nurse_08,2,14.5
114,strain,Nurse_09,2,12.0
114,strain,Nurse_10,2,7.5
114,strain,Nurse_11,2,17.5
114,strain,Nurse_12,3,17.0
114,strain,Nurse_13,4,23.5
114,strain,Nurse_14,4,17.0
114,strain,Nurse_15,3,13.0
114,strain,Nurse_16,2,11.0
114,strain,Nurse_17,1,15.5
114,strain,Nurse_18,1,18.5
114,strain,Nurse_19,1,16.5
114,strain,Nurse_20,3,13.5
114,strain,Nurse_21,1,8.0
114,strain,Nurse_22,0,9.5
114,strain,Nurse_23,1,6.0
114,strain,Nurse_24,1,9.5
114,strain,Nurse_25,3,16.5
114,strain,Nurse_26,3,16.0
114,strain,Nurse_27,1,9.5
114,strain,Nurse_28,2,7.5
114,strain,Nurse_29,1,6.5
114,strain,Nurse_30,1,15.0
114,strain,Nurse_31,1,9.5
114,strain,Nurse_32,1,12.0
114,strain,Nurse_33,1,7.5
114,strain,Nurse_34,3,13.5
114,strain,Nurse_35,2,15.0
114,strain,Nurse_36,3,19.0
114,strain,Nurse_37,2,13.5
114,strain,Nurse_38,0,6.5
114,strain,Nurse_39,0,11.0
114,strain,Nurse_40,2,11.0
114,strain,Nurse_41,4,19.5
114,strain,Nurse_42,1,4.5
114,strain,Nurse_43,3,17.0
114,strain,Nurse_44,3,9.0
114,strain,Nurse_45,2,19.0
114,strain,Nurse_46,2,17.5
114,strain,Nurse_47,0,8.0
114,strain,Nurse_48,2,14.5
114,strain,Nurse_49,0,11.0
114,strain,Nurse_50,0,11.5
114,strain,Nurse_51,2,12.5
114,strain,Nurse_52,1,11.5
114,strain,Nurse_53,2,18.5
114,strain,Nurse_54,1,8.0
114,strain,Nurse_55,2,16.0
114,strain,Nurse_56,2,12.0
114,strain,Nurse_57,0,10.5
114,strain,Nurse_58,3,13.5
114,strain,Nurse_59,1,8.5
114,strain,Nurse_60,1,6.0
114,strain,Nurse_61,1,13.5
114,strain,Nurse_62,4,17.0
114,strain,Nurse_63,1,14.5
114,strain,Nurse_64,1,11.5
114,strain,Nurse_65,1,11.0
114,strain,Nurse_66,3,16.5
114,strain,Nurse_67,0,6.5
114,strain,Nurse_68,2,15.5
114,strain,Nurse_69,2,17.0
114,strain,Nurse_70,1,12.5
115,baseline,Nurse_01,4,20.0
115,baseline,Nurse_02,1,16.0
115,baseline,Nurse_03,1,3.0
115,baseline,Nurse_04,3,17.5
115,baseline,Nurse_05,3,13.5
115,baseline,Nurse_06,5,19.5
115,baseline,Nurse_07,1,10.0
115,baseline,Nurse_08,4,15.5
115,baseline,Nurse_09,6,25.0
115,baseline,Nurse_10,1,12.0
115,baseline,Nurse_11,4,16.0
115,baseline,Nurse_12,3,13.0
115,baseline,Nurse_13,2,11.5
115,baseline,Nurse_14,4,18.0
115,baseline,Nurse_15,3,15.5
115,baseline,Nurse_16,1,7.0
115,baseline,Nurse_17,0,8.5
115,baseline,Nurse_18,0,0.0
115,baseline,Nurse_19,0,14.0
115,baseline,Nurse_20,2,13.0
115,baseline,Nurse_21,1,10.5
115,baseline,Nurse_22,0,1.5
115,baseline,Nurse_23,1,12.5
115,baseline,Nurse_24,3,17.0
115,baseline,Nurse_25,0,3.0
115,baseline,Nurse_26,2,11.5
115,baseline,Nurse_27,1,5.0
115,baseline,Nurse_28,1,9.0
115,baseline,Nurse_29,3,13.5
115,baseline,Nurse_30,0,8.0
115,baseline,Nurse_31,3,10.5
115,baseline,Nurse_32,4,20.0
115,baseline,Nurse_33,4,20.0
115,baseline,Nurse_34,4,19.0
115,baseline,Nurse_35,5,22.5
115,baseline,Nurse_36,0,9.5
115,baseline,Nurse_37,0,6.5
115,baseline,Nurse_38,5,19.0
115,baseline,Nurse_39,4,23.5
115,baseline,Nurse_40,3,13.5
115,baseline,Nurse_41,3,10.5
115,baseline,Nurse_42,4,20.5
115,baseline,Nurse_43,3,16.5
115,baseline,Nurse_44,5,23.5
115,baseline,Nurse_45,3,19.0
115,baseline,Nurse_46,1,9.5
115,baseline,Nurse_47,6,28.0
115,baseline,Nurse_48,3,9.0
115,baseline,Nurse_49,0,0.0
115,baseline,Nurse_50,4,20.0
115,baseline,Nurse_51,1,11.5
115,baseline,Nurse_52,1,9.0
115,baseline,Nurse_53,1,13.5
115,baseline,Nurse_54,0,6.0
115,baseline,Nurse_55,5,21.5
115,baseline,Nurse_56,1,10.5
115,baseline,Nurse_57,3,13.0
115,baseline,Nurse_58,0,10.0
115,baseline,Nurse_59,1,10.0
115,baseline,Nurse_60,5,19.5
115,baseline,Nurse_61,2,16.5
115,baseline,Nurse_62,0,3.5
115,baseline,Nurse_63,3,20.0
115,baseline,Nurse_64,4,16.5
115,baseline,Nurse_65,3,18.0
115,baseline,Nurse_66,5,16.5
115,baseline,Nurse_67,1,8.0
115,baseline,Nurse_68,5,23.0
115,baseline,Nurse_69,3,19.0
115,baseline,Nurse_70,5,23.5
115,strain,Nurse_01,3,18.5
115,strain,Nurse_02,1,14.5
115,strain,Nurse_03,1,4.5
115,strain,Nurse_04,3,14.0
115,strain,Nurse_05,2,12.0
115,strain,Nurse_06,3,13.5
115,strain,Nurse_07,1,11.0
115,strain,Nurse_08,2,12.5
115,strain,Nurse_09,3,19.0
115,strain,Nurse_10,1,13.0
115,strain,Nurse_11,3,14.5
115,strain,Nurse_12,1,8.5
115,strain,Nurse_13,1,5.5
115,strain,Nurse_14,3,17.5
115,strain,Nurse_15,2,12.0
115,strain,Nurse_16,1,7.0
115,strain,Nurse_17,0,5.5
115,strain,Nurse_18,0,3.0
115,strain,Nurse_19,0,11.5
115,strain,Nurse_20,2,13.0
115,strain,Nurse_21,1,9.0
115,strain,Nurse_22,0,4.5
115,strain,Nurse_23,1,14.0
115,strain,Nurse_24,3,15.5
115,strain,Nurse_25,0,7.5
115,strain,Nurse_26,2,10.0
115,strain,Nurse_27,1,5.0
115,strain,Nurse_28,0,8.0
115,strain,Nurse_29,2,10.5
115,strain,Nurse_30,0,9.5
115,strain,Nurse_31,1,9.0
115,strain,Nurse_32,3,15.5
115,strain,Nurse_33,2,15.0
115,strain,Nurse_34,2,16.0
115,strain,Nurse_35,2,15.5
115,strain,Nurse_36,0,17.0
115,strain,Nurse_37,0,7.5
115,strain,Nurse_38,3,12.5
115,strain,Nurse_39,2,15.0
115,strain,Nurse_40,3,13.5
115,strain,Nurse_41,3,9.0
115,strain,Nurse_42,1,13.0
115,strain,Nurse_43,2,15.0
115,strain,Nurse_44,2,17.5
115,strain,Nurse_45,2,12.0
115,strain,Nurse_46,1,11.0
115,strain,Nurse_47,3,22.0
115,strain,Nurse_48,2,10.5
115,strain,Nurse_49,0,3.0
115,strain,Nurse_50,3,17.5
115,strain,Nurse_51,1,11.5
115,strain,Nurse_52,1,12.5
115,strain,Nurse_53,1,12.5
115,strain,Nurse_54,0,7.5
115,strain,Nurse_55,3,15.0
115,strain,Nurse_56,1,10.5
115,strain,Nurse_57,2,13.5
115,strain,Nurse_58,0,12.0
115,strain,Nurse_59,1,11.5
115,strain,Nurse_60,2,15.5
115,strain,Nurse_61,1,15.0
115,strain,Nurse_62,0,5.0
115,strain,Nurse_63,2,20.0
115,strain,Nurse_64,3,14.5
115,strain,Nurse_65,1,13.5
115,strain,Nurse_66,4,15.0
115,strain,Nurse_67,1,8.0
115,strain,Nurse_68,0,11.0
115,strain,Nurse_69,1,15.0
115,strain,Nurse_70,4,21.0
116,baseline,Nurse_01,2,14.0
116,baseline,Nurse_02,1,10.5
116,baseline,Nurse_03,1,12.5
116,baseline,Nurse_04,1,8.5
116,baseline,Nurse_05,5,19.5
116,baseline,Nurse_06,3,19.5
116,baseline,Nurse_07,6,25.0
116,baseline,Nurse_08,4,20.5
116,baseline,Nurse_09,4,17.5
116,baseline,Nurse_10,5,22.5
116,baseline,Nurse_11,2,15.0
116,baseline,Nurse_12,1,11.0
116,baseline,Nurse_13,0,11.5
116,baseline,Nurse_14,1,16.0
116,baseline,Nurse_15,3,17.5
116,baseline,Nurse_16,2,17.0
116,baseline,Nurse_17,1,14.5
116,baseline,Nurse_18,2,9.0
116,baseline,Nurse_19,2,13.5
116,baseline,Nurse_20,2,12.5
116,baseline,Nurse_21,1,10.5
116,baseline,Nurse_22,2,11.5
116,baseline,Nurse_23,3,12.5
116,baseline,Nurse_24,2,6.0
116,baseline,Nurse_25,6,27.0
116,baseline,Nurse_26,4,21.5
116,baseline,Nurse_27,5,18.0
116,baseline,Nurse_28,1,12.5
116,baseline,Nurse_29,4,20.5
116,baseline,Nurse_30,4,18.0
116,baseline,Nurse_31,2,15.5
116,baseline,Nurse_32,2,13.0
116,baseline,Nurse_33,4,13.5
116,baseline,Nurse_34,3,16.5
116,baseline,Nurse_35,0,9.0
116,baseline,Nurse_36,3,10.5
116,baseline,Nurse_37,4,16.5
116,baseline,Nurse_38,2,14.0
116,baseline,Nurse_39,4,18.5
116,baseline,Nurse_40,4,14.0
116,baseline,Nurse_41,4,21.0
116,baseline,Nurse_42,3,15.5
116,baseline,Nurse_43,0,7.5
116,baseline,Nurse_44,4,16.5
116,baseline,Nurse_45,3,17.5
116,baseline,Nurse_46,2,12.5
116,baseline,Nurse_47,4,20.0
116,baseline,Nurse_48,1,6.0
116,baseline,Nurse_49,1,12.0
116,baseline,Nurse_50,2,12.0
116,baseline,Nurse_51,3,18.0
116,baseline,Nurse_52,0,10.0
116,baseline,Nurse_53,5,20.5
116,baseline,Nurse_54,3,12.5
116,baseline,Nurse_55,4,21.5
116,baseline,Nurse_56,2,6.0
116,baseline,Nurse_57,2,15.5
116,baseline,Nurse_58,4,15.5
116,baseline,Nurse_59,4,22.5
116,baseline,Nurse_60,4,19.0
116,baseline,Nurse_61,0,5.0
116,baseline,Nurse_62,0,2.0
116,baseline,Nurse_63,3,10.5
116,baseline,Nurse_64,3,15.0
116,baseline,Nurse_65,0,3.0
116,baseline,Nurse_66,0,7.5
116,baseline,Nurse_67,3,9.0
116,baseline,Nurse_68,3,13.0
116,baseline,Nurse_69,0,9.5
116,baseline,Nurse_70,3,17.5
116,strain,Nurse_01,1,12.5
116,strain,Nurse_02,0,14.5
116,strain,Nurse_03,0,11.5
116,strain,Nurse_04,0,5.5
116,strain,Nurse_05,3,13.5
116,strain,Nurse_06,0,13.0
116,strain,Nurse_07,2,19.0
116,strain,Nurse_08,4,19.0
116,strain,Nurse_09,3,12.0
116,strain,Nurse_10,2,19.5
116,strain,Nurse_11,1,11.5
116,strain,Nurse_12,1,9.5
116,strain,Nurse_13,0,12.0
116,strain,Nurse_14,1,16.0
116,strain,Nurse_15,1,12.0
116,strain,Nurse_16,2,12.5
116,strain,Nurse_17,0,12.5
116,strain,Nurse_18,2,9.0
116,strain,Nurse_19,2,12.5
116,strain,Nurse_20,2,12.5
116,strain,Nurse_21,1,13.0
116,strain,Nurse_22,2,11.5
116,strain,Nurse_23,2,12.5
116,strain,Nurse_24,2,9.0
116,strain,Nurse_25,2,18.0
116,strain,Nurse_26,2,13.5
116,strain,Nurse_27,3,13.5
116,strain,Nurse_28,1,13.0
116,strain,Nurse_29,3,20.0
116,strain,Nurse_30,3,17.5
116,strain,Nurse_31,2,14.5
116,strain,Nurse_32,1,11.0
116,strain,Nurse_33,3,12.0
116,strain,Nurse_34,2,14.0
116,strain,Nurse_35,0,8.0
116,strain,Nurse_36,2,9.0
116,strain,Nurse_37,2,12.5
116,strain,Nurse_38,1,11.0
116,strain,Nurse_39,4,17.0
116,strain,Nurse_40,3,11.5
116,strain,Nurse_41,0,15.0
116,strain,Nurse_42,2,12.5
116,strain,Nurse_43,0,10.5
116,strain,Nurse_44,4,17.0
116,strain,Nurse_45,3,20.0
116,strain,Nurse_46,0,12.0
116,strain,Nurse_47,1,15.5
116,strain,Nurse_48,1,7.5
116,strain,Nurse_49,0,6.0
116,strain,Nurse_50,2,10.5
116,strain,Nurse_51,2,17.5
116,strain,Nurse_52,0,10.0
116,strain,Nurse_53,4,17.5
116,strain,Nurse_54,2,10.5
116,strain,Nurse_55,2,20.5
116,strain,Nurse_56,2,9.0
116,strain,Nurse_57,1,11.5
116,strain,Nurse_58,4,15.5
116,strain,Nurse_59,1,13.5
116,strain,Nurse_60,3,17.5
116,strain,Nurse_61,0,9.0
116,strain,Nurse_62,0,7.5
116,strain,Nurse_63,3,12.0
116,strain,Nurse_64,3,14.0
116,strain,Nurse_65,0,4.5
116,strain,Nurse_66,0,7.5
116,strain,Nurse_67,2,10.5
116,strain,Nurse_68,2,11.5
116,strain,Nurse_69,0,11.0
116,strain,Nurse_70,2,14.5
117,baseline,Nurse_01,0,1.5
117,baseline,Nurse_02,5,18.0
117,baseline,Nurse_03,4,21.0
117,baseline,Nurse_04,0,4.0
117,baseline,Nurse_05,2,14.0
117,baseline,Nurse_06,4,13.5
117,baseline,Nurse_07,2,17.0
117,baseline,Nurse_08,5,22.0
117,baseline,Nurse_09,2,12.5
117,baseline,Nurse_10,4,18.5
117,baseline,Nurse_11,2,7.5
117,baseline,Nurse_12,4,23.0
117,baseline,Nurse_13,5,22.0
117,baseline,Nurse_14,0,7.5
117,baseline,Nurse_15,0,8.0
117,baseline,Nurse_16,3,15.5
117,baseline,Nurse_17,1,3.0
117,baseline,Nurse_18,6,25.5
117,baseline,Nurse_19,2,11.0
117,baseline,Nurse_20,2,10.0
117,baseline,Nurse_21,0,6.5
117,baseline,Nurse_22,3,16.5
117,baseline,Nurse_23,2,17.0
117,baseline,Nurse_24,1,9.5
117,baseline,Nurse_25,5,29.0
117,baseline,Nurse_26,5,18.0
117,baseline,Nurse_27,3,17.5
117,baseline,Nurse_28,3,14.0
117,baseline,Nurse_29,4,21.0
117,baseline,Nurse_30,3,18.0
117,baseline,Nurse_31,3,17.5
117,baseline,Nurse_32,5,20.5
117,baseline,Nurse_33,0,11.5
117,baseline,Nurse_34,4,23.5
117,baseline,Nurse_35,2,14.5
117,baseline,Nurse_36,0,9.5
117,baseline,Nurse_37,0,10.5
117,baseline,Nurse_38,0,8.5
117,baseline,Nurse_39,5,19.5
117,baseline,Nurse_40,3,18.5
117,baseline,Nurse_41,3,19.0
117,baseline,Nurse_42,0,3.5
117,baseline,Nurse_43,1,16.0
117,baseline,Nurse_44,2,10.5
117,baseline,Nurse_45,1,3.0
117,baseline,Nurse_46,2,9.5
117,baseline,Nurse_47,1,6.0
117,baseline,Nurse_48,5,16.5
117,baseline,Nurse_49,1,11.5
117,baseline,Nurse_50,3,16.0
117,baseline,Nurse_51,3,12.5
117,baseline,Nurse_52,4,12.0
117,baseline,Nurse_53,0,11.0
117,baseline,Nurse_54,4,16.0
117,baseline,Nurse_55,4,18.0
117,baseline,Nurse_56,3,17.5
117,baseline,Nurse_57,1,10.0
117,baseline,Nurse_58,3,10.5
117,baseline,Nurse_59,3,21.0
117,baseline,Nurse_60,0,6.5
117,baseline,Nurse_61,3,24.0
117,baseline,Nurse_62,2,7.5
117,baseline,Nurse_63,5,20.5
117,baseline,Nurse_64,4,17.0
117,baseline,Nurse_65,3,14.5
117,baseline,Nurse_66,4,16.0
117,baseline,Nurse_67,1,5.0
117,baseline,Nurse_68,4,18.5
117,baseline,Nurse_69,2,15.5
117,baseline,Nurse_70,1,6.0
117,strain,Nurse_01,0,3.0
117,strain,Nurse_02,3,16.0
117,strain,Nurse_03,3,18.5
117,strain,Nurse_04,0,4.0
117,strain,Nurse_05,2,14.0
117,strain,Nurse_06,4,13.5
117,strain,Nurse_07,1,15.5
117,strain,Nurse_08,3,16.0
117,strain,Nurse_09,1,10.5
117,strain,Nurse_10,4,17.5
117,strain,Nurse_11,1,7.5
117,strain,Nurse_12,2,18.0
117,strain,Nurse_13,3,17.5
117,strain,Nurse_14,0,10.0
117,strain,Nurse_15,0,8.0
117,strain,Nurse_16,2,15.0
117,strain,Nurse_17,1,6.0
117,strain,Nurse_18,3,16.0
117,strain,Nurse_19,2,11.0
117,strain,Nurse_20,2,10.0
117,strain,Nurse_21,0,6.5
117,strain,Nurse_22,3,16.5
117,strain,Nurse_23,1,11.5
117,strain,Nurse_24,1,9.5
117,strain,Nurse_25,2,17.5
117,strain,Nurse_26,1,12.0
117,strain,Nurse_27,2,13.0
117,strain,Nurse_28,3,16.5
117,strain,Nurse_29,3,20.0
117,strain,Nurse_30,3,16.0
117,strain,Nurse_31,2,15.5
117,strain,Nurse_32,2,14.5
117,strain,Nurse_33,0,12.5
117,strain,Nurse_34,2,17.0
117,strain,Nurse_35,1,10.0
117,strain,Nurse_36,0,13.0
117,strain,Nurse_37,0,11.5
117,strain,Nurse_38,0,11.0
117,strain,Nurse_39,2,13.5
117,strain,Nurse_40,2,15.5
117,strain,Nurse_41,3,19.0
117,strain,Nurse_42,0,8.5
117,strain,Nurse_43,1,14.5
117,strain,Nurse_44,2,10.5
117,strain,Nurse_45,1,3.0
117,strain,Nurse_46,1,8.0
117,strain,Nurse_47,1,6.0
117,strain,Nurse_48,4,13.5
117,strain,Nurse_49,1,10.0
117,strain,Nurse_50,3,16.0
117,strain,Nurse_51,3,11.0
117,strain,Nurse_52,1,7.5
117,strain,Nurse_53,0,9.5
117,strain,Nurse_54,3,17.0
117,strain,Nurse_55,2,16.0
117,strain,Nurse_56,2,18.0
117,strain,Nurse_57,1,12.5
117,strain,Nurse_58,2,9.0
117,strain,Nurse_59,3,17.0
117,strain,Nurse_60,0,6.5
117,strain,Nurse_61,1,15.5
117,strain,Nurse_62,1,4.5
117,strain,Nurse_63,2,12.5
117,strain,Nurse_64,2,13.5
117,strain,Nurse_65,1,10.0
117,strain,Nurse_66,4,18.5
117,strain,Nurse_67,1,7.5
117,strain,Nurse_68,3,17.0
117,strain,Nurse_69,2,16.0
117,strain,Nurse_70,1,9.0
118,baseline,Nurse_01,0,4.5
118,baseline,Nurse_02,0,8.0
118,baseline,Nurse_03,1,7.0
118,baseline,Nurse_04,3,19.0
118,baseline,Nurse_05,1,9.0
118,baseline,Nurse_06,3,12.5
118,baseline,Nurse_07,3,17.0
118,baseline,Nurse_08,0,1.5
118,baseline,Nurse_09,0,5.5
118,baseline,Nurse_10,3,17.5
118,baseline,Nurse_11,3,17.0
118,baseline,Nurse_12,1,11.5
118,baseline,Nurse_13,3,19.0
118,baseline,Nurse_14,4,20.0
118,baseline,Nurse_15,3,13.5
118,baseline,Nurse_16,3,16.0
118,baseline,Nurse_17,1,10.0
118,baseline,Nurse_18,2,15.5
118,baseline,Nurse_19,4,18.5
118,baseline,Nurse_20,2,18.0
118,baseline,Nurse_21,1,13.5
118,baseline,Nurse_22,1,12.0
118,baseline,Nurse_23,3,17.0
118,baseline,Nurse_24,1,4.5
118,baseline,Nurse_25,1,11.0
118,baseline,Nurse_26,2,15.5
118,baseline,Nurse_27,4,17.0
118,baseline,Nurse_28,1,12.5
118,baseline,Nurse_29,4,21.0
118,baseline,Nurse_30,0,8.0
118,baseline,Nurse_31,3,15.0
118,baseline,Nurse_32,2,9.0
118,baseline,Nurse_33,3,17.0
118,baseline,Nurse_34,0,2.0
118,baseline,Nurse_35,0,10.0
118,baseline,Nurse_36,3,16.5
118,baseline,Nurse_37,2,17.5
118,baseline,Nurse_38,3,12.0
118,baseline,Nurse_39,3,18.5
118,baseline,Nurse_40,3,15.5
118,baseline,Nurse_41,2,13.5
118,baseline,Nurse_42,4,12.0
118,baseline,Nurse_43,3,19.5
118,baseline,Nurse_44,5,18.0
118,baseline,Nurse_45,2,9.5
118,baseline,Nurse_46,4,15.0
118,baseline,Nurse_47,3,16.0
118,baseline,Nurse_48,2,6.0
118,baseline,Nurse_49,2,13.0
118,baseline,Nurse_50,4,15.0
118,baseline,Nurse_51,2,13.5
118,baseline,Nurse_52,4,19.5
118,baseline,Nurse_53,2,14.5
118,baseline,Nurse_54,4,20.0
118,baseline,Nurse_55,2,11.0
118,baseline,Nurse_56,4,17.0
118,baseline,Nurse_57,3,15.5
118,baseline,Nurse_58,2,12.5
118,baseline,Nurse_59,3,16.5
118,baseline,Nurse_60,5,20.0
118,baseline,Nurse_61,6,22.5
118,baseline,Nurse_62,5,20.5
118,baseline,Nurse_63,4,18.0
118,baseline,Nurse_64,5,20.0
118,baseline,Nurse_65,3,13.5
118,baseline,Nurse_66,1,8.5
118,baseline,Nurse_67,3,17.5
118,baseline,Nurse_68,3,14.0
118,baseline,Nurse_69,2,14.0
118,baseline,Nurse_70,3,18.5
118,strain,Nurse_01,0,5.5
118,strain,Nurse_02,0,10.5
118,strain,Nurse_03,0,9.0
118,strain,Nurse_04,2,13.5
118,strain,Nurse_05,0,8.5
118,strain,Nurse_06,2,11.0
118,strain,Nurse_07,2,15.5
118,strain,Nurse_08,0,1.5
118,strain,Nurse_09,0,9.5
118,strain,Nurse_10,3,15.0
118,strain,Nurse_11,2,15.0
118,strain,Nurse_12,1,11.5
118,strain,Nurse_13,0,11.5
118,strain,Nurse_14,4,17.0
118,strain,Nurse_15,2,9.0
118,strain,Nurse_16,3,13.5
118,strain,Nurse_17,0,9.5
118,strain,Nurse_18,2,15.5
118,strain,Nurse_19,2,14.5
118,strain,Nurse_20,1,16.5
118,strain,Nurse_21,1,11.5
118,strain,Nurse_22,1,13.5
118,strain,Nurse_23,2,15.5
118,strain,Nurse_24,1,4.5
118,strain,Nurse_25,0,6.5
118,strain,Nurse_26,1,14.0
118,strain,Nurse_27,2,13.0
118,strain,Nurse_28,1,14.5
118,strain,Nurse_29,3,19.0
118,strain,Nurse_30,0,8.5
118,strain,Nurse_31,2,13.5
118,strain,Nurse_32,1,13.5
118,strain,Nurse_33,1,10.0
118,strain,Nurse_34,0,3.5
118,strain,Nurse_35,0,8.5
118,strain,Nurse_36,1,12.5
118,strain,Nurse_37,1,15.0
118,strain,Nurse_38,3,10.5
118,strain,Nurse_39,2,13.0
118,strain,Nurse_40,2,12.5
118,strain,Nurse_41,2,13.5
118,strain,Nurse_42,4,12.0
118,strain,Nurse_43,1,13.0
118,strain,Nurse_44,2,13.5
118,strain,Nurse_45,2,9.5
118,strain,Nurse_46,3,13.0
118,strain,Nurse_47,2,14.5
118,strain,Nurse_48,2,6.0
118,strain,Nurse_49,2,16.0
118,strain,Nurse_50,3,12.0
118,strain,Nurse_51,2,15.0
118,strain,Nurse_52,3,16.5
118,strain,Nurse_53,2,14.5
118,strain,Nurse_54,2,14.5
118,strain,Nurse_55,2,13.5
118,strain,Nurse_56,3,14.5
118,strain,Nurse_57,2,13.5
118,strain,Nurse_58,1,15.0
118,strain,Nurse_59,1,9.0
118,strain,Nurse_60,2,18.0
118,strain,Nurse_61,3,16.5
118,strain,Nurse_62,2,13.0
118,strain,Nurse_63,1,13.0
118,strain,Nurse_64,3,19.0
118,strain,Nurse_65,2,12.0
118,strain,Nurse_66,1,12.5
118,strain,Nurse_67,2,9.0
118,strain,Nurse_68,2,12.5
118,strain,Nurse_69,2,15.5
118,strain,Nurse_70,2,17.0
119,baseline,Nurse_01,2,17.0
119,baseline,Nurse_02,4,24.0
119,baseline,Nurse_03,3,19.5
119,baseline,Nurse_04,5,20.0
119,baseline,Nurse_05,3,17.5
119,baseline,Nurse_06,3,13.0
119,baseline,Nurse_07,2,21.5
119,baseline,Nurse_08,5,20.0
119,baseline,Nurse_09,3,14.5
119,baseline,Nurse_10,2,10.5
119,baseline,Nurse_11,5,22.0
119,baseline,Nurse_12,2,11.0
119,baseline,Nurse_13,5,23.0
119,baseline,Nurse_14,0,6.0
119,baseline,Nurse_15,3,19.0
119,baseline,Nurse_16,3,18.0
119,baseline,Nurse_17,4,20.5
119,baseline,Nurse_18,3,17.5
119,baseline,Nurse_19,3,12.5
119,baseline,Nurse_20,1,9.5
119,baseline,Nurse_21,2,15.5
119,baseline,Nurse_22,5,18.0
119,baseline,Nurse_23,2,10.0
119,baseline,Nurse_24,4,16.0
119,baseline,Nurse_25,1,14.5
119,baseline,Nurse_26,3,12.5
119,baseline,Nurse_27,4,19.0
119,baseline,Nurse_28,4,13.5
119,baseline,Nurse_29,1,9.0
119,baseline,Nurse_30,0,9.5
119,baseline,Nurse_31,2,14.5
119,baseline,Nurse_32,0,4.0
119,baseline,Nurse_33,2,17.0
119,baseline,Nurse_34,2,15.5
119,baseline,Nurse_35,3,15.5
119,baseline,Nurse_36,0,9.0
119,baseline,Nurse_37,0,5.0
119,baseline,Nurse_38,4,12.0
119,baseline,Nurse_39,0,12.5
119,baseline,Nurse_40,4,15.0
119,baseline,Nurse_41,3,19.0
119,baseline,Nurse_42,4,17.0
119,baseline,Nurse_43,0,3.0
119,baseline,Nurse_44,5,21.5
119,baseline,Nurse_45,2,8.5
119,baseline,Nurse_46,4,16.5
119,baseline,Nurse_47,6,18.0
119,baseline,Nurse_48,5,22.5
119,baseline,Nurse_49,2,10.5
119,baseline,Nurse_50,3,16.5
119,baseline,Nurse_51,2,8.0
119,baseline,Nurse_52,4,16.5
119,baseline,Nurse_53,0,1.5
119,baseline,Nurse_54,4,23.0
119,baseline,Nurse_55,2,8.0
119,baseline,Nurse_56,3,18.0
119,baseline,Nurse_57,4,19.0
119,baseline,Nurse_58,6,22.5
119,baseline,Nurse_59,3,16.0
119,baseline,Nurse_60,0,5.5
119,baseline,Nurse_61,3,17.5
119,baseline,Nurse_62,6,25.0
119,baseline,Nurse_63,5,20.5
119,baseline,Nurse_64,5,18.5
119,baseline,Nurse_65,5,23.5
119,baseline,Nurse_66,3,14.0
119,baseline,Nurse_67,0,11.0
119,baseline,Nurse_68,4,18.0
119,baseline,Nurse_69,0,5.5
119,baseline,Nurse_70,5,24.0
119,strain,Nurse_01,2,18.5
119,strain,Nurse_02,2,22.0
119,strain,Nurse_03,3,19.5
119,strain,Nurse_04,4,17.5
119,strain,Nurse_05,0,5.0
119,strain,Nurse_06,2,11.5
119,strain,Nurse_07,1,16.0
119,strain,Nurse_08,3,17.0
119,strain,Nurse_09,2,10.5
119,strain,Nurse_10,1,6.0
119,strain,Nurse_11,3,18.5
119,strain,Nurse_12,1,14.5
119,strain,Nurse_13,4,22.5
119,strain,Nurse_14,0,6.0
119,strain,Nurse_15,2,18.0
119,strain,Nurse_16,2,14.5
119,strain,Nurse_17,3,16.5
119,strain,Nurse_18,2,16.0
119,strain,Nurse_19,3,12.5
119,strain,Nurse_20,0,7.5
119,strain,Nurse_21,1,14.5
119,strain,Nurse_22,4,13.5
119,strain,Nurse_23,2,10.0
119,strain,Nurse_24,3,15.5
119,strain,Nurse_25,1,13.0
119,strain,Nurse_26,3,15.5
119,strain,Nurse_27,3,16.0
119,strain,Nurse_28,4,12.0
119,strain,Nurse_29,0,10.0
119,strain,Nurse_30,0,7.0
119,strain,Nurse_31,2,16.0
119,strain,Nurse_32,0,8.0
119,strain,Nurse_33,2,17.0
119,strain,Nurse_34,1,15.0
119,strain,Nurse_35,3,11.0
119,strain,Nurse_36,0,7.5
119,strain,Nurse_37,0,6.5
119,strain,Nurse_38,2,12.0
119,strain,Nurse_39,0,10.5
119,strain,Nurse_40,4,12.0
119,strain,Nurse_41,3,19.0
119,strain,Nurse_42,3,15.5
119,strain,Nurse_43,0,5.5
119,strain,Nurse_44,3,15.5
119,strain,Nurse_45,2,8.5
119,strain,Nurse_46,3,13.5
119,strain,Nurse_47,6,18.0
119,strain,Nurse_48,3,17.0
119,strain,Nurse_49,2,12.0
119,strain,Nurse_50,2,13.5
119,strain,Nurse_51,1,8.0
119,strain,Nurse_52,3,16.0
119,strain,Nurse_53,0,7.5
119,strain,Nurse_54,2,16.5
119,strain,Nurse_55,0,4.5
119,strain,Nurse_56,1,14.5
119,strain,Nurse_57,3,19.0
119,strain,Nurse_58,3,12.0
119,strain,Nurse_59,2,16.0
119,strain,Nurse_60,0,5.5
119,strain,Nurse_61,3,16.0
119,strain,Nurse_62,3,20.0
119,strain,Nurse_63,2,14.0
119,strain,Nurse_64,4,17.0
119,strain,Nurse_65,1,15.0
119,strain,Nurse_66,2,12.5
119,strain,Nurse_67,0,9.5
119,strain,Nurse_68,3,16.0
119,strain,Nurse_69,0,7.0
119,strain,Nurse_70,4,23.5
120,baseline,Nurse_01,2,16.5
120,baseline,Nurse_02,2,12.5
120,baseline,Nurse_03,3,14.0
120,baseline,Nurse_04,3,16.0
120,baseline,Nurse_05,4,13.5
120,baseline,Nurse_06,3,20.5
120,baseline,Nurse_07,1,6.5
120,baseline,Nurse_08,1,11.5
120,baseline,Nurse_09,0,0.0
120,baseline,Nurse_10,0,4.5
120,baseline,Nurse_11,2,18.0
120,baseline,Nurse_12,0,8.5
120,baseline,Nurse_13,5,21.5
120,baseline,Nurse_14,4,15.5
120,baseline,Nurse_15,2,11.5
120,baseline,Nurse_16,3,18.5
120,baseline,Nurse_17,5,22.0
120,baseline,Nurse_18,5,25.5
120,baseline,Nurse_19,3,15.0
120,baseline,Nurse_20,2,16.5
120,baseline,Nurse_21,5,15.0
120,baseline,Nurse_22,1,7.5
120,baseline,Nurse_23,3,13.5
120,baseline,Nurse_24,2,14.5
120,baseline,Nurse_25,2,12.5
120,baseline,Nurse_26,2,13.5
120,baseline,Nurse_27,2,20.0
120,baseline,Nurse_28,4,12.0
120,baseline,Nurse_29,1,16.0
120,baseline,Nurse_30,3,14.0
120,baseline,Nurse_31,4,19.5
120,baseline,Nurse_32,0,5.0
120,baseline,Nurse_33,1,8.0
120,baseline,Nurse_34,3,15.5
120,baseline,Nurse_35,4,12.0
120,baseline,Nurse_36,3,14.0
120,baseline,Nurse_37,0,3.5
120,baseline,Nurse_38,4,19.0
120,baseline,Nurse_39,6,23.0
120,baseline,Nurse_40,4,16.0
120,baseline,Nurse_41,2,11.0
120,baseline,Nurse_42,1,7.0
120,baseline,Nurse_43,1,6.0
120,baseline,Nurse_44,0,4.0
120,baseline,Nurse_45,3,19.5
120,baseline,Nurse_46,1,6.5
120,baseline,Nurse_47,1,8.0
120,baseline,Nurse_48,2,13.0
120,baseline,Nurse_49,0,6.0
120,baseline,Nurse_50,4,19.5
120,baseline,Nurse_51,4,23.0
120,baseline,Nurse_52,2,7.5
120,baseline,Nurse_53,5,25.5
120,baseline,Nurse_54,2,15.0
120,baseline,Nurse_55,2,14.0
120,baseline,Nurse_56,4,19.5
120,baseline,Nurse_57,1,11.0
120,baseline,Nurse_58,1,13.0
120,baseline,Nurse_59,2,7.5
120,baseline,Nurse_60,3,14.0
120,baseline,Nurse_61,2,14.0
120,baseline,Nurse_62,3,15.5
120,baseline,Nurse_63,3,12.0
120,baseline,Nurse_64,4,21.5
120,baseline,Nurse_65,4,17.0
120,baseline,Nurse_66,3,10.5
120,baseline,Nurse_67,5,27.0
120,baseline,Nurse_68,5,27.0
120,baseline,Nurse_69,0,7.0
120,baseline,Nurse_70,0,12.5
120,strain,Nurse_01,1,12.5
120,strain,Nurse_02,2,12.5
120,strain,Nurse_03,1,11.5
120,strain,Nurse_04,3,16.0
120,strain,Nurse_05,2,12.0
120,strain,Nurse_06,2,15.5
120,strain,Nurse_07,0,8.5
120,strain,Nurse_08,1,12.0
120,strain,Nurse_09,0,3.0
120,strain,Nurse_10,0,7.0
120,strain,Nurse_11,2,14.0
120,strain,Nurse_12,0,10.5
120,strain,Nurse_13,4,18.5
120,strain,Nurse_14,4,14.0
120,strain,Nurse_15,2,11.5
120,strain,Nurse_16,2,14.0
120,strain,Nurse_17,3,19.0
120,strain,Nurse_18,1,16.0
120,strain,Nurse_19,2,14.0
120,strain,Nurse_20,0,12.0
120,strain,Nurse_21,4,13.5
120,strain,Nurse_22,1,9.0
120,strain,Nurse_23,3,14.5
120,strain,Nurse_24,1,8.0
120,strain,Nurse_25,2,14.5
120,strain,Nurse_26,2,12.0
120,strain,Nurse_27,1,16.5
120,strain,Nurse_28,3,12.0
120,strain,Nurse_29,1,13.5
120,strain,Nurse_30,1,9.5
120,strain,Nurse_31,2,12.0
120,strain,Nurse_32,0,6.5
120,strain,Nurse_33,1,8.0
120,strain,Nurse_34,2,11.0
120,strain,Nurse_35,3,12.0
120,strain,Nurse_36,0,9.5
120,strain,Nurse_37,0,4.5
120,strain,Nurse_38,2,16.0
120,strain,Nurse_39,5,19.0
120,strain,Nurse_40,2,15.0
120,strain,Nurse_41,1,10.5
120,strain,Nurse_42,1,8.5
120,strain,Nurse_43,1,7.5
120,strain,Nurse_44,0,4.0
120,strain,Nurse_45,1,16.5
120,strain,Nurse_46,1,9.5
120,strain,Nurse_47,0,8.5
120,strain,Nurse_48,1,11.5
120,strain,Nurse_49,0,6.0
120,strain,Nurse_50,2,15.5
120,strain,Nurse_51,3,21.0
120,strain,Nurse_52,2,7.5
120,strain,Nurse_53,2,20.0
120,strain,Nurse_54,2,14.5
120,strain,Nurse_55,1,11.0
120,strain,Nurse_56,3,19.0
120,strain,Nurse_57,0,9.0
120,strain,Nurse_58,1,13.0
120,strain,Nurse_59,2,9.0
120,strain,Nurse_60,2,11.0
120,strain,Nurse_61,0,9.0
120,strain,Nurse_62,2,11.5
120,strain,Nurse_63,2,10.5
120,strain,Nurse_64,3,19.0
120,strain,Nurse_65,2,14.0
120,strain,Nurse_66,2,7.5
120,strain,Nurse_67,4,22.0
120,strain,Nurse_68,2,19.5
120,strain,Nurse_69,0,8.5
120,strain,Nurse_70,0,11.5
121,baseline,Nurse_01,1,8.5
121,baseline,Nurse_02,3,12.5
121,baseline,Nurse_03,1,8.0
121,baseline,Nurse_04,1,14.0
121,baseline,Nurse_05,2,15.0
121,baseline,Nurse_06,0,6.0
121,baseline,Nurse_07,1,15.5
121,baseline,Nurse_08,4,16.0
121,baseline,Nurse_09,3,13.5
121,baseline,Nurse_10,4,23.0
121,baseline,Nurse_11,3,18.0
121,baseline,Nurse_12,2,15.0
121,baseline,Nurse_13,2,7.5
121,baseline,Nurse_14,2,11.0
121,baseline,Nurse_15,4,18.0
121,baseline,Nurse_16,3,13.5
121,baseline,Nurse_17,2,7.5
121,baseline,Nurse_18,3,12.5
121,baseline,Nurse_19,4,20.0
121,baseline,Nurse_20,4,21.5
121,baseline,Nurse_21,1,11.0
121,baseline,Nurse_22,5,19.0
121,baseline,Nurse_23,2,15.0
121,baseline,Nurse_24,5,23.0
121,baseline,Nurse_25,2,12.5
121,baseline,Nurse_26,3,18.0
121,baseline,Nurse_27,0,2.0
121,baseline,Nurse_28,4,23.0
121,baseline,Nurse_29,3,18.0
121,baseline,Nurse_30,4,18.5
121,baseline,Nurse_31,4,20.0
121,baseline,Nurse_32,2,13.0
121,baseline,Nurse_33,1,7.5
121,baseline,Nurse_34,5,21.0
121,baseline,Nurse_35,1,17.0
121,baseline,Nurse_36,5,22.5
121,baseline,Nurse_37,2,16.0
121,baseline,Nurse_38,3,15.0
121,baseline,Nurse_39,3,14.0
121,baseline,Nurse_40,5,19.0
121,baseline,Nurse_41,1,14.0
121,baseline,Nurse_42,6,22.0
121,baseline,Nurse_43,0,6.0
121,baseline,Nurse_44,2,15.5
121,baseline,Nurse_45,2,17.0
121,baseline,Nurse_46,3,12.5
121,baseline,Nurse_47,1,9.5
121,baseline,Nurse_48,5,23.5
121,baseline,Nurse_49,1,5.0
121,baseline,Nurse_50,3,9.0
121,baseline,Nurse_51,0,5.5
121,baseline,Nurse_52,3,17.5
121,baseline,Nurse_53,0,6.5
121,baseline,Nurse_54,4,13.5
121,baseline,Nurse_55,3,17.0
121,baseline,Nurse_56,4,13.5
121,baseline,Nurse_57,3,18.5
121,baseline,Nurse_58,5,22.0
121,baseline,Nurse_59,0,5.0
121,baseline,Nurse_60,4,21.0
121,baseline,Nurse_61,4,12.0
121,baseline,Nurse_62,0,4.5
121,baseline,Nurse_63,3,13.0
121,baseline,Nurse_64,4,15.0
121,baseline,Nurse_65,2,11.5
121,baseline,Nurse_66,3,14.0
121,baseline,Nurse_67,3,15.5
121,baseline,Nurse_68,1,7.5
121,baseline,Nurse_69,2,12.0
121,baseline,Nurse_70,3,15.0
121,strain,Nurse_01,0,9.5
121,strain,Nurse_02,3,12.5
121,strain,Nurse_03,1,9.0
121,strain,Nurse_04,1,13.0
121,strain,Nurse_05,1,8.5
121,strain,Nurse_06,0,7.5
121,strain,Nurse_07,1,11.5
121,strain,Nurse_08,3,13.5
121,strain,Nurse_09,2,14.5
121,strain,Nurse_10,2,12.5
121,strain,Nurse_11,1,14.0
121,strain,Nurse_12,2,16.5
121,strain,Nurse_13,2,9.0
121,strain,Nurse_14,2,11.0
121,strain,Nurse_15,2,15.5
121,strain,Nurse_16,3,13.5
121,strain,Nurse_17,0,4.5
121,strain,Nurse_18,2,9.5
121,strain,Nurse_19,2,19.5
121,strain,Nurse_20,1,12.5
121,strain,Nurse_21,1,16.0
121,strain,Nurse_22,1,11.5
121,strain,Nurse_23,1,12.5
121,strain,Nurse_24,3,17.0
121,strain,Nurse_25,2,13.0
121,strain,Nurse_26,3,15.0
121,strain,Nurse_27,0,3.0
121,strain,Nurse_28,2,18.0
121,strain,Nurse_29,0,13.0
121,strain,Nurse_30,2,14.0
121,strain,Nurse_31,2,12.5
121,strain,Nurse_32,2,10.5
121,strain,Nurse_33,0,4.5
121,strain,Nurse_34,4,19.0
121,strain,Nurse_35,1,14.5
121,strain,Nurse_36,2,15.5
121,strain,Nurse_37,2,19.0
121,strain,Nurse_38,2,17.0
121,strain,Nurse_39,2,10.0
121,strain,Nurse_40,4,15.0
121,strain,Nurse_41,0,10.0
121,strain,Nurse_42,4,17.5
121,strain,Nurse_43,0,6.0
121,strain,Nurse_44,2,18.0
121,strain,Nurse_45,1,16.5
121,strain,Nurse_46,2,9.0
121,strain,Nurse_47,1,14.0
121,strain,Nurse_48,2,13.0
121,strain,Nurse_49,1,8.0
121,strain,Nurse_50,3,9.0
121,strain,Nurse_51,0,8.0
121,strain,Nurse_52,3,17.5
121,strain,Nurse_53,0,9.0
121,strain,Nurse_54,4,12.0
121,strain,Nurse_55,2,16.5
121,strain,Nurse_56,4,13.5
121,strain,Nurse_57,2,13.0
121,strain,Nurse_58,3,20.0
121,strain,Nurse_59,0,9.0
121,strain,Nurse_60,1,13.5
121,strain,Nurse_61,3,12.0
121,strain,Nurse_62,0,8.5
121,strain,Nurse_63,1,10.0
121,strain,Nurse_64,3,10.5
121,strain,Nurse_65,1,9.0
121,strain,Nurse_66,1,10.0
121,strain,Nurse_67,2,15.0
121,strain,Nurse_68,1,8.0
121,strain,Nurse_69,1,10.5
121,strain,Nurse_70,2,14.5
122,baseline,Nurse_01,3,13.5
122,baseline,Nurse_02,4,13.5
122,baseline,Nurse_03,0,0.0
122,baseline,Nurse_04,4,20.5
122,baseline,Nurse_05,1,11.0
122,baseline,Nurse_06,4,15.0
122,baseline,Nurse_07,1,13.0
122,baseline,Nurse_08,5,19.0
122,baseline,Nurse_09,4,20.5
122,baseline,Nurse_10,0,9.5
122,baseline,Nurse_11,3,20.5
122,baseline,Nurse_12,1,8.5
122,baseline,Nurse_13,1,12.0
122,baseline,Nurse_14,4,16.0
122,baseline,Nurse_15,1,15.0
122,baseline,Nurse_16,4,22.0
122,baseline,Nurse_17,1,5.0
122,baseline,Nurse_18,4,17.0
122,baseline,Nurse_19,2,9.0
122,baseline,Nurse_20,3,18.0
122,baseline,Nurse_21,3,21.5
122,baseline,Nurse_22,2,16.0
122,baseline,Nurse_23,4,14.5
122,baseline,Nurse_24,1,9.5
122,baseline,Nurse_25,0,7.5
122,baseline,Nurse_26,0,6.0
122,baseline,Nurse_27,3,18.0
122,baseline,Nurse_28,0,4.5
122,baseline,Nurse_29,0,7.0
122,baseline,Nurse_30,0,8.0
122,baseline,Nurse_31,0,5.0
122,baseline,Nurse_32,1,8.0
122,baseline,Nurse_33,5,22.5
122,baseline,Nurse_34,0,5.0
122,baseline,Nurse_35,3,17.0
122,baseline,Nurse_36,5,19.0
122,baseline,Nurse_37,1,6.0
122,baseline,Nurse_38,3,12.0
122,baseline,Nurse_39,4,16.5
122,baseline,Nurse_40,3,19.0
122,baseline,Nurse_41,2,15.0
122,baseline,Nurse_42,0,5.5
122,baseline,Nurse_43,3,17.5
122,baseline,Nurse_44,4,18.0
122,baseline,Nurse_45,4,17.0
122,baseline,Nurse_46,4,18.0
122,baseline,Nurse_47,0,1.5
122,baseline,Nurse_48,2,15.0
122,baseline,Nurse_49,2,11.0
122,baseline,Nurse_50,0,3.5
122,baseline,Nurse_51,4,20.5
122,baseline,Nurse_52,2,7.5
122,baseline,Nurse_53,3,24.0
122,baseline,Nurse_54,1,10.0
122,baseline,Nurse_55,2,15.0
122,baseline,Nurse_56,1,15.0
122,baseline,Nurse_57,0,13.0
122,baseline,Nurse_58,4,19.0
122,baseline,Nurse_59,5,22.5
122,baseline,Nurse_60,5,15.0
122,baseline,Nurse_61,1,4.5
122,baseline,Nurse_62,3,17.0
122,baseline,Nurse_63,2,17.5
122,baseline,Nurse_64,2,15.5
122,baseline,Nurse_65,3,12.5
122,baseline,Nurse_66,0,5.5
122,baseline,Nurse_67,4,20.5
122,baseline,Nurse_68,5,16.5
122,baseline,Nurse_69,2,9.0
122,baseline,Nurse_70,1,7.0
122,strain,Nurse_01,2,10.5
122,strain,Nurse_02,4,15.0
122,strain,Nurse_03,0,0.0
122,strain,Nurse_04,2,15.0
122,strain,Nurse_05,1,12.0
122,strain,Nurse_06,3,12.0
122,strain,Nurse_07,0,6.5
122,strain,Nurse_08,2,13.0
122,strain,Nurse_09,2,17.0
122,strain,Nurse_10,0,9.5
122,strain,Nurse_11,2,18.5
122,strain,Nurse_12,0,7.0
122,strain,Nurse_13,0,10.0
122,strain,Nurse_14,4,13.0
122,strain,Nurse_15,0,12.0
122,strain,Nurse_16,2,16.5
122,strain,Nurse_17,0,6.0
122,strain,Nurse_18,3,16.0
122,strain,Nurse_19,2,9.0
122,strain,Nurse_20,0,11.5
122,strain,Nurse_21,1,17.5
122,strain,Nurse_22,1,14.0
122,strain,Nurse_23,2,12.0
122,strain,Nurse_24,1,13.5
122,strain,Nurse_25,0,10.0
122,strain,Nurse_26,0,6.0
122,strain,Nurse_27,2,17.0
122,strain,Nurse_28,0,7.5
122,strain,Nurse_29,0,7.0
122,strain,Nurse_30,0,7.0
122,strain,Nurse_31,0,9.0
122,strain,Nurse_32,1,10.5
122,strain,Nurse_33,4,17.0
122,strain,Nurse_34,0,6.0
122,strain,Nurse_35,2,12.5
122,strain,Nurse_36,3,13.0
122,strain,Nurse_37,1,6.0
122,strain,Nurse_38,2,7.5
122,strain,Nurse_39,2,14.5
122,strain,Nurse_40,1,15.5
122,strain,Nurse_41,1,11.5
122,strain,Nurse_42,0,17.0
122,strain,Nurse_43,2,13.0
122,strain,Nurse_44,1,15.0
122,strain,Nurse_45,3,17.0
122,strain,Nurse_46,2,13.0
122,strain,Nurse_47,0,3.0
122,strain,Nurse_48,1,10.5
122,strain,Nurse_49,1,10.5
122,strain,Nurse_50,0,2.0
122,strain,Nurse_51,1,15.0
122,strain,Nurse_52,1,6.0
122,strain,Nurse_53,1,17.0
122,strain,Nurse_54,1,10.0
122,strain,Nurse_55,1,14.0
122,strain,Nurse_56,1,12.5
122,strain,Nurse_57,0,13.0
122,strain,Nurse_58,3,14.5
122,strain,Nurse_59,4,18.0
122,strain,Nurse_60,2,12.0
122,strain,Nurse_61,1,6.0
122,strain,Nurse_62,1,12.0
122,strain,Nurse_63,2,16.5
122,strain,Nurse_64,1,12.0
122,strain,Nurse_65,2,8.0
122,strain,Nurse_66,0,8.0
122,strain,Nurse_67,3,16.0
122,strain,Nurse_68,4,15.0
122,strain,Nurse_69,2,9.0
122,strain,Nurse_70,0,7.0
123,baseline,Nurse_01,0,5.0
123,baseline,Nurse_02,0,6.5
123,baseline,Nurse_03,4,18.5
123,baseline,Nurse_04,2,14.5
123,baseline,Nurse_05,2,18.0
123,baseline,Nurse_06,1,11.5
123,baseline,Nurse_07,1,12.5
123,baseline,Nurse_08,3,19.5
123,baseline,Nurse_09,2,8.0
123,baseline,Nurse_10,0,8.5
123,baseline,Nurse_11,5,20.5
123,baseline,Nurse_12,5,21.5
123,baseline,Nurse_13,0,4.0
123,baseline,Nurse_14,3,17.0
123,baseline,Nurse_15,2,15.5
123,baseline,Nurse_16,1,8.5
123,baseline,Nurse_17,0,9.5
123,baseline,Nurse_18,0,7.5
123,baseline,Nurse_19,1,12.5
123,baseline,Nurse_20,1,3.0
123,baseline,Nurse_21,3,10.5
123,baseline,Nurse_22,4,12.0
123,baseline,Nurse_23,3,10.5
123,baseline,Nurse_24,4,22.0
123,baseline,Nurse_25,3,14.0
123,baseline,Nurse_26,5,20.0
123,baseline,Nurse_27,3,17.5
123,baseline,Nurse_28,2,16.0
123,baseline,Nurse_29,0,9.5
123,baseline,Nurse_30,2,16.0
123,baseline,Nurse_31,1,9.5
123,baseline,Nurse_32,0,5.5
123,baseline,Nurse_33,0,3.0
123,baseline,Nurse_34,0,7.5
123,baseline,Nurse_35,1,16.0
123,baseline,Nurse_36,4,18.5
123,baseline,Nurse_37,1,11.0
123,baseline,Nurse_38,0,4.0
123,baseline,Nurse_39,4,19.0
123,baseline,Nurse_40,4,21.5
123,baseline,Nurse_41,5,25.5
123,baseline,Nurse_42,3,17.0
123,baseline,Nurse_43,3,11.0
123,baseline,Nurse_44,0,3.0
123,baseline,Nurse_45,5,19.0
123,baseline,Nurse_46,5,20.5
123,baseline,Nurse_47,3,17.0
123,baseline,Nurse_48,3,11.0
123,baseline,Nurse_49,4,20.0
123,baseline,Nurse_50,1,13.0
123,baseline,Nurse_51,3,15.5
123,baseline,Nurse_52,3,15.0
123,baseline,Nurse_53,2,6.0
123,baseline,Nurse_54,2,18.0
123,baseline,Nurse_55,2,7.5
123,baseline,Nurse_56,4,12.0
123,baseline,Nurse_57,4,12.0
123,baseline,Nurse_58,1,3.0
123,baseline,Nurse_59,3,17.0
123,baseline,Nurse_60,4,20.5
123,baseline,Nurse_61,1,9.0
123,baseline,Nurse_62,1,7.5
123,baseline,Nurse_63,4,20.0
123,baseline,Nurse_64,4,21.0
123,baseline,Nurse_65,3,17.0
123,baseline,Nurse_66,3,17.0
123,baseline,Nurse_67,4,20.0
123,baseline,Nurse_68,3,9.0
123,baseline,Nurse_69,0,7.0
123,baseline,Nurse_70,4,21.0
123,strain,Nurse_01,0,7.5
123,strain,Nurse_02,0,9.0
123,strain,Nurse_03,4,17.0
123,strain,Nurse_04,1,12.5
123,strain,Nurse_05,0,13.5
123,strain,Nurse_06,1,9.0
123,strain,Nurse_07,0,13.5
123,strain,Nurse_08,2,16.0
123,strain,Nurse_09,2,10.5
123,strain,Nurse_10,0,11.0
123,strain,Nurse_11,1,15.0
123,strain,Nurse_12,5,21.5
123,strain,Nurse_13,0,8.0
123,strain,Nurse_14,1,14.5
123,strain,Nurse_15,1,12.5
123,strain,Nurse_16,1,7.5
123,strain,Nurse_17,0,9.5
123,strain,Nurse_18,1,11.0
123,strain,Nurse_19,0,8.0
123,strain,Nurse_20,0,4.5
123,strain,Nurse_21,3,9.0
123,strain,Nurse_22,4,13.5
123,strain,Nurse_23,3,10.5
123,strain,Nurse_24,4,19.0
123,strain,Nurse_25,3,16.5
123,strain,Nurse_26,3,14.0
123,strain,Nurse_27,2,15.0
123,strain,Nurse_28,0,10.5
123,strain,Nurse_29,0,13.0
123,strain,Nurse_30,1,11.5
123,strain,Nurse_31,1,9.5
123,strain,Nurse_32,0,8.5
123,strain,Nurse_33,0,5.5
123,strain,Nurse_34,0,8.5
123,strain,Nurse_35,1,13.5
123,strain,Nurse_36,3,16.0
123,strain,Nurse_37,0,6.5
123,strain,Nurse_38,0,7.0
123,strain,Nurse_39,1,15.5
123,strain,Nurse_40,3,18.5
123,strain,Nurse_41,2,15.0
123,strain,Nurse_42,3,17.0
123,strain,Nurse_43,3,12.5
123,strain,Nurse_44,0,7.5
123,strain,Nurse_45,1,9.5
123,strain,Nurse_46,3,15.5
123,strain,Nurse_47,3,14.0
123,strain,Nurse_48,1,10.0
123,strain,Nurse_49,2,15.5
123,strain,Nurse_50,0,9.0
123,strain,Nurse_51,2,9.5
123,strain,Nurse_52,3,15.0
123,strain,Nurse_53,2,9.0
123,strain,Nurse_54,2,13.0
123,strain,Nurse_55,1,9.0
123,strain,Nurse_56,2,10.5
123,strain,Nurse_57,1,7.5
123,strain,Nurse_58,1,4.5
123,strain,Nurse_59,2,14.5
123,strain,Nurse_60,2,15.5
123,strain,Nurse_61,1,9.0
123,strain,Nurse_62,1,6.5
123,strain,Nurse_63,2,14.5
123,strain,Nurse_64,0,11.5
123,strain,Nurse_65,2,14.0
123,strain,Nurse_66,2,17.0
123,strain,Nurse_67,2,14.0
123,strain,Nurse_68,3,9.0
123,strain,Nurse_69,0,7.0
123,strain,Nurse_70,3,17.5
124,baseline,Nurse_01,0,6.5
124,baseline,Nurse_02,2,16.0
124,baseline,Nurse_03,5,17.5
124,baseline,Nurse_04,2,13.5
124,baseline,Nurse_05,2,17.5
124,baseline,Nurse_06,2,11.0
124,baseline,Nurse_07,4,17.5
124,baseline,Nurse_08,5,21.5
124,baseline,Nurse_09,5,16.5
124,baseline,Nurse_10,4,18.0
124,baseline,Nurse_11,5,26.0
124,baseline,Nurse_12,3,13.0
124,baseline,Nurse_13,0,7.5
124,baseline,Nurse_14,3,14.0
124,baseline,Nurse_15,1,10.5
124,baseline,Nurse_16,4,12.0
124,baseline,Nurse_17,4,19.5
124,baseline,Nurse_18,1,9.0
124,baseline,Nurse_19,4,22.5
124,baseline,Nurse_20,1,9.5
124,baseline,Nurse_21,4,21.5
124,baseline,Nurse_22,5,18.0
124,baseline,Nurse_23,5,15.0
124,baseline,Nurse_24,1,9.5
124,baseline,Nurse_25,5,23.0
124,baseline,Nurse_26,5,23.0
124,baseline,Nurse_27,4,20.0
124,baseline,Nurse_28,6,23.0
124,baseline,Nurse_29,2,6.0
124,baseline,Nurse_30,3,16.5
124,baseline,Nurse_31,3,19.5
124,baseline,Nurse_32,2,14.0
124,baseline,Nurse_33,0,6.5
124,baseline,Nurse_34,2,15.5
124,baseline,Nurse_35,4,21.5
124,baseline,Nurse_36,1,5.0
124,baseline,Nurse_37,1,5.0
124,baseline,Nurse_38,4,20.0
124,baseline,Nurse_39,4,13.5
124,baseline,Nurse_40,3,16.0
124,baseline,Nurse_41,2,15.0
124,baseline,Nurse_42,0,8.0
124,baseline,Nurse_43,5,24.5
124,baseline,Nurse_44,0,9.5
124,baseline,Nurse_45,1,14.0
124,baseline,Nurse_46,4,18.0
124,baseline,Nurse_47,4,20.0
124,baseline,Nurse_48,1,6.0
124,baseline,Nurse_49,3,16.5
124,baseline,Nurse_50,1,13.0
124,baseline,Nurse_51,1,11.0
124,baseline,Nurse_52,4,15.5
124,baseline,Nurse_53,1,7.0
124,baseline,Nurse_54,3,15.0
124,baseline,Nurse_55,4,24.5
124,baseline,Nurse_56,2,13.5
124,baseline,Nurse_57,4,21.5
124,baseline,Nurse_58,3,15.5
124,baseline,Nurse_59,6,19.5
124,baseline,Nurse_60,0,2.0
124,baseline,Nurse_61,1,11.0
124,baseline,Nurse_62,5,26.5
124,baseline,Nurse_63,3,16.0
124,baseline,Nurse_64,2,6.0
124,baseline,Nurse_65,3,10.5
124,baseline,Nurse_66,3,16.0
124,baseline,Nurse_67,4,17.0
124,baseline,Nurse_68,3,22.0
124,baseline,Nurse_69,1,12.0
124,baseline,Nurse_70,2,15.0
124,strain,Nurse_01,0,8.0
124,strain,Nurse_02,1,10.5
124,strain,Nurse_03,3,14.5
124,strain,Nurse_04,2,17.5
124,strain,Nurse_05,1,15.5
124,strain,Nurse_06,2,12.5
124,strain,Nurse_07,4,16.0
124,strain,Nurse_08,3,18.5
124,strain,Nurse_09,4,12.0
124,strain,Nurse_10,2,12.5
124,strain,Nurse_11,3,20.0
124,strain,Nurse_12,3,14.5
124,strain,Nurse_13,0,6.0
124,strain,Nurse_14,3,12.5
124,strain,Nurse_15,1,8.0
124,strain,Nurse_16,2,10.5
124,strain,Nurse_17,4,18.0
124,strain,Nurse_18,1,10.5
124,strain,Nurse_19,3,20.0
124,strain,Nurse_20,0,9.0
124,strain,Nurse_21,3,20.0
124,strain,Nurse_22,5,18.0
124,strain,Nurse_23,3,13.5
124,strain,Nurse_24,0,7.0
124,strain,Nurse_25,3,16.5
124,strain,Nurse_26,3,18.0
124,strain,Nurse_27,3,15.5
124,strain,Nurse_28,2,17.5
124,strain,Nurse_29,2,7.5
124,strain,Nurse_30,3,17.5
124,strain,Nurse_31,2,17.5
124,strain,Nurse_32,1,12.5
124,strain,Nurse_33,0,5.5
124,strain,Nurse_34,1,8.5
124,strain,Nurse_35,3,19.5
124,strain,Nurse_36,1,7.5
124,strain,Nurse_37,0,7.0
124,strain,Nurse_38,3,15.5
124,strain,Nurse_39,3,12.0
124,strain,Nurse_40,3,16.0
124,strain,Nurse_41,2,16.5
124,strain,Nurse_42,0,11.0
124,strain,Nurse_43,0,11.5
124,strain,Nurse_44,0,12.0
124,strain,Nurse_45,1,14.0
124,strain,Nurse_46,4,17.0
124,strain,Nurse_47,3,20.0
124,strain,Nurse_48,1,8.5
124,strain,Nurse_49,3,15.0
124,strain,Nurse_50,0,8.5
124,strain,Nurse_51,1,12.0
124,strain,Nurse_52,4,15.5
124,strain,Nurse_53,1,7.0
124,strain,Nurse_54,3,15.0
124,strain,Nurse_55,3,21.5
124,strain,Nurse_56,2,13.5
124,strain,Nurse_57,2,15.0
124,strain,Nurse_58,2,15.0
124,strain,Nurse_59,4,13.5
124,strain,Nurse_60,0,6.5
124,strain,Nurse_61,0,9.5
124,strain,Nurse_62,2,20.0
124,strain,Nurse_63,1,10.0
124,strain,Nurse_64,2,6.0
124,strain,Nurse_65,2,9.0
124,strain,Nurse_66,2,15.5
124,strain,Nurse_67,4,17.0
124,strain,Nurse_68,3,19.0
124,strain,Nurse_69,0,8.0
124,strain,Nurse_70,1,17.0
125,baseline,Nurse_01,0,0.0
125,baseline,Nurse_02,1,11.5
125,baseline,Nurse_03,5,23.0
125,baseline,Nurse_04,3,14.0
125,baseline,Nurse_05,2,10.5
125,baseline,Nurse_06,5,19.5
125,baseline,Nurse_07,1,9.5
125,baseline,Nurse_08,1,15.5
125,baseline,Nurse_09,5,16.5
125,baseline,Nurse_10,4,15.0
125,baseline,Nurse_11,4,23.0
125,baseline,Nurse_12,0,3.5
125,baseline,Nurse_13,3,17.5
125,baseline,Nurse_14,0,5.0
125,baseline,Nurse_15,5,25.0
125,baseline,Nurse_16,4,14.0
125,baseline,Nurse_17,5,19.0
125,baseline,Nurse_18,3,17.0
125,baseline,Nurse_19,0,6.0
125,baseline,Nurse_20,2,15.5
125,baseline,Nurse_21,5,17.0
125,baseline,Nurse_22,4,12.0
125,baseline,Nurse_23,3,14.5
125,baseline,Nurse_24,5,18.0
125,baseline,Nurse_25,0,5.0
125,baseline,Nurse_26,7,28.0
125,baseline,Nurse_27,0,6.0
125,baseline,Nurse_28,5,25.0
125,baseline,Nurse_29,2,17.5
125,baseline,Nurse_30,2,16.5
125,baseline,Nurse_31,0,6.0
125,baseline,Nurse_32,2,11.0
125,baseline,Nurse_33,1,8.0
125,baseline,Nurse_34,2,15.5
125,baseline,Nurse_35,2,17.0
125,baseline,Nurse_36,3,16.0
125,baseline,Nurse_37,0,4.0
125,baseline,Nurse_38,5,23.0
125,baseline,Nurse_39,3,15.5
125,baseline,Nurse_40,1,10.5
125,baseline,Nurse_41,2,11.0
125,baseline,Nurse_42,3,17.5
125,baseline,Nurse_43,4,22.5
125,baseline,Nurse_44,1,10.5
125,baseline,Nurse_45,6,26.0
125,baseline,Nurse_46,1,12.5
125,baseline,Nurse_47,4,20.0
125,baseline,Nurse_48,4,20.0
125,baseline,Nurse_49,1,4.5
125,baseline,Nurse_50,0,7.0
125,baseline,Nurse_51,1,11.5
125,baseline,Nurse_52,4,17.0
125,baseline,Nurse_53,0,8.0
125,baseline,Nurse_54,3,15.0
125,baseline,Nurse_55,0,12.0
125,baseline,Nurse_56,0,7.5
125,baseline,Nurse_57,4,22.5
125,baseline,Nurse_58,4,12.0
125,baseline,Nurse_59,4,12.0
125,baseline,Nurse_60,2,16.5
125,baseline,Nurse_61,1,9.5
125,baseline,Nurse_62,4,18.5
125,baseline,Nurse_63,3,18.0
125,baseline,Nurse_64,2,15.0
125,baseline,Nurse_65,4,20.0
125,baseline,Nurse_66,0,6.5
125,baseline,Nurse_67,4,22.5
125,baseline,Nurse_68,0,5.5
125,baseline,Nurse_69,0,1.5
125,baseline,Nurse_70,0,6.5
125,strain,Nurse_01,0,3.0
125,strain,Nurse_02,1,15.5
125,strain,Nurse_03,3,20.0
125,strain,Nurse_04,2,11.0
125,strain,Nurse_05,1,7.5
125,strain,Nurse_06,3,16.5
125,strain,Nurse_07,1,9.5
125,strain,Nurse_08,1,14.0
125,strain,Nurse_09,5,16.5
125,strain,Nurse_10,3,10.5
125,strain,Nurse_11,1,15.0
125,strain,Nurse_12,0,3.5
125,strain,Nurse_13,3,17.5
125,strain,Nurse_14,0,5.0
125,strain,Nurse_15,2,17.0
125,strain,Nurse_16,2,11.0
125,strain,Nurse_17,2,13.5
125,strain,Nurse_18,2,11.0
125,strain,Nurse_19,0,6.0
125,strain,Nurse_20,1,8.5
125,strain,Nurse_21,4,15.5
125,strain,Nurse_22,4,12.0
125,strain,Nurse_23,2,14.0
125,strain,Nurse_24,3,19.0
125,strain,Nurse_25,0,6.5
125,strain,Nurse_26,1,18.0
125,strain,Nurse_27,0,7.5
125,strain,Nurse_28,4,21.0
125,strain,Nurse_29,0,10.5
125,strain,Nurse_30,1,12.5
125,strain,Nurse_31,0,8.5
125,strain,Nurse_32,1,11.0
125,strain,Nurse_33,0,9.0
125,strain,Nurse_34,1,13.5
125,strain,Nurse_35,1,12.5
125,strain,Nurse_36,2,18.0
125,strain,Nurse_37,0,6.5
125,strain,Nurse_38,2,16.0
125,strain,Nurse_39,1,12.5
125,strain,Nurse_40,1,11.0
125,strain,Nurse_41,1,14.5
125,strain,Nurse_42,3,17.5
125,strain,Nurse_43,3,18.5
125,strain,Nurse_44,1,12.0
125,strain,Nurse_45,5,21.5
125,strain,Nurse_46,1,12.5
125,strain,Nurse_47,1,13.0
125,strain,Nurse_48,2,13.0
125,strain,Nurse_49,1,6.0
125,strain,Nurse_50,1,9.5
125,strain,Nurse_51,1,11.5
125,strain,Nurse_52,2,15.0
125,strain,Nurse_53,0,6.5
125,strain,Nurse_54,2,14.0
125,strain,Nurse_55,0,8.0
125,strain,Nurse_56,0,10.0
125,strain,Nurse_57,3,15.5
125,strain,Nurse_58,2,12.0
125,strain,Nurse_59,4,12.0
125,strain,Nurse_60,2,15.0
125,strain,Nurse_61,1,9.5
125,strain,Nurse_62,2,14.5
125,strain,Nurse_63,2,14.5
125,strain,Nurse_64,1,14.5
125,strain,Nurse_65,2,18.0
125,strain,Nurse_66,0,9.5
125,strain,Nurse_67,3,18.5
125,strain,Nurse_68,1,9.5
125,strain,Nurse_69,0,3.0
125,strain,Nurse_70,0,10.5
126,baseline,Nurse_01,4,22.0
126,baseline,Nurse_02,3,14.0
126,baseline,Nurse_03,1,4.5
126,baseline,Nurse_04,0,11.0
126,baseline,Nurse_05,6,25.0
126,baseline,Nurse_06,5,23.5
126,baseline,Nurse_07,1,10.5
126,baseline,Nurse_08,0,10.0
126,baseline,Nurse_09,3,12.0
126,baseline,Nurse_10,0,7.5
126,baseline,Nurse_11,2,18.5
126,baseline,Nurse_12,5,17.0
126,baseline,Nurse_13,2,10.5
126,baseline,Nurse_14,1,9.0
126,baseline,Nurse_15,2,10.0
126,baseline,Nurse_16,3,17.5
126,baseline,Nurse_17,3,10.5
126,baseline,Nurse_18,3,14.5
126,baseline,Nurse_19,4,20.5
126,baseline,Nurse_20,3,15.0
126,baseline,Nurse_21,3,17.0
126,baseline,Nurse_22,0,12.5
126,baseline,Nurse_23,3,10.5
126,baseline,Nurse_24,0,10.0
126,baseline,Nurse_25,4,18.5
126,baseline,Nurse_26,3,16.5
126,baseline,Nurse_27,1,8.5
126,baseline,Nurse_28,0,5.0
126,baseline,Nurse_29,1,11.0
126,baseline,Nurse_30,0,4.0
126,baseline,Nurse_31,3,18.0
126,baseline,Nurse_32,5,23.0
126,baseline,Nurse_33,5,22.0
126,baseline,Nurse_34,2,14.0
126,baseline,Nurse_35,1,11.0
126,baseline,Nurse_36,2,6.0
126,baseline,Nurse_37,1,10.5
126,baseline,Nurse_38,1,8.0
126,baseline,Nurse_39,3,18.5
126,baseline,Nurse_40,4,15.5
126,baseline,Nurse_41,2,19.0
126,baseline,Nurse_42,1,7.0
126,baseline,Nurse_43,4,16.5
126,baseline,Nurse_44,3,13.0
126,baseline,Nurse_45,6,23.0
126,baseline,Nurse_46,2,12.5
126,baseline,Nurse_47,2,7.5
126,baseline,Nurse_48,3,14.5
126,baseline,Nurse_49,5,16.5
126,baseline,Nurse_50,3,13.0
126,baseline,Nurse_51,3,16.5
126,baseline,Nurse_52,3,9.0
126,baseline,Nurse_53,1,12.5
126,baseline,Nurse_54,2,16.0
126,baseline,Nurse_55,2,12.0
126,baseline,Nurse_56,5,23.5
126,baseline,Nurse_57,2,6.0
126,baseline,Nurse_58,3,16.5
126,baseline,Nurse_59,3,14.0
126,baseline,Nurse_60,0,11.0
126,baseline,Nurse_61,3,22.5
126,baseline,Nurse_62,5,27.0
126,baseline,Nurse_63,4,12.0
126,baseline,Nurse_64,2,12.5
126,baseline,Nurse_65,4,21.0
126,baseline,Nurse_66,4,16.5
126,baseline,Nurse_67,5,24.5
126,baseline,Nurse_68,4,22.0
126,baseline,Nurse_69,3,15.5
126,baseline,Nurse_70,5,20.5
126,strain,Nurse_01,2,14.5
126,strain,Nurse_02,2,12.5
126,strain,Nurse_03,1,6.0
126,strain,Nurse_04,0,11.5
126,strain,Nurse_05,3,18.5
126,strain,Nurse_06,3,19.5
126,strain,Nurse_07,0,8.5
126,strain,Nurse_08,0,10.0
126,strain,Nurse_09,3,12.0
126,strain,Nurse_10,0,8.5
126,strain,Nurse_11,2,16.0
126,strain,Nurse_12,3,15.5
126,strain,Nurse_13,1,11.5
126,strain,Nurse_14,1,9.0
126,strain,Nurse_15,1,8.5
126,strain,Nurse_16,2,13.5
126,strain,Nurse_17,3,12.0
126,strain,Nurse_18,1,13.0
126,strain,Nurse_19,2,14.0
126,strain,Nurse_20,1,13.5
126,strain,Nurse_21,2,13.0
126,strain,Nurse_22,0,9.5
126,strain,Nurse_23,2,12.0
126,strain,Nurse_24,0,12.5
126,strain,Nurse_25,2,11.5
126,strain,Nurse_26,3,21.5
126,strain,Nurse_27,1,11.0
126,strain,Nurse_28,0,6.5
126,strain,Nurse_29,0,10.5
126,strain,Nurse_30,1,7.5
126,strain,Nurse_31,1,13.0
126,strain,Nurse_32,4,20.0
126,strain,Nurse_33,4,20.5
126,strain,Nurse_34,1,11.5
126,strain,Nurse_35,0,10.5
126,strain,Nurse_36,2,6.0
126,strain,Nurse_37,1,15.5
126,strain,Nurse_38,0,9.0
126,strain,Nurse_39,2,16.5
126,strain,Nurse_40,4,14.0
126,strain,Nurse_41,2,19.0
126,strain,Nurse_42,1,8.5
126,strain,Nurse_43,3,13.5
126,strain,Nurse_44,3,13.0
126,strain,Nurse_45,4,20.0
126,strain,Nurse_46,0,10.0
126,strain,Nurse_47,2,7.5
126,strain,Nurse_48,1,7.0
126,strain,Nurse_49,4,15.0
126,strain,Nurse_50,2,15.0
126,strain,Nurse_51,3,16.5
126,strain,Nurse_52,3,10.5
126,strain,Nurse_53,1,12.5
126,strain,Nurse_54,2,16.0
126,strain,Nurse_55,0,9.0
126,strain,Nurse_56,2,18.0
126,strain,Nurse_57,1,4.5
126,strain,Nurse_58,2,13.5
126,strain,Nurse_59,2,12.5
126,strain,Nurse_60,0,10.5
126,strain,Nurse_61,2,16.5
126,strain,Nurse_62,3,19.5
126,strain,Nurse_63,2,9.0
126,strain,Nurse_64,2,11.0
126,strain,Nurse_65,2,17.0
126,strain,Nurse_66,4,16.5
126,strain,Nurse_67,4,17.5
126,strain,Nurse_68,2,21.0
126,strain,Nurse_69,2,14.0
126,strain,Nurse_70,3,14.5
127,baseline,Nurse_01,3,18.5
127,baseline,Nurse_02,4,20.5
127,baseline,Nurse_03,4,18.5
127,baseline,Nurse_04,1,9.5
127,baseline,Nurse_05,1,5.0
127,baseline,Nurse_06,4,22.0
127,baseline,Nurse_07,3,15.0
127,baseline,Nurse_08,0,6.5
127,baseline,Nurse_09,1,10.5
127,baseline,Nurse_10,4,19.5
127,baseline,Nurse_11,3,17.5
127,baseline,Nurse_12,2,11.5
127,baseline,Nurse_13,1,11.0
127,baseline,Nurse_14,4,18.0
127,baseline,Nurse_15,0,5.5
127,baseline,Nurse_16,3,16.5
127,baseline,Nurse_17,2,7.5
127,baseline,Nurse_18,5,24.0
127,baseline,Nurse_19,3,18.0
127,baseline,Nurse_20,0,3.5
127,baseline,Nurse_21,3,17.0
127,baseline,Nurse_22,2,14.0
127,baseline,Nurse_23,3,16.0
127,baseline,Nurse_24,0,1.0
127,baseline,Nurse_25,0,6.0
127,baseline,Nurse_26,1,8.5
127,baseline,Nurse_27,0,5.0
127,baseline,Nurse_28,6,28.0
127,baseline,Nurse_29,4,25.5
127,baseline,Nurse_30,5,15.0
127,baseline,Nurse_31,4,20.0
127,baseline,Nurse_32,4,13.5
127,baseline,Nurse_33,6,23.0
127,baseline,Nurse_34,3,17.5
127,baseline,Nurse_35,2,10.5
127,baseline,Nurse_36,4,17.5
127,baseline,Nurse_37,1,10.0
127,baseline,Nurse_38,2,7.5
127,baseline,Nurse_39,0,1.5
127,baseline,Nurse_40,2,13.5
127,baseline,Nurse_41,0,9.5
127,baseline,Nurse_42,2,12.5
127,baseline,Nurse_43,2,15.5
127,baseline,Nurse_44,2,12.5
127,baseline,Nurse_45,2,14.5
127,baseline,Nurse_46,3,21.0
127,baseline,Nurse_47,1,8.0
127,baseline,Nurse_48,3,20.0
127,baseline,Nurse_49,0,4.0
127,baseline,Nurse_50,1,4.5
127,baseline,Nurse_51,3,14.0
127,baseline,Nurse_52,3,10.5
127,baseline,Nurse_53,3,12.0
127,baseline,Nurse_54,3,9.0
127,baseline,Nurse_55,1,9.0
127,baseline,Nurse_56,6,24.5
127,baseline,Nurse_57,6,25.5
127,baseline,Nurse_58,3,19.5
127,baseline,Nurse_59,5,22.5
127,baseline,Nurse_60,1,6.0
127,baseline,Nurse_61,3,16.0
127,baseline,Nurse_62,1,7.0
127,baseline,Nurse_63,1,6.0
127,baseline,Nurse_64,0,9.0
127,baseline,Nurse_65,1,15.0
127,baseline,Nurse_66,4,21.5
127,baseline,Nurse_67,1,9.5
127,baseline,Nurse_68,6,29.0
127,baseline,Nurse_69,3,20.5
127,baseline,Nurse_70,0,7.5
127,strain,Nurse_01,1,12.5
127,strain,Nurse_02,4,19.0
127,strain,Nurse_03,1,12.5
127,strain,Nurse_04,1,8.0
127,strain,Nurse_05,1,5.0
127,strain,Nurse_06,1,17.0
127,strain,Nurse_07,1,12.0
127,strain,Nurse_08,0,9.0
127,strain,Nurse_09,0,10.5
127,strain,Nurse_10,3,16.5
127,strain,Nurse_11,1,13.0
127,strain,Nurse_12,1,11.5
127,strain,Nurse_13,1,13.0
127,strain,Nurse_14,3,13.5
127,strain,Nurse_15,0,7.0
127,strain,Nurse_16,1,12.0
127,strain,Nurse_17,2,9.0
127,strain,Nurse_18,2,19.5
127,strain,Nurse_19,2,17.0
127,strain,Nurse_20,0,4.5
127,strain,Nurse_21,1,15.0
127,strain,Nurse_22,1,11.0
127,strain,Nurse_23,2,14.5
127,strain,Nurse_24,0,2.5
127,strain,Nurse_25,0,7.5
127,strain,Nurse_26,0,4.0
127,strain,Nurse_27,0,9.0
127,strain,Nurse_28,3,19.5
127,strain,Nurse_29,3,19.5
127,strain,Nurse_30,4,13.5
127,strain,Nurse_31,2,14.5
127,strain,Nurse_32,3,10.5
127,strain,Nurse_33,4,18.5
127,strain,Nurse_34,0,10.5
127,strain,Nurse_35,1,6.0
127,strain,Nurse_36,4,16.0
127,strain,Nurse_37,1,11.5
127,strain,Nurse_38,1,3.0
127,strain,Nurse_39,0,6.0
127,strain,Nurse_40,2,13.5
127,strain,Nurse_41,0,9.5
127,strain,Nurse_42,1,11.0
127,strain,Nurse_43,1,9.5
127,strain,Nurse_44,2,12.5
127,strain,Nurse_45,2,14.5
127,strain,Nurse_46,3,19.5
127,strain,Nurse_47,1,10.5
127,strain,Nurse_48,2,15.5
127,strain,Nurse_49,0,5.5
127,strain,Nurse_50,1,6.0
127,strain,Nurse_51,2,13.5
127,strain,Nurse_52,2,6.0
127,strain,Nurse_53,1,6.0
127,strain,Nurse_54,2,12.0
127,strain,Nurse_55,0,9.0
127,strain,Nurse_56,2,17.0
127,strain,Nurse_57,4,21.0
127,strain,Nurse_58,2,15.0
127,strain,Nurse_59,3,18.0
127,strain,Nurse_60,1,7.0
127,strain,Nurse_61,3,18.5
127,strain,Nurse_62,0,6.5
127,strain,Nurse_63,1,6.0
127,strain,Nurse_64,0,9.0
127,strain,Nurse_65,0,9.5
127,strain,Nurse_66,3,18.0
127,strain,Nurse_67,1,11.0
127,strain,Nurse_68,4,24.0
127,strain,Nurse_69,2,15.0
127,strain,Nurse_70,0,10.0
128,baseline,Nurse_01,1,8.0
128,baseline,Nurse_02,2,13.5
128,baseline,Nurse_03,2,13.5
128,baseline,Nurse_04,5,19.5
128,baseline,Nurse_05,5,22.5
128,baseline,Nurse_06,3,16.5
128,baseline,Nurse_07,1,13.0
128,baseline,Nurse_08,0,3.0
128,baseline,Nurse_09,2,14.0
128,baseline,Nurse_10,5,15.0
128,baseline,Nurse_11,1,8.0
128,baseline,Nurse_12,6,22.0
128,baseline,Nurse_13,0,0.0
128,baseline,Nurse_14,1,13.5
128,baseline,Nurse_15,4,16.5
128,baseline,Nurse_16,1,13.5
128,baseline,Nurse_17,0,5.5
128,baseline,Nurse_18,3,10.5
128,baseline,Nurse_19,1,11.5
128,baseline,Nurse_20,4,19.0
128,baseline,Nurse_21,1,14.0
128,baseline,Nurse_22,1,10.5
128,baseline,Nurse_23,3,13.0
128,baseline,Nurse_24,1,8.0
128,baseline,Nurse_25,3,20.0
128,baseline,Nurse_26,4,15.0
128,baseline,Nurse_27,1,12.0
128,baseline,Nurse_28,3,15.5
128,baseline,Nurse_29,3,11.5
128,baseline,Nurse_30,1,12.0
128,baseline,Nurse_31,1,6.0
128,baseline,Nurse_32,0,9.5
128,baseline,Nurse_33,5,20.5
128,baseline,Nurse_34,2,14.5
128,baseline,Nurse_35,1,6.0
128,baseline,Nurse_36,4,17.5
128,baseline,Nurse_37,0,3.0
128,baseline,Nurse_38,1,10.5
128,baseline,Nurse_39,4,15.0
128,baseline,Nurse_40,3,16.5
128,baseline,Nurse_41,0,6.0
128,baseline,Nurse_42,5,27.5
128,baseline,Nurse_43,1,4.5
128,baseline,Nurse_44,2,8.0
128,baseline,Nurse_45,6,28.5
128,baseline,Nurse_46,3,14.0
128,baseline,Nurse_47,2,13.5
128,baseline,Nurse_48,1,8.5
128,baseline,Nurse_49,3,15.5
128,baseline,Nurse_50,3,17.0
128,baseline,Nurse_51,4,19.5
128,baseline,Nurse_52,2,12.5
128,baseline,Nurse_53,5,24.0
128,baseline,Nurse_54,3,18.0
128,baseline,Nurse_55,2,6.0
128,baseline,Nurse_56,6,25.0
128,baseline,Nurse_57,3,16.0
128,baseline,Nurse_58,2,15.0
128,baseline,Nurse_59,3,18.5
128,baseline,Nurse_60,0,8.5
128,baseline,Nurse_61,4,19.5
128,baseline,Nurse_62,5,16.5
128,baseline,Nurse_63,2,13.0
128,baseline,Nurse_64,3,15.5
128,baseline,Nurse_65,3,18.5
128,baseline,Nurse_66,6,24.0
128,baseline,Nurse_67,5,21.5
128,baseline,Nurse_68,0,6.5
128,baseline,Nurse_69,0,12.5
128,baseline,Nurse_70,0,7.0
128,strain,Nurse_01,1,7.5
128,strain,Nurse_02,2,12.0
128,strain,Nurse_03,2,11.0
128,strain,Nurse_04,2,13.0
128,strain,Nurse_05,2,14.0
128,strain,Nurse_06,2,12.5
128,strain,Nurse_07,0,8.5
128,strain,Nurse_08,0,4.5
128,strain,Nurse_09,1,12.5
128,strain,Nurse_10,2,9.0
128,strain,Nurse_11,0,7.5
128,strain,Nurse_12,4,17.5
128,strain,Nurse_13,0,1.5
128,strain,Nurse_14,0,13.0
128,strain,Nurse_15,2,15.0
128,strain,Nurse_16,0,4.5
128,strain,Nurse_17,0,7.0
128,strain,Nurse_18,2,10.5
128,strain,Nurse_19,1,13.0
128,strain,Nurse_20,3,17.5
128,strain,Nurse_21,1,14.0
128,strain,Nurse_22,0,7.5
128,strain,Nurse_23,1,10.0
128,strain,Nurse_24,1,10.5
128,strain,Nurse_25,1,18.0
128,strain,Nurse_26,3,12.0
128,strain,Nurse_27,1,14.5
128,strain,Nurse_28,2,12.5
128,strain,Nurse_29,3,11.5
128,strain,Nurse_30,1,12.0
128,strain,Nurse_31,0,4.5
128,strain,Nurse_32,0,12.0
128,strain,Nurse_33,2,16.0
128,strain,Nurse_34,2,14.5
128,strain,Nurse_35,1,7.5
128,strain,Nurse_36,3,14.5
128,strain,Nurse_37,0,6.0
128,strain,Nurse_38,0,9.5
128,strain,Nurse_39,3,15.0
128,strain,Nurse_40,0,10.0
128,strain,Nurse_41,0,6.0
128,strain,Nurse_42,1,17.5
128,strain,Nurse_43,1,6.0
128,strain,Nurse_44,2,9.5
128,strain,Nurse_45,4,20.5
128,strain,Nurse_46,2,13.5
128,strain,Nurse_47,2,14.5
128,strain,Nurse_48,0,10.5
128,strain,Nurse_49,2,14.0
128,strain,Nurse_50,3,17.0
128,strain,Nurse_51,3,16.5
128,strain,Nurse_52,2,15.0
128,strain,Nurse_53,3,18.5
128,strain,Nurse_54,2,15.0
128,strain,Nurse_55,2,7.5
128,strain,Nurse_56,5,23.5
128,strain,Nurse_57,2,12.5
128,strain,Nurse_58,0,12.0
128,strain,Nurse_59,0,9.5
128,strain,Nurse_60,1,9.0
128,strain,Nurse_61,3,17.5
128,strain,Nurse_62,4,16.5
128,strain,Nurse_63,2,14.5
128,strain,Nurse_64,3,15.5
128,strain,Nurse_65,2,11.0
128,strain,Nurse_66,3,19.0
128,strain,Nurse_67,3,17.5
128,strain,Nurse_68,0,7.5
128,strain,Nurse_69,0,12.0
128,strain,Nurse_70,0,8.5
129,baseline,Nurse_01,2,13.0
129,baseline,Nurse_02,2,6.0
129,baseline,Nurse_03,1,9.5
129,baseline,Nurse_04,2,15.0
129,baseline,Nurse_05,4,16.5
129,baseline,Nurse_06,1,5.5
129,baseline,Nurse_07,1,12.5
129,baseline,Nurse_08,5,28.5
129,baseline,Nurse_09,0,13.0
129,baseline,Nurse_10,3,16.5
129,baseline,Nurse_11,4,20.0
129,baseline,Nurse_12,1,10.5
129,baseline,Nurse_13,2,9.0
129,baseline,Nurse_14,2,17.5
129,baseline,Nurse_15,1,13.0
129,baseline,Nurse_16,1,10.5
129,baseline,Nurse_17,0,4.0
129,baseline,Nurse_18,5,27.0
129,baseline,Nurse_19,3,16.5
129,baseline,Nurse_20,1,8.5
129,baseline,Nurse_21,1,12.5
129,baseline,Nurse_22,3,13.0
129,baseline,Nurse_23,0,5.5
129,baseline,Nurse_24,1,12.0
129,baseline,Nurse_25,2,13.5
129,baseline,Nurse_26,1,14.0
129,baseline,Nurse_27,5,17.0
129,baseline,Nurse_28,1,3.0
129,baseline,Nurse_29,5,22.5
129,baseline,Nurse_30,4,19.0
129,baseline,Nurse_31,4,23.0
129,baseline,Nurse_32,6,28.5
129,baseline,Nurse_33,3,15.5
129,baseline,Nurse_34,3,14.0
129,baseline,Nurse_35,2,7.5
129,baseline,Nurse_36,0,4.0
129,baseline,Nurse_37,3,14.5
129,baseline,Nurse_38,1,9.5
129,baseline,Nurse_39,0,8.5
129,baseline,Nurse_40,4,12.0
129,baseline,Nurse_41,5,23.5
129,baseline,Nurse_42,0,4.5
129,baseline,Nurse_43,3,16.5
129,baseline,Nurse_44,2,11.5
129,baseline,Nurse_45,5,23.5
129,baseline,Nurse_46,3,13.5
129,baseline,Nurse_47,2,12.5
129,baseline,Nurse_48,0,5.5
129,baseline,Nurse_49,2,13.0
129,baseline,Nurse_50,4,19.0
129,baseline,Nurse_51,0,7.0
129,baseline,Nurse_52,3,21.5
129,baseline,Nurse_53,1,9.5
129,baseline,Nurse_54,1,9.0
129,baseline,Nurse_55,4,12.0
129,baseline,Nurse_56,1,11.5
129,baseline,Nurse_57,4,13.5
129,baseline,Nurse_58,3,11.0
129,baseline,Nurse_59,1,4.5
129,baseline,Nurse_60,3,19.0
129,baseline,Nurse_61,1,7.5
129,baseline,Nurse_62,4,18.0
129,baseline,Nurse_63,2,10.0
129,baseline,Nurse_64,4,13.5
129,baseline,Nurse_65,5,19.0
129,baseline,Nurse_66,2,22.35
129,baseline,Nurse_67,3,18.5
129,baseline,Nurse_68,3,19.0
129,baseline,Nurse_69,0,10.5
129,baseline,Nurse_70,3,15.5
129,strain,Nurse_01,2,13.0
129,strain,Nurse_02,1,6.0
129,strain,Nurse_03,0,10.5
129,strain,Nurse_04,0,11.0
129,strain,Nurse_05,4,15.0
129,strain,Nurse_06,1,8.5
129,strain,Nurse_07,0,7.0
129,strain,Nurse_08,3,24.0
129,strain,Nurse_09,0,13.0
129,strain,Nurse_10,2,13.5
129,strain,Nurse_11,2,13.5
129,strain,Nurse_12,0,9.0
129,strain,Nurse_13,2,11.0
129,strain,Nurse_14,1,17.0
129,strain,Nurse_15,1,13.0
129,strain,Nurse_16,0,7.5
129,strain,Nurse_17,0,8.0
129,strain,Nurse_18,1,20.5
129,strain,Nurse_19,2,13.5
129,strain,Nurse_20,1,7.0
129,strain,Nurse_21,1,11.0
129,strain,Nurse_22,2,15.0
129,strain,Nurse_23,0,7.0
129,strain,Nurse_24,0,5.0
129,strain,Nurse_25,1,11.0
129,strain,Nurse_26,1,12.5
129,strain,Nurse_27,3,14.0
129,strain,Nurse_28,2,12.0
129,strain,Nurse_29,3,18.5
129,strain,Nurse_30,2,13.0
129,strain,Nurse_31,1,14.0
129,strain,Nurse_32,3,24.0
129,strain,Nurse_33,1,9.5
129,strain,Nurse_34,2,13.5
129,strain,Nurse_35,1,7.5
129,strain,Nurse_36,0,4.0
129,strain,Nurse_37,2,13.5
129,strain,Nurse_38,1,7.0
129,strain,Nurse_39,0,13.35
129,strain,Nurse_40,3,13.5
129,strain,Nurse_41,2,16.5
129,strain,Nurse_42,0,5.5
129,strain,Nurse_43,0,11.5
129,strain,Nurse_44,2,11.5
129,strain,Nurse_45,3,19.5
129,strain,Nurse_46,3,15.5
129,strain,Nurse_47,0,8.5
129,strain,Nurse_48,0,7.0
129,strain,Nurse_49,1,13.0
129,strain,Nurse_50,1,11.5
129,strain,Nurse_51,0,9.5
129,strain,Nurse_52,2,15.0
129,strain,Nurse_53,1,9.5
129,strain,Nurse_54,1,10.5
129,strain,Nurse_55,4,12.0
129,strain,Nurse_56,1,9.0
129,strain,Nurse_57,4,13.5
129,strain,Nurse_58,2,12.5
129,strain,Nurse_59,1,6.0
129,strain,Nurse_60,2,13.5
129,strain,Nurse_61,1,9.5
129,strain,Nurse_62,2,16.5
129,strain,Nurse_63,2,10.0
129,strain,Nurse_64,2,12.0
129,strain,Nurse_65,2,14.5
129,strain,Nurse_66,1,15.0
129,strain,Nurse_67,1,13.0
129,strain,Nurse_68,1,11.0
129,strain,Nurse_69,0,7.0
129,strain,Nurse_70,1,9.0
130,baseline,Nurse_01,1,9.5
130,baseline,Nurse_02,5,26.0
130,baseline,Nurse_03,1,8.5
130,baseline,Nurse_04,4,19.5
130,baseline,Nurse_05,0,11.5
130,baseline,Nurse_06,1,9.0
130,baseline,Nurse_07,2,11.5
130,baseline,Nurse_08,4,23.0
130,baseline,Nurse_09,0,7.0
130,baseline,Nurse_10,3,11.5
130,baseline,Nurse_11,5,21.0
130,baseline,Nurse_12,4,18.5
130,baseline,Nurse_13,0,1.5
130,baseline,Nurse_14,3,15.0
130,baseline,Nurse_15,0,3.0
130,baseline,Nurse_16,1,9.0
130,baseline,Nurse_17,4,15.0
130,baseline,Nurse_18,1,5.5
130,baseline,Nurse_19,2,6.0
130,baseline,Nurse_20,0,8.5
130,baseline,Nurse_21,2,8.0
130,baseline,Nurse_22,0,5.0
130,baseline,Nurse_23,0,10.5
130,baseline,Nurse_24,0,1.5
130,baseline,Nurse_25,3,20.0
130,baseline,Nurse_26,4,23.0
130,baseline,Nurse_27,3,11.0
130,baseline,Nurse_28,4,24.0
130,baseline,Nurse_29,3,12.0
130,baseline,Nurse_30,4,19.0
130,baseline,Nurse_31,4,12.0
130,baseline,Nurse_32,2,6.0
130,baseline,Nurse_33,5,26.0
130,baseline,Nurse_34,3,18.0
130,baseline,Nurse_35,3,15.5
130,baseline,Nurse_36,2,14.5
130,baseline,Nurse_37,1,6.0
130,baseline,Nurse_38,2,11.5
130,baseline,Nurse_39,3,21.5
130,baseline,Nurse_40,3,14.0
130,baseline,Nurse_41,0,13.0
130,baseline,Nurse_42,0,3.5
130,baseline,Nurse_43,5,23.5
130,baseline,Nurse_44,4,17.0
130,baseline,Nurse_45,3,15.5
130,baseline,Nurse_46,3,25.5
130,baseline,Nurse_47,0,3.0
130,baseline,Nurse_48,1,11.5
130,baseline,Nurse_49,4,17.0
130,baseline,Nurse_50,3,17.0
130,baseline,Nurse_51,3,20.5
130,baseline,Nurse_52,2,12.5
130,baseline,Nurse_53,0,8.0
130,baseline,Nurse_54,5,24.0
130,baseline,Nurse_55,1,4.5
130,baseline,Nurse_56,4,22.0
130,baseline,Nurse_57,3,12.0
130,baseline,Nurse_58,0,13.0
130,baseline,Nurse_59,5,20.0
130,baseline,Nurse_60,3,20.5
130,baseline,Nurse_61,2,11.0
130,baseline,Nurse_62,0,5.0
130,baseline,Nurse_63,2,13.0
130,baseline,Nurse_64,5,23.0
130,baseline,Nurse_65,2,13.5
130,baseline,Nurse_66,3,15.5
130,baseline,Nurse_67,3,18.0
130,baseline,Nurse_68,3,18.5
130,baseline,Nurse_69,3,16.0
130,baseline,Nurse_70,4,16.5
130,strain,Nurse_01,1,8.5
130,strain,Nurse_02,3,21.0
130,strain,Nurse_03,0,10.5
130,strain,Nurse_04,2,14.0
130,strain,Nurse_05,0,10.5
130,strain,Nurse_06,1,5.0
130,strain,Nurse_07,2,10.0
130,strain,Nurse_08,3,16.0
130,strain,Nurse_09,0,10.0
130,strain,Nurse_10,3,11.5
130,strain,Nurse_11,1,15.0
130,strain,Nurse_12,3,14.5
130,strain,Nurse_13,0,4.5
130,strain,Nurse_14,1,10.5
130,strain,Nurse_15,0,7.5
130,strain,Nurse_16,0,6.0
130,strain,Nurse_17,4,15.0
130,strain,Nurse_18,1,5.5
130,strain,Nurse_19,1,4.5
130,strain,Nurse_20,0,10.0
130,strain,Nurse_21,2,13.5
130,strain,Nurse_22,0,6.0
130,strain,Nurse_23,0,8.0
130,strain,Nurse_24,0,3.0
130,strain,Nurse_25,3,19.0
130,strain,Nurse_26,2,21.0
130,strain,Nurse_27,2,11.0
130,strain,Nurse_28,2,15.5
130,strain,Nurse_29,2,11.0
130,strain,Nurse_30,4,22.0
130,strain,Nurse_31,3,10.5
130,strain,Nurse_32,2,7.5
130,strain,Nurse_33,2,16.0
130,strain,Nurse_34,2,15.5
130,strain,Nurse_35,2,12.5
130,strain,Nurse_36,2,13.0
130,strain,Nurse_37,0,10.5
130,strain,Nurse_38,1,10.5
130,strain,Nurse_39,2,16.5
130,strain,Nurse_40,1,10.5
130,strain,Nurse_41,0,13.5
130,strain,Nurse_42,0,4.5
130,strain,Nurse_43,1,19.0
130,strain,Nurse_44,2,11.5
130,strain,Nurse_45,1,12.5
130,strain,Nurse_46,0,15.0
130,strain,Nurse_47,0,7.0
130,strain,Nurse_48,1,10.0
130,strain,Nurse_49,3,15.5
130,strain,Nurse_50,3,17.0
130,strain,Nurse_51,3,19.0
130,strain,Nurse_52,1,13.5
130,strain,Nurse_53,0,6.5
130,strain,Nurse_54,1,13.5
130,strain,Nurse_55,1,7.5
130,strain,Nurse_56,3,18.0
130,strain,Nurse_57,2,10.5
130,strain,Nurse_58,0,15.5
130,strain,Nurse_59,3,18.0
130,strain,Nurse_60,3,19.5
130,strain,Nurse_61,1,12.5
130,strain,Nurse_62,0,7.5
130,strain,Nurse_63,2,11.5
130,strain,Nurse_64,4,21.5
130,strain,Nurse_65,2,12.5
130,strain,Nurse_66,1,12.0
130,strain,Nurse_67,2,13.5
130,strain,Nurse_68,3,18.5
130,strain,Nurse_69,2,14.5
130,strain,Nurse_70,3,15.0
131,baseline,Nurse_01,1,12.0
131,baseline,Nurse_02,1,3.0
131,baseline,Nurse_03,3,19.0
131,baseline,Nurse_04,4,18.0
131,baseline,Nurse_05,3,18.0
131,baseline,Nurse_06,3,20.0
131,baseline,Nurse_07,0,4.0
131,baseline,Nurse_08,1,8.5
131,baseline,Nurse_09,3,17.5
131,baseline,Nurse_10,1,12.0
131,baseline,Nurse_11,1,10.5
131,baseline,Nurse_12,2,21.0
131,baseline,Nurse_13,0,10.5
131,baseline,Nurse_14,4,12.0
131,baseline,Nurse_15,1,7.5
131,baseline,Nurse_16,4,19.0
131,baseline,Nurse_17,1,6.0
131,baseline,Nurse_18,1,11.0
131,baseline,Nurse_19,0,5.0
131,baseline,Nurse_20,5,18.0
131,baseline,Nurse_21,3,12.0
131,baseline,Nurse_22,3,11.0
131,baseline,Nurse_23,2,12.5
131,baseline,Nurse_24,2,12.0
131,baseline,Nurse_25,1,11.5
131,baseline,Nurse_26,4,18.5
131,baseline,Nurse_27,1,4.5
131,baseline,Nurse_28,0,7.5
131,baseline,Nurse_29,2,13.0
131,baseline,Nurse_30,3,17.5
131,baseline,Nurse_31,5,23.0
131,baseline,Nurse_32,3,18.0
131,baseline,Nurse_33,2,16.0
131,baseline,Nurse_34,2,12.5
131,baseline,Nurse_35,1,8.5
131,baseline,Nurse_36,3,19.5
131,baseline,Nurse_37,2,13.5
131,baseline,Nurse_38,0,0.0
131,baseline,Nurse_39,5,18.0
131,baseline,Nurse_40,5,19.0
131,baseline,Nurse_41,1,8.0
131,baseline,Nurse_42,1,9.5
131,baseline,Nurse_43,1,13.5
131,baseline,Nurse_44,4,12.0
131,baseline,Nurse_45,4,22.5
131,baseline,Nurse_46,5,26.0
131,baseline,Nurse_47,3,15.0
131,baseline,Nurse_48,4,15.5
131,baseline,Nurse_49,6,26.5
131,baseline,Nurse_50,0,8.0
131,baseline,Nurse_51,2,11.0
131,baseline,Nurse_52,4,14.0
131,baseline,Nurse_53,3,19.5
131,baseline,Nurse_54,5,20.0
131,baseline,Nurse_55,4,23.5
131,baseline,Nurse_56,3,15.5
131,baseline,Nurse_57,3,16.0
131,baseline,Nurse_58,1,8.5
131,baseline,Nurse_59,3,10.5
131,baseline,Nurse_60,4,15.0
131,baseline,Nurse_61,3,16.0
131,baseline,Nurse_62,1,9.0
131,baseline,Nurse_63,2,13.0
131,baseline,Nurse_64,1,14.0
131,baseline,Nurse_65,4,17.0
131,baseline,Nurse_66,0,9.5
131,baseline,Nurse_67,2,12.5
131,baseline,Nurse_68,3,22.0
131,baseline,Nurse_69,1,7.5
131,baseline,Nurse_70,1,11.0
131,strain,Nurse_01,1,12.0
131,strain,Nurse_02,1,6.0
131,strain,Nurse_03,2,14.5
131,strain,Nurse_04,2,14.0
131,strain,Nurse_05,1,12.0
131,strain,Nurse_06,1,16.0
131,strain,Nurse_07,0,8.0
131,strain,Nurse_08,1,9.5
131,strain,Nurse_09,2,18.0
131,strain,Nurse_10,1,13.5
131,strain,Nurse_11,1,10.5
131,strain,Nurse_12,0,17.5
131,strain,Nurse_13,0,7.5
131,strain,Nurse_14,4,13.5
131,strain,Nurse_15,0,3.0
131,strain,Nurse_16,3,16.0
131,strain,Nurse_17,0,6.0
131,strain,Nurse_18,1,8.0
131,strain,Nurse_19,0,5.0
131,strain,Nurse_20,3,15.0
131,strain,Nurse_21,2,9.5
131,strain,Nurse_22,2,9.5
131,strain,Nurse_23,2,14.0
131,strain,Nurse_24,2,14.5
131,strain,Nurse_25,1,11.5
131,strain,Nurse_26,2,14.5
131,strain,Nurse_27,1,4.5
131,strain,Nurse_28,0,10.0
131,strain,Nurse_29,1,10.5
131,strain,Nurse_30,2,14.5
131,strain,Nurse_31,4,20.5
131,strain,Nurse_32,2,15.5
131,strain,Nurse_33,1,17.0
131,strain,Nurse_34,2,11.0
131,strain,Nurse_35,1,11.5
131,strain,Nurse_36,1,18.0
131,strain,Nurse_37,1,12.0
131,strain,Nurse_38,1,4.5
131,strain,Nurse_39,1,11.0
131,strain,Nurse_40,2,14.5
131,strain,Nurse_41,0,6.0
131,strain,Nurse_42,1,12.5
131,strain,Nurse_43,1,13.5
131,strain,Nurse_44,2,9.0
131,strain,Nurse_45,3,15.0
131,strain,Nurse_46,3,19.0
131,strain,Nurse_47,2,14.0
131,strain,Nurse_48,4,15.5
131,strain,Nurse_49,4,22.5
131,strain,Nurse_50,0,9.0
131,strain,Nurse_51,2,9.5
131,strain,Nurse_52,1,13.0
131,strain,Nurse_53,3,18.0
131,strain,Nurse_54,2,11.5
131,strain,Nurse_55,0,13.0
131,strain,Nurse_56,2,14.0
131,strain,Nurse_57,2,15.5
131,strain,Nurse_58,0,4.0
131,strain,Nurse_59,2,12.0
131,strain,Nurse_60,2,10.5
131,strain,Nurse_61,2,15.5
131,strain,Nurse_62,1,10.5
131,strain,Nurse_63,1,7.0
131,strain,Nurse_64,1,16.5
131,strain,Nurse_65,2,12.5
131,strain,Nurse_66,0,7.0
131,strain,Nurse_67,2,13.5
131,strain,Nurse_68,0,17.5
131,strain,Nurse_69,0,3.0
131,strain,Nurse_70,1,9.5
132,baseline,Nurse_01,4,17.0
132,baseline,Nurse_02,3,18.0
132,baseline,Nurse_03,3,17.0
132,baseline,Nurse_04,2,11.5
132,baseline,Nurse_05,0,9.0
132,baseline,Nurse_06,3,10.0
132,baseline,Nurse_07,5,20.0
132,baseline,Nurse_08,3,18.5
132,baseline,Nurse_09,1,8.0
132,baseline,Nurse_10,4,12.0
132,baseline,Nurse_11,2,19.5
132,baseline,Nurse_12,1,16.0
132,baseline,Nurse_13,3,12.0
132,baseline,Nurse_14,1,8.5
132,baseline,Nurse_15,1,12.5
132,baseline,Nurse_16,1,8.5
132,baseline,Nurse_17,1,3.0
132,baseline,Nurse_18,4,18.0
132,baseline,Nurse_19,1,7.0
132,baseline,Nurse_20,2,12.5
132,baseline,Nurse_21,1,8.0
132,baseline,Nurse_22,4,12.0
132,baseline,Nurse_23,2,13.5
132,baseline,Nurse_24,3,19.0
132,baseline,Nurse_25,1,8.5
132,baseline,Nurse_26,4,13.5
132,baseline,Nurse_27,5,26.0
132,baseline,Nurse_28,4,16.0
132,baseline,Nurse_29,1,16.5
132,baseline,Nurse_30,7,32.0
132,baseline,Nurse_31,1,10.5
132,baseline,Nurse_32,3,16.0
132,baseline,Nurse_33,5,15.0
132,baseline,Nurse_34,6,28.5
132,baseline,Nurse_35,2,7.5
132,baseline,Nurse_36,2,14.0
132,baseline,Nurse_37,4,12.0
132,baseline,Nurse_38,1,11.5
132,baseline,Nurse_39,2,15.0
132,baseline,Nurse_40,2,13.5
132,baseline,Nurse_41,5,21.0
132,baseline,Nurse_42,5,17.0
132,baseline,Nurse_43,2,10.5
132,baseline,Nurse_44,4,20.5
132,baseline,Nurse_45,1,10.0
132,baseline,Nurse_46,0,9.0
132,baseline,Nurse_47,0,4.5
132,baseline,Nurse_48,1,14.0
132,baseline,Nurse_49,2,14.5
132,baseline,Nurse_50,2,10.5
132,baseline,Nurse_51,6,30.5
132,baseline,Nurse_52,1,5.0
132,baseline,Nurse_53,3,12.0
132,baseline,Nurse_54,2,11.5
132,baseline,Nurse_55,0,7.5
132,baseline,Nurse_56,1,9.5
132,baseline,Nurse_57,1,11.5
132,baseline,Nurse_58,3,20.0
132,baseline,Nurse_59,1,8.0
132,baseline,Nurse_60,5,23.5
132,baseline,Nurse_61,2,9.5
132,baseline,Nurse_62,3,17.0
132,baseline,Nurse_63,4,19.0
132,baseline,Nurse_64,5,19.0
132,baseline,Nurse_65,3,13.5
132,baseline,Nurse_66,2,13.5
132,baseline,Nurse_67,4,21.0
132,baseline,Nurse_68,2,15.5
132,baseline,Nurse_69,1,8.0
132,baseline,Nurse_70,1,8.5
132,strain,Nurse_01,2,15.5
132,strain,Nurse_02,0,11.5
132,strain,Nurse_03,2,17.5
132,strain,Nurse_04,2,11.5
132,strain,Nurse_05,0,6.5
132,strain,Nurse_06,2,8.5
132,strain,Nurse_07,3,17.0
132,strain,Nurse_08,2,16.0
132,strain,Nurse_09,1,9.5
132,strain,Nurse_10,2,10.5
132,strain,Nurse_11,1,19.35
132,strain,Nurse_12,1,15.0
132,strain,Nurse_13,3,12.0
132,strain,Nurse_14,1,9.0
132,strain,Nurse_15,1,15.5
132,strain,Nurse_16,1,10.5
132,strain,Nurse_17,1,3.0
132,strain,Nurse_18,3,15.5
132,strain,Nurse_19,1,7.0
132,strain,Nurse_20,2,10.0
132,strain,Nurse_21,1,11.5
132,strain,Nurse_22,3,10.5
132,strain,Nurse_23,1,10.5
132,strain,Nurse_24,1,16.0
132,strain,Nurse_25,1,11.5
132,strain,Nurse_26,1,9.0
132,strain,Nurse_27,3,25.0
132,strain,Nurse_28,2,11.5
132,strain,Nurse_29,1,13.0
132,strain,Nurse_30,3,26.0
132,strain,Nurse_31,1,10.5
132,strain,Nurse_32,2,13.5
132,strain,Nurse_33,4,12.0
132,strain,Nurse_34,1,13.5
132,strain,Nurse_35,1,4.5
132,strain,Nurse_36,2,11.0
132,strain,Nurse_37,3,10.5
132,strain,Nurse_38,1,13.0
132,strain,Nurse_39,0,12.5
132,strain,Nurse_40,1,11.5
132,strain,Nurse_41,4,16.0
132,strain,Nurse_42,3,13.5
132,strain,Nurse_43,1,6.5
132,strain,Nurse_44,3,15.0
132,strain,Nurse_45,1,10.0
132,strain,Nurse_46,1,11.0
132,strain,Nurse_47,0,8.5
132,strain,Nurse_48,0,7.0
132,strain,Nurse_49,1,10.0
132,strain,Nurse_50,1,7.5
132,strain,Nurse_51,2,17.5
132,strain,Nurse_52,1,7.5
132,strain,Nurse_53,3,13.5
132,strain,Nurse_54,1,10.0
132,strain,Nurse_55,0,6.0
132,strain,Nurse_56,1,9.5
132,strain,Nurse_57,0,16.5
132,strain,Nurse_58,3,17.5
132,strain,Nurse_59,1,8.0
132,strain,Nurse_60,4,18.0
132,strain,Nurse_61,2,9.5
132,strain,Nurse_62,2,13.5
132,strain,Nurse_63,2,16.0
132,strain,Nurse_64,2,15.5
132,strain,Nurse_65,3,14.5
132,strain,Nurse_66,1,10.5
132,strain,Nurse_67,2,13.5
132,strain,Nurse_68,1,16.5
132,strain,Nurse_69,1,8.0
132,strain,Nurse_70,1,11.5
133,baseline,Nurse_01,0,7.5
133,baseline,Nurse_02,5,22.5
133,baseline,Nurse_03,3,20.5
133,baseline,Nurse_04,4,14.5
133,baseline,Nurse_05,6,20.0
133,baseline,Nurse_06,1,12.5
133,baseline,Nurse_07,3,15.5
133,baseline,Nurse_08,2,16.5
133,baseline,Nurse_09,4,18.0
133,baseline,Nurse_10,3,15.5
133,baseline,Nurse_11,0,5.5
133,baseline,Nurse_12,5,21.0
133,baseline,Nurse_13,3,20.5
133,baseline,Nurse_14,1,6.5
133,baseline,Nurse_15,6,28.0
133,baseline,Nurse_16,3,17.0
133,baseline,Nurse_17,0,3.0
133,baseline,Nurse_18,3,13.0
133,baseline,Nurse_19,3,15.0
133,baseline,Nurse_20,4,20.5
133,baseline,Nurse_21,2,6.0
133,baseline,Nurse_22,3,18.5
133,baseline,Nurse_23,4,22.5
133,baseline,Nurse_24,3,14.5
133,baseline,Nurse_25,3,11.5
133,baseline,Nurse_26,2,15.0
133,baseline,Nurse_27,1,7.0
133,baseline,Nurse_28,0,6.0
133,baseline,Nurse_29,0,10.0
133,baseline,Nurse_30,5,24.0
133,baseline,Nurse_31,1,3.0
133,baseline,Nurse_32,1,6.0
133,baseline,Nurse_33,4,20.0
133,baseline,Nurse_34,3,14.5
133,baseline,Nurse_35,3,20.5
133,baseline,Nurse_36,1,14.5
133,baseline,Nurse_37,3,17.0
133,baseline,Nurse_38,1,7.5
133,baseline,Nurse_39,4,20.5
133,baseline,Nurse_40,2,16.5
133,baseline,Nurse_41,3,12.5
133,baseline,Nurse_42,5,20.5
133,baseline,Nurse_43,1,9.0
133,baseline,Nurse_44,1,9.5
133,baseline,Nurse_45,4,18.0
133,baseline,Nurse_46,1,9.5
133,baseline,Nurse_47,3,10.5
133,baseline,Nurse_48,2,14.0
133,baseline,Nurse_49,5,23.0
133,baseline,Nurse_50,4,15.0
133,baseline,Nurse_51,2,10.5
133,baseline,Nurse_52,4,21.5
133,baseline,Nurse_53,4,20.5
133,baseline,Nurse_54,3,17.5
133,baseline,Nurse_55,2,14.0
133,baseline,Nurse_56,3,19.0
133,baseline,Nurse_57,5,19.0
133,baseline,Nurse_58,2,7.5
133,baseline,Nurse_59,1,8.0
133,baseline,Nurse_60,5,24.5
133,baseline,Nurse_61,4,12.0
133,baseline,Nurse_62,5,23.0
133,baseline,Nurse_63,2,9.0
133,baseline,Nurse_64,1,6.0
133,baseline,Nurse_65,1,10.0
133,baseline,Nurse_66,3,17.0
133,baseline,Nurse_67,1,11.0
133,baseline,Nurse_68,1,14.0
133,baseline,Nurse_69,3,14.5
133,baseline,Nurse_70,4,16.5
133,strain,Nurse_01,0,4.5
133,strain,Nurse_02,4,22.0
133,strain,Nurse_03,2,16.5
133,strain,Nurse_04,2,10.0
133,strain,Nurse_05,2,13.5
133,strain,Nurse_06,1,11.5
133,strain,Nurse_07,3,13.0
133,strain,Nurse_08,1,14.0
133,strain,Nurse_09,4,18.0
133,strain,Nurse_10,3,16.0
133,strain,Nurse_11,0,7.0
133,strain,Nurse_12,3,20.5
133,strain,Nurse_13,2,15.5
133,strain,Nurse_14,0,4.0
133,strain,Nurse_15,4,27.0
133,strain,Nurse_16,2,15.5
133,strain,Nurse_17,0,6.0
133,strain,Nurse_18,2,10.5
133,strain,Nurse_19,2,14.0
133,strain,Nurse_20,3,17.5
133,strain,Nurse_21,2,6.0
133,strain,Nurse_22,2,16.0
133,strain,Nurse_23,3,16.5
133,strain,Nurse_24,3,17.0
133,strain,Nurse_25,2,12.5
133,strain,Nurse_26,1,14.0
133,strain,Nurse_27,1,7.0
133,strain,Nurse_28,0,7.5
133,strain,Nurse_29,0,9.5
133,strain,Nurse_30,3,19.5
133,strain,Nurse_31,1,6.0
133,strain,Nurse_32,1,8.5
133,strain,Nurse_33,3,14.5
133,strain,Nurse_34,1,10.5
133,strain,Nurse_35,1,13.5
133,strain,Nurse_36,0,11.0
133,strain,Nurse_37,2,11.5
133,strain,Nurse_38,0,9.5
133,strain,Nurse_39,2,15.0
133,strain,Nurse_40,2,15.0
133,strain,Nurse_41,3,14.0
133,strain,Nurse_42,4,16.0
133,strain,Nurse_43,1,9.0
133,strain,Nurse_44,1,9.5
133,strain,Nurse_45,2,10.5
133,strain,Nurse_46,1,8.5
133,strain,Nurse_47,2,9.0
133,strain,Nurse_48,2,14.0
133,strain,Nurse_49,2,17.0
133,strain,Nurse_50,2,9.0
133,strain,Nurse_51,0,4.0
133,strain,Nurse_52,1,16.0
133,strain,Nurse_53,3,18.5
133,strain,Nurse_54,3,17.5
133,strain,Nurse_55,1,12.5
133,strain,Nurse_56,2,15.5
133,strain,Nurse_57,2,15.5
133,strain,Nurse_58,1,7.5
133,strain,Nurse_59,0,11.5
133,strain,Nurse_60,2,20.0
133,strain,Nurse_61,4,12.0
133,strain,Nurse_62,3,20.0
133,strain,Nurse_63,0,3.0
133,strain,Nurse_64,0,6.0
133,strain,Nurse_65,1,11.5
133,strain,Nurse_66,1,14.5
133,strain,Nurse_67,0,8.0
133,strain,Nurse_68,1,12.5
133,strain,Nurse_69,2,12.0
133,strain,Nurse_70,4,16.5
134,baseline,Nurse_01,0,1.5
134,baseline,Nurse_02,1,9.0
134,baseline,Nurse_03,1,6.5
134,baseline,Nurse_04,3,14.0
134,baseline,Nurse_05,1,13.5
134,baseline,Nurse_06,3,16.0
134,baseline,Nurse_07,4,13.5
134,baseline,Nurse_08,2,7.5
134,baseline,Nurse_09,4,20.5
134,baseline,Nurse_10,5,21.5
134,baseline,Nurse_11,0,5.5
134,baseline,Nurse_12,2,13.5
134,baseline,Nurse_13,5,15.0
134,baseline,Nurse_14,2,17.5
134,baseline,Nurse_15,1,11.0
134,baseline,Nurse_16,3,13.0
134,baseline,Nurse_17,2,13.0
134,baseline,Nurse_18,4,18.5
134,baseline,Nurse_19,2,14.0
134,baseline,Nurse_20,0,7.0
134,baseline,Nurse_21,3,10.5
134,baseline,Nurse_22,4,16.0
134,baseline,Nurse_23,2,10.5
134,baseline,Nurse_24,5,26.0
134,baseline,Nurse_25,0,4.5
134,baseline,Nurse_26,3,9.0
134,baseline,Nurse_27,0,8.0
134,baseline,Nurse_28,4,18.0
134,baseline,Nurse_29,5,22.0
134,baseline,Nurse_30,2,10.0
134,baseline,Nurse_31,2,9.0
134,baseline,Nurse_32,4,19.0
134,baseline,Nurse_33,3,19.5
134,baseline,Nurse_34,2,16.0
134,baseline,Nurse_35,5,23.5
134,baseline,Nurse_36,3,19.5
134,baseline,Nurse_37,0,8.5
134,baseline,Nurse_38,0,12.0
134,baseline,Nurse_39,2,17.0
134,baseline,Nurse_40,4,16.0
134,baseline,Nurse_41,4,18.0
134,baseline,Nurse_42,3,9.0
134,baseline,Nurse_43,3,9.0
134,baseline,Nurse_44,2,18.0
134,baseline,Nurse_45,0,8.0
134,baseline,Nurse_46,3,15.0
134,baseline,Nurse_47,3,14.0
134,baseline,Nurse_48,3,10.5
134,baseline,Nurse_49,1,18.5
134,baseline,Nurse_50,1,9.5
134,baseline,Nurse_51,4,18.0
134,baseline,Nurse_52,3,17.5
134,baseline,Nurse_53,0,7.5
134,baseline,Nurse_54,2,7.5
134,baseline,Nurse_55,1,10.0
134,baseline,Nurse_56,0,5.5
134,baseline,Nurse_57,3,18.0
134,baseline,Nurse_58,4,17.0
134,baseline,Nurse_59,6,28.5
134,baseline,Nurse_60,1,16.0
134,baseline,Nurse_61,1,14.5
134,baseline,Nurse_62,5,20.0
134,baseline,Nurse_63,2,12.5
134,baseline,Nurse_64,1,10.5
134,baseline,Nurse_65,4,17.5
134,baseline,Nurse_66,2,12.5
134,baseline,Nurse_67,5,23.0
134,baseline,Nurse_68,0,7.0
134,baseline,Nurse_69,2,14.5
134,baseline,Nurse_70,5,18.0
134,strain,Nurse_01,0,6.0
134,strain,Nurse_02,0,7.5
134,strain,Nurse_03,0,9.0
134,strain,Nurse_04,2,10.0
134,strain,Nurse_05,1,12.0
134,strain,Nurse_06,2,17.0
134,strain,Nurse_07,4,13.5
134,strain,Nurse_08,2,7.5
134,strain,Nurse_09,3,15.5
134,strain,Nurse_10,4,20.0
134,strain,Nurse_11,0,4.5
134,strain,Nurse_12,0,8.0
134,strain,Nurse_13,3,12.0
134,strain,Nurse_14,2,15.0
134,strain,Nurse_15,1,11.0
134,strain,Nurse_16,3,14.5
134,strain,Nurse_17,2,11.5
134,strain,Nurse_18,2,16.5
134,strain,Nurse_19,1,17.5
134,strain,Nurse_20,0,5.5
134,strain,Nurse_21,3,10.5
134,strain,Nurse_22,3,13.5
134,strain,Nurse_23,2,12.0
134,strain,Nurse_24,2,16.5
134,strain,Nurse_25,0,5.5
134,strain,Nurse_26,2,9.0
134,strain,Nurse_27,0,8.0
134,strain,Nurse_28,3,20.5
134,strain,Nurse_29,3,17.0
134,strain,Nurse_30,1,11.5
134,strain,Nurse_31,1,7.5
134,strain,Nurse_32,3,16.5
134,strain,Nurse_33,3,15.0
134,strain,Nurse_34,1,11.5
134,strain,Nurse_35,2,17.0
134,strain,Nurse_36,2,16.5
134,strain,Nurse_37,0,9.5
134,strain,Nurse_38,0,9.5
134,strain,Nurse_39,1,12.5
134,strain,Nurse_40,3,16.0
134,strain,Nurse_41,2,13.5
134,strain,Nurse_42,3,9.0
134,strain,Nurse_43,3,12.0
134,strain,Nurse_44,0,16.0
134,strain,Nurse_45,0,10.0
134,strain,Nurse_46,1,9.0
134,strain,Nurse_47,2,12.5
134,strain,Nurse_48,3,12.0
134,strain,Nurse_49,0,12.0
134,strain,Nurse_50,0,10.5
134,strain,Nurse_51,2,16.5
134,strain,Nurse_52,2,13.5
134,strain,Nurse_53,0,8.5
134,strain,Nurse_54,2,7.5
134,strain,Nurse_55,1,14.0
134,strain,Nurse_56,0,5.5
134,strain,Nurse_57,2,13.5
134,strain,Nurse_58,2,14.0
134,strain,Nurse_59,2,13.5
134,strain,Nurse_60,1,16.0
134,strain,Nurse_61,1,13.5
134,strain,Nurse_62,3,17.0
134,strain,Nurse_63,2,11.0
134,strain,Nurse_64,0,9.0
134,strain,Nurse_65,3,19.0
134,strain,Nurse_66,1,12.0
134,strain,Nurse_67,2,14.5
134,strain,Nurse_68,0,10.0
134,strain,Nurse_69,1,10.0
134,strain,Nurse_70,1,14.5
135,baseline,Nurse_01,2,15.5
135,baseline,Nurse_02,7,27.5
135,baseline,Nurse_03,3,16.5
135,baseline,Nurse_04,3,16.0
135,baseline,Nurse_05,2,11.5
135,baseline,Nurse_06,1,7.0
135,baseline,Nurse_07,3,16.0
135,baseline,Nurse_08,6,25.0
135,baseline,Nurse_09,0,14.0
135,baseline,Nurse_10,3,17.0
135,baseline,Nurse_11,2,18.5
135,baseline,Nurse_12,3,15.0
135,baseline,Nurse_13,4,24.0
135,baseline,Nurse_14,2,10.0
135,baseline,Nurse_15,3,16.5
135,baseline,Nurse_16,3,16.5
135,baseline,Nurse_17,3,9.0
135,baseline,Nurse_18,1,13.5
135,baseline,Nurse_19,5,25.0
135,baseline,Nurse_20,1,10.5
135,baseline,Nurse_21,3,18.0
135,baseline,Nurse_22,1,6.0
135,baseline,Nurse_23,0,3.0
135,baseline,Nurse_24,1,13.5
135,baseline,Nurse_25,4,17.5
135,baseline,Nurse_26,3,17.0
135,baseline,Nurse_27,3,15.0
135,baseline,Nurse_28,1,11.0
135,baseline,Nurse_29,5,16.0
135,baseline,Nurse_30,2,6.0
135,baseline,Nurse_31,1,8.0
135,baseline,Nurse_32,0,0.0
135,baseline,Nurse_33,1,14.5
135,baseline,Nurse_34,4,23.0
135,baseline,Nurse_35,2,12.0
135,baseline,Nurse_36,4,12.0
135,baseline,Nurse_37,3,16.5
135,baseline,Nurse_38,5,20.5
135,baseline,Nurse_39,0,3.0
135,baseline,Nurse_40,1,11.5
135,baseline,Nurse_41,0,5.0
135,baseline,Nurse_42,3,10.5
135,baseline,Nurse_43,3,20.5
135,baseline,Nurse_44,0,8.5
135,baseline,Nurse_45,5,22.5
135,baseline,Nurse_46,1,7.5
135,baseline,Nurse_47,2,7.5
135,baseline,Nurse_48,2,11.5
135,baseline,Nurse_49,2,14.5
135,baseline,Nurse_50,2,14.5
135,baseline,Nurse_51,2,16.0
135,baseline,Nurse_52,0,3.5
135,baseline,Nurse_53,0,6.0
135,baseline,Nurse_54,0,7.0
135,baseline,Nurse_55,6,24.0
135,baseline,Nurse_56,2,7.5
135,baseline,Nurse_57,0,8.5
135,baseline,Nurse_58,5,17.0
135,baseline,Nurse_59,4,20.0
135,baseline,Nurse_60,2,13.0
135,baseline,Nurse_61,1,13.0
135,baseline,Nurse_62,2,12.5
135,baseline,Nurse_63,2,16.0
135,baseline,Nurse_64,3,17.5
135,baseline,Nurse_65,2,13.5
135,baseline,Nurse_66,3,18.0
135,baseline,Nurse_67,4,20.0
135,baseline,Nurse_68,4,13.5
135,baseline,Nurse_69,1,9.5
135,baseline,Nurse_70,1,3.0
135,strain,Nurse_01,2,12.5
135,strain,Nurse_02,3,19.0
135,strain,Nurse_03,3,16.5
135,strain,Nurse_04,2,13.5
135,strain,Nurse_05,1,8.5
135,strain,Nurse_06,1,7.0
135,strain,Nurse_07,2,16.0
135,strain,Nurse_08,4,21.0
135,strain,Nurse_09,0,14.5
135,strain,Nurse_10,2,11.0
135,strain,Nurse_11,1,12.0
135,strain,Nurse_12,1,12.0
135,strain,Nurse_13,3,16.5
135,strain,Nurse_14,1,9.5
135,strain,Nurse_15,1,13.5
135,strain,Nurse_16,1,14.0
135,strain,Nurse_17,3,12.0
135,strain,Nurse_18,1,12.5
135,strain,Nurse_19,4,18.5
135,strain,Nurse_20,0,9.0
135,strain,Nurse_21,1,15.0
135,strain,Nurse_22,0,5.5
135,strain,Nurse_23,0,6.0
135,strain,Nurse_24,0,10.5
135,strain,Nurse_25,2,14.0
135,strain,Nurse_26,3,17.0
135,strain,Nurse_27,2,13.5
135,strain,Nurse_28,0,10.0
135,strain,Nurse_29,3,13.0
135,strain,Nurse_30,2,6.0
135,strain,Nurse_31,1,9.5
135,strain,Nurse_32,0,1.5
135,strain,Nurse_33,0,9.5
135,strain,Nurse_34,4,21.5
135,strain,Nurse_35,2,13.5
135,strain,Nurse_36,3,10.5
135,strain,Nurse_37,1,12.0
135,strain,Nurse_38,3,16.0
135,strain,Nurse_39,0,5.5
135,strain,Nurse_40,1,10.0
135,strain,Nurse_41,0,8.0
135,strain,Nurse_42,2,10.5
135,strain,Nurse_43,2,16.5
135,strain,Nurse_44,0,9.5
135,strain,Nurse_45,3,17.0
135,strain,Nurse_46,0,5.5
135,strain,Nurse_47,2,9.0
135,strain,Nurse_48,1,11.0
135,strain,Nurse_49,1,15.5
135,strain,Nurse_50,2,13.0
135,strain,Nurse_51,1,13.0
135,strain,Nurse_52,0,8.5
135,strain,Nurse_53,0,9.5
135,strain,Nurse_54,0,4.0
135,strain,Nurse_55,2,16.0
135,strain,Nurse_56,2,6.0
135,strain,Nurse_57,0,8.5
135,strain,Nurse_58,5,17.0
135,strain,Nurse_59,2,12.5
135,strain,Nurse_60,1,10.0
135,strain,Nurse_61,0,11.0
135,strain,Nurse_62,2,12.5
135,strain,Nurse_63,0,12.5
135,strain,Nurse_64,2,14.5
135,strain,Nurse_65,2,15.0
135,strain,Nurse_66,1,9.5
135,strain,Nurse_67,3,18.5
135,strain,Nurse_68,4,13.5
135,strain,Nurse_69,0,10.5
135,strain,Nurse_70,1,4.5
136,baseline,Nurse_01,4,20.5
136,baseline,Nurse_02,4,22.0
136,baseline,Nurse_03,3,15.5
136,baseline,Nurse_04,1,14.0
136,baseline,Nurse_05,2,11.0
136,baseline,Nurse_06,5,22.0
136,baseline,Nurse_07,0,11.0
136,baseline,Nurse_08,4,19.5
136,baseline,Nurse_09,4,17.5
136,baseline,Nurse_10,2,14.0
136,baseline,Nurse_11,2,7.5
136,baseline,Nurse_12,2,17.0
136,baseline,Nurse_13,1,4.5
136,baseline,Nurse_14,4,19.0
136,baseline,Nurse_15,3,23.5
136,baseline,Nurse_16,1,10.5
136,baseline,Nurse_17,0,1.5
136,baseline,Nurse_18,3,10.5
136,baseline,Nurse_19,3,22.0
136,baseline,Nurse_20,2,12.5
136,baseline,Nurse_21,2,17.0
136,baseline,Nurse_22,1,13.5
136,baseline,Nurse_23,2,10.0
136,baseline,Nurse_24,2,20.0
136,baseline,Nurse_25,4,18.5
136,baseline,Nurse_26,3,17.0
136,baseline,Nurse_27,0,6.5
136,baseline,Nurse_28,5,20.5
136,baseline,Nurse_29,2,15.5
136,baseline,Nurse_30,3,10.5
136,baseline,Nurse_31,1,11.0
136,baseline,Nurse_32,5,21.0
136,baseline,Nurse_33,3,13.5
136,baseline,Nurse_34,4,12.0
136,baseline,Nurse_35,6,24.5
136,baseline,Nurse_36,1,9.0
136,baseline,Nurse_37,2,13.0
136,baseline,Nurse_38,1,11.0
136,baseline,Nurse_39,2,10.5
136,baseline,Nurse_40,4,19.0
136,baseline,Nurse_41,2,11.0
136,baseline,Nurse_42,3,13.0
136,baseline,Nurse_43,4,16.0
136,baseline,Nurse_44,0,6.0
136,baseline,Nurse_45,3,16.5
136,baseline,Nurse_46,3,10.5
136,baseline,Nurse_47,2,16.5
136,baseline,Nurse_48,5,21.0
136,baseline,Nurse_49,3,13.5
136,baseline,Nurse_50,2,16.5
136,baseline,Nurse_51,3,9.0
136,baseline,Nurse_52,6,25.5
136,baseline,Nurse_53,4,16.5
136,baseline,Nurse_54,1,7.5
136,baseline,Nurse_55,1,10.5
136,baseline,Nurse_56,4,14.0
136,baseline,Nurse_57,5,18.0
136,baseline,Nurse_58,3,19.5
136,baseline,Nurse_59,0,1.5
136,baseline,Nurse_60,0,6.5
136,baseline,Nurse_61,1,10.0
136,baseline,Nurse_62,5,20.5
136,baseline,Nurse_63,1,10.0
136,baseline,Nurse_64,1,10.5
136,baseline,Nurse_65,2,13.5
136,baseline,Nurse_66,1,12.5
136,baseline,Nurse_67,1,13.0
136,baseline,Nurse_68,4,22.0
136,baseline,Nurse_69,4,14.0
136,baseline,Nurse_70,3,13.0
136,strain,Nurse_01,3,19.0
136,strain,Nurse_02,2,17.0
136,strain,Nurse_03,0,10.5
136,strain,Nurse_04,1,12.5
136,strain,Nurse_05,1,9.5
136,strain,Nurse_06,5,22.0
136,strain,Nurse_07,0,13.5
136,strain,Nurse_08,2,16.0
136,strain,Nurse_09,2,12.5
136,strain,Nurse_10,2,15.5
136,strain,Nurse_11,1,6.0
136,strain,Nurse_12,1,11.5
136,strain,Nurse_13,1,4.5
136,strain,Nurse_14,3,20.0
136,strain,Nurse_15,1,17.5
136,strain,Nurse_16,1,15.5
136,strain,Nurse_17,0,3.0
136,strain,Nurse_18,3,9.0
136,strain,Nurse_19,1,15.5
136,strain,Nurse_20,2,14.0
136,strain,Nurse_21,1,16.5
136,strain,Nurse_22,0,11.0
136,strain,Nurse_23,2,11.5
136,strain,Nurse_24,1,12.0
136,strain,Nurse_25,2,12.5
136,strain,Nurse_26,2,16.5
136,strain,Nurse_27,0,7.5
136,strain,Nurse_28,1,11.5
136,strain,Nurse_29,1,13.0
136,strain,Nurse_30,2,9.0
136,strain,Nurse_31,1,11.0
136,strain,Nurse_32,2,14.5
136,strain,Nurse_33,2,12.0
136,strain,Nurse_34,3,10.5
136,strain,Nurse_35,3,23.5
136,strain,Nurse_36,1,10.5
136,strain,Nurse_37,2,14.5
136,strain,Nurse_38,0,12.0
136,strain,Nurse_39,1,4.5
136,strain,Nurse_40,3,15.0
136,strain,Nurse_41,1,11.0
136,strain,Nurse_42,3,13.0
136,strain,Nurse_43,4,14.5
136,strain,Nurse_44,0,10.5
136,strain,Nurse_45,2,11.0
136,strain,Nurse_46,2,10.5
136,strain,Nurse_47,0,9.0
136,strain,Nurse_48,2,18.0
136,strain,Nurse_49,2,10.5
136,strain,Nurse_50,2,16.5
136,strain,Nurse_51,1,4.5
136,strain,Nurse_52,4,19.0
136,strain,Nurse_53,3,13.5
136,strain,Nurse_54,1,8.5
136,strain,Nurse_55,1,12.0
136,strain,Nurse_56,4,14.0
136,strain,Nurse_57,3,17.5
136,strain,Nurse_58,1,11.0
136,strain,Nurse_59,0,4.5
136,strain,Nurse_60,0,6.0
136,strain,Nurse_61,1,12.0
136,strain,Nurse_62,3,18.5
136,strain,Nurse_63,1,10.5
136,strain,Nurse_64,0,8.5
136,strain,Nurse_65,1,10.5
136,strain,Nurse_66,1,15.0
136,strain,Nurse_67,1,10.5
136,strain,Nurse_68,2,16.0
136,strain,Nurse_69,3,12.5
136,strain,Nurse_70,3,14.5
137,baseline,Nurse_01,0,8.5
137,baseline,Nurse_02,1,13.5
137,baseline,Nurse_03,4,22.0
137,baseline,Nurse_04,2,15.5
137,baseline,Nurse_05,3,20.5
137,baseline,Nurse_06,2,6.0
137,baseline,Nurse_07,2,14.0
137,baseline,Nurse_08,1,3.0
137,baseline,Nurse_09,6,27.0
137,baseline,Nurse_10,4,17.0
137,baseline,Nurse_11,0,7.5
137,baseline,Nurse_12,1,12.0
137,baseline,Nurse_13,1,9.0
137,baseline,Nurse_14,3,15.5
137,baseline,Nurse_15,4,16.0
137,baseline,Nurse_16,3,15.5
137,baseline,Nurse_17,2,10.0
137,baseline,Nurse_18,7,27.0
137,baseline,Nurse_19,1,13.0
137,baseline,Nurse_20,4,14.0
137,baseline,Nurse_21,0,12.5
137,baseline,Nurse_22,0,6.0
137,baseline,Nurse_23,0,7.0
137,baseline,Nurse_24,3,12.0
137,baseline,Nurse_25,3,13.5
137,baseline,Nurse_26,2,6.0
137,baseline,Nurse_27,2,12.5
137,baseline,Nurse_28,4,16.5
137,baseline,Nurse_29,1,12.0
137,baseline,Nurse_30,1,15.5
137,baseline,Nurse_31,6,25.0
137,baseline,Nurse_32,2,16.5
137,baseline,Nurse_33,4,14.0
137,baseline,Nurse_34,0,1.5
137,baseline,Nurse_35,0,6.0
137,baseline,Nurse_36,3,10.5
137,baseline,Nurse_37,4,17.5
137,baseline,Nurse_38,2,15.5
137,baseline,Nurse_39,2,7.5
137,baseline,Nurse_40,4,18.5
137,baseline,Nurse_41,4,17.5
137,baseline,Nurse_42,3,16.5
137,baseline,Nurse_43,1,7.5
137,baseline,Nurse_44,0,6.0
137,baseline,Nurse_45,5,23.5
137,baseline,Nurse_46,6,28.0
137,baseline,Nurse_47,2,13.5
137,baseline,Nurse_48,3,17.5
137,baseline,Nurse_49,5,16.5
137,baseline,Nurse_50,3,16.5
137,baseline,Nurse_51,5,23.5
137,baseline,Nurse_52,2,17.5
137,baseline,Nurse_53,2,15.5
137,baseline,Nurse_54,5,21.0
137,baseline,Nurse_55,5,20.5
137,baseline,Nurse_56,4,18.5
137,baseline,Nurse_57,4,16.0
137,baseline,Nurse_58,5,16.5
137,baseline,Nurse_59,2,9.0
137,baseline,Nurse_60,1,10.5
137,baseline,Nurse_61,4,21.0
137,baseline,Nurse_62,0,4.5
137,baseline,Nurse_63,2,13.5
137,baseline,Nurse_64,1,4.5
137,baseline,Nurse_65,3,19.5
137,baseline,Nurse_66,3,18.5
137,baseline,Nurse_67,4,21.0
137,baseline,Nurse_68,3,15.5
137,baseline,Nurse_69,3,15.0
137,baseline,Nurse_70,2,13.0
137,strain,Nurse_01,0,8.5
137,strain,Nurse_02,1,12.0
137,strain,Nurse_03,3,16.5
137,strain,Nurse_04,2,16.5
137,strain,Nurse_05,2,14.5
137,strain,Nurse_06,2,6.0
137,strain,Nurse_07,2,12.5
137,strain,Nurse_08,0,3.0
137,strain,Nurse_09,4,24.0
137,strain,Nurse_10,3,15.0
137,strain,Nurse_11,0,7.5
137,strain,Nurse_12,1,14.0
137,strain,Nurse_13,0,10.0
137,strain,Nurse_14,2,11.5
137,strain,Nurse_15,4,16.0
137,strain,Nurse_16,2,12.5
137,strain,Nurse_17,1,11.5
137,strain,Nurse_18,3,18.0
137,strain,Nurse_19,0,9.0
137,strain,Nurse_20,2,11.0
137,strain,Nurse_21,0,13.5
137,strain,Nurse_22,0,13.0
137,strain,Nurse_23,0,5.5
137,strain,Nurse_24,3,13.5
137,strain,Nurse_25,1,12.0
137,strain,Nurse_26,1,6.0
137,strain,Nurse_27,2,11.0
137,strain,Nurse_28,3,10.5
137,strain,Nurse_29,0,9.0
137,strain,Nurse_30,0,10.0
137,strain,Nurse_31,2,20.0
137,strain,Nurse_32,2,16.5
137,strain,Nurse_33,3,12.5
137,strain,Nurse_34,0,1.5
137,strain,Nurse_35,0,7.5
137,strain,Nurse_36,3,12.0
137,strain,Nurse_37,2,14.0
137,strain,Nurse_38,1,13.0
137,strain,Nurse_39,2,7.5
137,strain,Nurse_40,2,14.0
137,strain,Nurse_41,3,14.5
137,strain,Nurse_42,1,13.0
137,strain,Nurse_43,1,7.5
137,strain,Nurse_44,0,6.0
137,strain,Nurse_45,1,16.5
137,strain,Nurse_46,3,21.0
137,strain,Nurse_47,1,11.0
137,strain,Nurse_48,1,14.5
137,strain,Nurse_49,4,15.0
137,strain,Nurse_50,1,11.5
137,strain,Nurse_51,4,21.5
137,strain,Nurse_52,0,12.5
137,strain,Nurse_53,0,11.0
137,strain,Nurse_54,3,15.0
137,strain,Nurse_55,3,14.5
137,strain,Nurse_56,3,14.0
137,strain,Nurse_57,3,14.5
137,strain,Nurse_58,2,13.5
137,strain,Nurse_59,2,9.0
137,strain,Nurse_60,1,12.0
137,strain,Nurse_61,2,18.0
137,strain,Nurse_62,0,5.0
137,strain,Nurse_63,2,13.5
137,strain,Nurse_64,1,6.0
137,strain,Nurse_65,2,17.5
137,strain,Nurse_66,1,16.0
137,strain,Nurse_67,3,16.5
137,strain,Nurse_68,3,17.0
137,strain,Nurse_69,3,13.5
137,strain,Nurse_70,2,14.5
138,baseline,Nurse_01,2,12.5
138,baseline,Nurse_02,2,6.0
138,baseline,Nurse_03,3,16.5
138,baseline,Nurse_04,1,9.5
138,baseline,Nurse_05,3,15.5
138,baseline,Nurse_06,1,9.5
138,baseline,Nurse_07,2,15.0
138,baseline,Nurse_08,3,15.0
138,baseline,Nurse_09,5,22.5
138,baseline,Nurse_10,0,6.5
138,baseline,Nurse_11,5,15.0
138,baseline,Nurse_12,3,15.5
138,baseline,Nurse_13,4,17.5
138,baseline,Nurse_14,3,16.0
138,baseline,Nurse_15,3,13.5
138,baseline,Nurse_16,4,17.0
138,baseline,Nurse_17,2,7.5
138,baseline,Nurse_18,3,16.5
138,baseline,Nurse_19,3,19.5
138,baseline,Nurse_20,4,17.0
138,baseline,Nurse_21,5,24.5
138,baseline,Nurse_22,4,22.0
138,baseline,Nurse_23,4,21.0
138,baseline,Nurse_24,4,17.0
138,baseline,Nurse_25,4,17.5
138,baseline,Nurse_26,1,11.0
138,baseline,Nurse_27,3,16.5
138,baseline,Nurse_28,1,10.5
138,baseline,Nurse_29,1,13.0
138,baseline,Nurse_30,3,16.0
138,baseline,Nurse_31,1,13.0
138,baseline,Nurse_32,1,11.0
138,baseline,Nurse_33,4,20.5
138,baseline,Nurse_34,0,4.0
138,baseline,Nurse_35,2,9.5
138,baseline,Nurse_36,3,18.5
138,baseline,Nurse_37,0,6.5
138,baseline,Nurse_38,2,14.0
138,baseline,Nurse_39,1,8.5
138,baseline,Nurse_40,4,12.0
138,baseline,Nurse_41,0,6.0
138,baseline,Nurse_42,2,10.5
138,baseline,Nurse_43,2,9.0
138,baseline,Nurse_44,0,4.5
138,baseline,Nurse_45,3,16.5
138,baseline,Nurse_46,1,8.5
138,baseline,Nurse_47,3,16.5
138,baseline,Nurse_48,2,13.5
138,baseline,Nurse_49,3,14.5
138,baseline,Nurse_50,4,15.0
138,baseline,Nurse_51,2,9.5
138,baseline,Nurse_52,1,7.0
138,baseline,Nurse_53,1,10.0
138,baseline,Nurse_54,4,18.5
138,baseline,Nurse_55,5,30.0
138,baseline,Nurse_56,0,6.5
138,baseline,Nurse_57,0,1.5
138,baseline,Nurse_58,4,17.5
138,baseline,Nurse_59,3,14.0
138,baseline,Nurse_60,4,23.0
138,baseline,Nurse_61,4,19.5
138,baseline,Nurse_62,1,9.5
138,baseline,Nurse_63,1,10.0
138,baseline,Nurse_64,4,15.0
138,baseline,Nurse_65,2,15.5
138,baseline,Nurse_66,0,5.0
138,baseline,Nurse_67,1,6.0
138,baseline,Nurse_68,4,20.0
138,baseline,Nurse_69,1,12.0
138,baseline,Nurse_70,4,20.0
138,strain,Nurse_01,1,8.0
138,strain,Nurse_02,2,6.0
138,strain,Nurse_03,2,12.0
138,strain,Nurse_04,1,9.5
138,strain,Nurse_05,3,15.5
138,strain,Nurse_06,1,9.5
138,strain,Nurse_07,1,13.5
138,strain,Nurse_08,1,12.5
138,strain,Nurse_09,3,16.0
138,strain,Nurse_10,0,9.0
138,strain,Nurse_11,4,15.0
138,strain,Nurse_12,2,13.0
138,strain,Nurse_13,3,14.5
138,strain,Nurse_14,0,11.0
138,strain,Nurse_15,2,10.5
138,strain,Nurse_16,2,11.5
138,strain,Nurse_17,2,7.5
138,strain,Nurse_18,2,10.5
138,strain,Nurse_19,1,14.5
138,strain,Nurse_20,2,16.5
138,strain,Nurse_21,3,14.5
138,strain,Nurse_22,2,15.0
138,strain,Nurse_23,2,19.0
138,strain,Nurse_24,1,14.5
138,strain,Nurse_25,2,16.0
138,strain,Nurse_26,0,9.5
138,strain,Nurse_27,1,16.5
138,strain,Nurse_28,0,9.5
138,strain,Nurse_29,1,10.0
138,strain,Nurse_30,3,17.5
138,strain,Nurse_31,1,7.5
138,strain,Nurse_32,1,9.5
138,strain,Nurse_33,3,17.5
138,strain,Nurse_34,0,5.5
138,strain,Nurse_35,1,6.5
138,strain,Nurse_36,1,14.5
138,strain,Nurse_37,0,5.5
138,strain,Nurse_38,1,14.5
138,strain,Nurse_39,0,8.0
138,strain,Nurse_40,2,7.5
138,strain,Nurse_41,0,9.0
138,strain,Nurse_42,2,7.5
138,strain,Nurse_43,2,9.0
138,strain,Nurse_44,0,4.5
138,strain,Nurse_45,1,9.0
138,strain,Nurse_46,1,7.0
138,strain,Nurse_47,3,14.0
138,strain,Nurse_48,2,12.0
138,strain,Nurse_49,2,13.0
138,strain,Nurse_50,4,13.5
138,strain,Nurse_51,1,8.0
138,strain,Nurse_52,0,10.5
138,strain,Nurse_53,1,12.5
138,strain,Nurse_54,2,14.0
138,strain,Nurse_55,2,19.0
138,strain,Nurse_56,0,9.5
138,strain,Nurse_57,0,4.5
138,strain,Nurse_58,3,15.5
138,strain,Nurse_59,2,14.0
138,strain,Nurse_60,2,16.5
138,strain,Nurse_61,2,13.5
138,strain,Nurse_62,0,12.0
138,strain,Nurse_63,0,10.0
138,strain,Nurse_64,2,13.5
138,strain,Nurse_65,2,13.0
138,strain,Nurse_66,0,8.5
138,strain,Nurse_67,1,10.0
138,strain,Nurse_68,1,16.0
138,strain,Nurse_69,0,14.0
138,strain,Nurse_70,3,18.0
139,baseline,Nurse_01,4,18.0
139,baseline,Nurse_02,0,5.0
139,baseline,Nurse_03,1,12.5
139,baseline,Nurse_04,4,22.0
139,baseline,Nurse_05,1,8.5
139,baseline,Nurse_06,3,19.5
139,baseline,Nurse_07,1,6.0
139,baseline,Nurse_08,4,19.5
139,baseline,Nurse_09,1,8.0
139,baseline,Nurse_10,3,19.0
139,baseline,Nurse_11,1,5.0
139,baseline,Nurse_12,3,9.0
139,baseline,Nurse_13,5,18.5
139,baseline,Nurse_14,1,7.0
139,baseline,Nurse_15,4,12.0
139,baseline,Nurse_16,2,15.5
139,baseline,Nurse_17,0,15.0
139,baseline,Nurse_18,4,19.5
139,baseline,Nurse_19,4,17.0
139,baseline,Nurse_20,2,11.0
139,baseline,Nurse_21,3,16.0
139,baseline,Nurse_22,2,14.0
139,baseline,Nurse_23,4,18.5
139,baseline,Nurse_24,1,15.5
139,baseline,Nurse_25,3,15.0
139,baseline,Nurse_26,1,13.0
139,baseline,Nurse_27,2,17.0
139,baseline,Nurse_28,1,6.0
139,baseline,Nurse_29,3,23.5
139,baseline,Nurse_30,5,24.0
139,baseline,Nurse_31,4,18.0
139,baseline,Nurse_32,4,18.0
139,baseline,Nurse_33,1,6.0
139,baseline,Nurse_34,5,15.0
139,baseline,Nurse_35,1,10.5
139,baseline,Nurse_36,4,14.5
139,baseline,Nurse_37,3,17.5
139,baseline,Nurse_38,4,17.0
139,baseline,Nurse_39,2,9.5
139,baseline,Nurse_40,2,9.0
139,baseline,Nurse_41,1,14.0
139,baseline,Nurse_42,4,18.0
139,baseline,Nurse_43,0,2.0
139,baseline,Nurse_44,2,16.0
139,baseline,Nurse_45,3,20.5
139,baseline,Nurse_46,2,11.0
139,baseline,Nurse_47,3,20.0
139,baseline,Nurse_48,0,5.5
139,baseline,Nurse_49,0,9.5
139,baseline,Nurse_50,1,9.0
139,baseline,Nurse_51,1,9.0
139,baseline,Nurse_52,2,11.5
139,baseline,Nurse_53,3,17.0
139,baseline,Nurse_54,1,3.0
139,baseline,Nurse_55,3,14.5
139,baseline,Nurse_56,3,16.5
139,baseline,Nurse_57,0,6.0
139,baseline,Nurse_58,2,20.0
139,baseline,Nurse_59,3,10.5
139,baseline,Nurse_60,0,9.5
139,baseline,Nurse_61,0,5.5
139,baseline,Nurse_62,0,8.5
139,baseline,Nurse_63,0,5.0
139,baseline,Nurse_64,4,20.0
139,baseline,Nurse_65,3,10.5
139,baseline,Nurse_66,2,9.0
139,baseline,Nurse_67,5,21.0
139,baseline,Nurse_68,2,12.5
139,baseline,Nurse_69,2,8.0
139,baseline,Nurse_70,3,18.5
139,strain,Nurse_01,1,14.0
139,strain,Nurse_02,0,9.0
139,strain,Nurse_03,1,11.5
139,strain,Nurse_04,3,17.5
139,strain,Nurse_05,0,6.5
139,strain,Nurse_06,3,19.5
139,strain,Nurse_07,2,7.5
139,strain,Nurse_08,2,10.0
139,strain,Nurse_09,1,11.0
139,strain,Nurse_10,1,16.5
139,strain,Nurse_11,1,6.5
139,strain,Nurse_12,2,7.5
139,strain,Nurse_13,3,14.5
139,strain,Nurse_14,1,7.5
139,strain,Nurse_15,4,12.0
139,strain,Nurse_16,2,14.0
139,strain,Nurse_17,0,9.5
139,strain,Nurse_18,1,16.0
139,strain,Nurse_19,4,17.0
139,strain,Nurse_20,1,9.5
139,strain,Nurse_21,2,13.5
139,strain,Nurse_22,2,13.0
139,strain,Nurse_23,3,15.0
139,strain,Nurse_24,0,15.0
139,strain,Nurse_25,2,12.5
139,strain,Nurse_26,1,12.0
139,strain,Nurse_27,1,14.0
139,strain,Nurse_28,1,7.5
139,strain,Nurse_29,1,16.0
139,strain,Nurse_30,3,19.0
139,strain,Nurse_31,2,16.0
139,strain,Nurse_32,1,11.0
139,strain,Nurse_33,0,9.5
139,strain,Nurse_34,4,12.0
139,strain,Nurse_35,0,6.5
139,strain,Nurse_36,2,11.5
139,strain,Nurse_37,1,10.5
139,strain,Nurse_38,1,10.0
139,strain,Nurse_39,1,11.5
139,strain,Nurse_40,2,9.0
139,strain,Nurse_41,0,11.0
139,strain,Nurse_42,2,15.0
139,strain,Nurse_43,0,2.0
139,strain,Nurse_44,1,13.0
139,strain,Nurse_45,2,18.0
139,strain,Nurse_46,2,12.5
139,strain,Nurse_47,1,15.5
139,strain,Nurse_48,0,9.0
139,strain,Nurse_49,0,9.5
139,strain,Nurse_50,1,12.0
139,strain,Nurse_51,0,5.5
139,strain,Nurse_52,2,11.5
139,strain,Nurse_53,2,16.0
139,strain,Nurse_54,2,7.5
139,strain,Nurse_55,1,11.0
139,strain,Nurse_56,2,10.5
139,strain,Nurse_57,0,9.0
139,strain,Nurse_58,1,13.0
139,strain,Nurse_59,3,12.0
139,strain,Nurse_60,0,10.5
139,strain,Nurse_61,0,7.0
139,strain,Nurse_62,0,8.5
139,strain,Nurse_63,0,6.5
139,strain,Nurse_64,1,9.5
139,strain,Nurse_65,3,10.5
139,strain,Nurse_66,1,7.5
139,strain,Nurse_67,3,16.0
139,strain,Nurse_68,2,11.0
139,strain,Nurse_69,1,9.0
139,strain,Nurse_70,1,13.5
140,baseline,Nurse_01,4,14.0
140,baseline,Nurse_02,4,20.0
140,baseline,Nurse_03,4,17.0
140,baseline,Nurse_04,4,19.0
140,baseline,Nurse_05,4,22.0
140,baseline,Nurse_06,3,20.0
140,baseline,Nurse_07,4,16.5
140,baseline,Nurse_08,0,1.0
140,baseline,Nurse_09,4,15.0
140,baseline,Nurse_10,1,11.0
140,baseline,Nurse_11,3,14.5
140,baseline,Nurse_12,2,6.0
140,baseline,Nurse_13,4,19.0
140,baseline,Nurse_14,4,20.5
140,baseline,Nurse_15,5,23.0
140,baseline,Nurse_16,5,23.5
140,baseline,Nurse_17,4,24.5
140,baseline,Nurse_18,4,17.0
140,baseline,Nurse_19,3,9.0
140,baseline,Nurse_20,4,16.5
140,baseline,Nurse_21,3,22.0
140,baseline,Nurse_22,3,15.0
140,baseline,Nurse_23,1,12.5
140,baseline,Nurse_24,4,18.5
140,baseline,Nurse_25,3,17.0
140,baseline,Nurse_26,4,18.5
140,baseline,Nurse_27,5,28.0
140,baseline,Nurse_28,2,12.5
140,baseline,Nurse_29,4,24.0
140,baseline,Nurse_30,6,28.5
140,baseline,Nurse_31,5,21.5
140,baseline,Nurse_32,2,13.5
140,baseline,Nurse_33,0,1.5
140,baseline,Nurse_34,0,7.0
140,baseline,Nurse_35,0,7.0
140,baseline,Nurse_36,1,4.5
140,baseline,Nurse_37,5,22.5
140,baseline,Nurse_38,2,12.0
140,baseline,Nurse_39,0,4.5
140,baseline,Nurse_40,4,20.5
140,baseline,Nurse_41,2,16.0
140,baseline,Nurse_42,3,10.5
140,baseline,Nurse_43,5,20.0
140,baseline,Nurse_44,3,10.5
140,baseline,Nurse_45,2,17.0
140,baseline,Nurse_46,4,19.5
140,baseline,Nurse_47,4,15.0
140,baseline,Nurse_48,0,5.5
140,baseline,Nurse_49,4,16.0
140,baseline,Nurse_50,0,12.0
140,baseline,Nurse_51,1,12.5
140,baseline,Nurse_52,5,21.0
140,baseline,Nurse_53,0,7.5
140,baseline,Nurse_54,3,9.0
140,baseline,Nurse_55,3,11.0
140,baseline,Nurse_56,2,14.0
140,baseline,Nurse_57,0,3.0
140,baseline,Nurse_58,0,14.0
140,baseline,Nurse_59,0,4.5
140,baseline,Nurse_60,0,5.0
140,baseline,Nurse_61,0,4.0
140,baseline,Nurse_62,0,5.5
140,baseline,Nurse_63,0,6.0
140,baseline,Nurse_64,4,19.5
140,baseline,Nurse_65,5,26.0
140,baseline,Nurse_66,1,13.0
140,baseline,Nurse_67,4,15.5
140,baseline,Nurse_68,0,7.5
140,baseline,Nurse_69,2,12.0
140,baseline,Nurse_70,6,23.0
140,strain,Nurse_01,4,14.0
140,strain,Nurse_02,2,11.5
140,strain,Nurse_03,3,14.5
140,strain,Nurse_04,3,16.5
140,strain,Nurse_05,3,23.5
140,strain,Nurse_06,3,17.0
140,strain,Nurse_07,2,12.5
140,strain,Nurse_08,0,3.5
140,strain,Nurse_09,1,9.0
140,strain,Nurse_10,0,9.5
140,strain,Nurse_11,3,13.0
140,strain,Nurse_12,1,6.0
140,strain,Nurse_13,3,17.5
140,strain,Nurse_14,4,19.5
140,strain,Nurse_15,3,18.5
140,strain,Nurse_16,2,19.0
140,strain,Nurse_17,2,19.5
140,strain,Nurse_18,2,12.5
140,strain,Nurse_19,2,9.0
140,strain,Nurse_20,2,14.5
140,strain,Nurse_21,2,17.0
140,strain,Nurse_22,3,12.0
140,strain,Nurse_23,0,9.0
140,strain,Nurse_24,4,18.5
140,strain,Nurse_25,2,14.5
140,strain,Nurse_26,3,17.0
140,strain,Nurse_27,1,20.5
140,strain,Nurse_28,2,10.0
140,strain,Nurse_29,2,19.0
140,strain,Nurse_30,2,16.0
140,strain,Nurse_31,3,17.0
140,strain,Nurse_32,1,14.0
140,strain,Nurse_33,0,4.5
140,strain,Nurse_34,0,8.5
140,strain,Nurse_35,0,4.5
140,strain,Nurse_36,1,6.0
140,strain,Nurse_37,5,21.0
140,strain,Nurse_38,1,7.0
140,strain,Nurse_39,0,6.0
140,strain,Nurse_40,3,20.0
140,strain,Nurse_41,1,14.0
140,strain,Nurse_42,2,9.0
140,strain,Nurse_43,4,18.0
140,strain,Nurse_44,2,9.0
140,strain,Nurse_45,1,17.5
140,strain,Nurse_46,3,19.0
140,strain,Nurse_47,3,13.5
140,strain,Nurse_48,0,8.0
140,strain,Nurse_49,2,13.0
140,strain,Nurse_50,0,10.0
140,strain,Nurse_51,0,12.5
140,strain,Nurse_52,4,19.5
140,strain,Nurse_53,0,6.5
140,strain,Nurse_54,2,7.5
140,strain,Nurse_55,3,11.0
140,strain,Nurse_56,2,13.0
140,strain,Nurse_57,0,3.0
140,strain,Nurse_58,0,13.0
140,strain,Nurse_59,0,4.5
140,strain,Nurse_60,0,7.5
140,strain,Nurse_61,0,4.0
140,strain,Nurse_62,0,8.0
140,strain,Nurse_63,0,6.0
140,strain,Nurse_64,3,17.0
140,strain,Nurse_65,1,19.0
140,strain,Nurse_66,0,9.5
140,strain,Nurse_67,2,14.0
140,strain,Nurse_68,0,9.0
140,strain,Nurse_69,1,12.0
140,strain,Nurse_70,3,19.5
141,baseline,Nurse_01,2,7.5
141,baseline,Nurse_02,0,5.0
141,baseline,Nurse_03,1,7.0
141,baseline,Nurse_04,4,16.5
141,baseline,Nurse_05,5,20.0
141,baseline,Nurse_06,0,1.5
141,baseline,Nurse_07,1,11.0
141,baseline,Nurse_08,1,10.5
141,baseline,Nurse_09,2,13.0
141,baseline,Nurse_10,0,5.5
141,baseline,Nurse_11,2,15.0
141,baseline,Nurse_12,0,11.0
141,baseline,Nurse_13,6,22.5
141,baseline,Nurse_14,3,14.5
141,baseline,Nurse_15,2,18.0
141,baseline,Nurse_16,5,20.0
141,baseline,Nurse_17,4,21.5
141,baseline,Nurse_18,4,21.0
141,baseline,Nurse_19,0,3.0
141,baseline,Nurse_20,3,17.0
141,baseline,Nurse_21,4,20.0
141,baseline,Nurse_22,1,17.5
141,baseline,Nurse_23,1,8.5
141,baseline,Nurse_24,3,16.5
141,baseline,Nurse_25,0,8.0
141,baseline,Nurse_26,0,6.5
141,baseline,Nurse_27,2,13.0
141,baseline,Nurse_28,2,15.5
141,baseline,Nurse_29,3,10.5
141,baseline,Nurse_30,3,20.0
141,baseline,Nurse_31,1,6.0
141,baseline,Nurse_32,2,15.0
141,baseline,Nurse_33,3,16.5
141,baseline,Nurse_34,3,18.5
141,baseline,Nurse_35,2,20.0
141,baseline,Nurse_36,0,9.0
141,baseline,Nurse_37,2,6.0
141,baseline,Nurse_38,1,12.5
141,baseline,Nurse_39,6,26.0
141,baseline,Nurse_40,3,19.5
141,baseline,Nurse_41,0,4.0
141,baseline,Nurse_42,3,14.0
141,baseline,Nurse_43,3,16.5
141,baseline,Nurse_44,4,17.0
141,baseline,Nurse_45,2,13.0
141,baseline,Nurse_46,1,9.5
141,baseline,Nurse_47,4,16.0
141,baseline,Nurse_48,2,13.5
141,baseline,Nurse_49,3,17.0
141,baseline,Nurse_50,4,14.0
141,baseline,Nurse_51,2,12.0
141,baseline,Nurse_52,1,4.5
141,baseline,Nurse_53,4,25.5
141,baseline,Nurse_54,1,14.0
141,baseline,Nurse_55,4,16.5
141,baseline,Nurse_56,0,6.0
141,baseline,Nurse_57,0,9.0
141,baseline,Nurse_58,2,11.0
141,baseline,Nurse_59,5,18.0
141,baseline,Nurse_60,1,3.0
141,baseline,Nurse_61,2,7.5
141,baseline,Nurse_62,3,20.0
141,baseline,Nurse_63,2,15.0
141,baseline,Nurse_64,2,9.5
141,baseline,Nurse_65,5,23.5
141,baseline,Nurse_66,2,6.0
141,baseline,Nurse_67,4,17.5
141,baseline,Nurse_68,2,17.5
141,baseline,Nurse_69,0,1.5
141,baseline,Nurse_70,0,7.5
141,strain,Nurse_01,2,7.5
141,strain,Nurse_02,0,5.5
141,strain,Nurse_03,2,7.0
141,strain,Nurse_04,1,12.5
141,strain,Nurse_05,4,19.5
141,strain,Nurse_06,0,1.5
141,strain,Nurse_07,1,12.0
141,strain,Nurse_08,1,12.5
141,strain,Nurse_09,2,13.0
141,strain,Nurse_10,0,9.5
141,strain,Nurse_11,2,14.5
141,strain,Nurse_12,0,11.0
141,strain,Nurse_13,2,14.0
141,strain,Nurse_14,3,14.5
141,strain,Nurse_15,2,14.0
141,strain,Nurse_16,3,16.0
141,strain,Nurse_17,2,16.0
141,strain,Nurse_18,1,12.5
141,strain,Nurse_19,0,4.5
141,strain,Nurse_20,2,17.5
141,strain,Nurse_21,3,20.0
141,strain,Nurse_22,1,16.0
141,strain,Nurse_23,1,8.5
141,strain,Nurse_24,2,15.0
141,strain,Nurse_25,0,8.0
141,strain,Nurse_26,0,8.0
141,strain,Nurse_27,2,13.0
141,strain,Nurse_28,1,16.5
141,strain,Nurse_29,2,7.5
141,strain,Nurse_30,1,15.0
141,strain,Nurse_31,0,6.0
141,strain,Nurse_32,2,14.0
141,strain,Nurse_33,3,16.5
141,strain,Nurse_34,1,12.0
141,strain,Nurse_35,1,16.0
141,strain,Nurse_36,0,6.5
141,strain,Nurse_37,2,7.5
141,strain,Nurse_38,1,11.0
141,strain,Nurse_39,2,19.5
141,strain,Nurse_40,2,18.0
141,strain,Nurse_41,0,9.0
141,strain,Nurse_42,2,9.5
141,strain,Nurse_43,2,15.0
141,strain,Nurse_44,1,14.0
141,strain,Nurse_45,1,11.5
141,strain,Nurse_46,0,7.0
141,strain,Nurse_47,4,16.0
141,strain,Nurse_48,1,9.0
141,strain,Nurse_49,3,17.0
141,strain,Nurse_50,3,12.5
141,strain,Nurse_51,2,9.0
141,strain,Nurse_52,1,6.0
141,strain,Nurse_53,2,20.5
141,strain,Nurse_54,1,12.5
141,strain,Nurse_55,2,13.5
141,strain,Nurse_56,0,7.0
141,strain,Nurse_57,0,6.5
141,strain,Nurse_58,2,14.0
141,strain,Nurse_59,4,16.5
141,strain,Nurse_60,1,4.5
141,strain,Nurse_61,1,6.0
141,strain,Nurse_62,1,14.5
141,strain,Nurse_63,2,12.5
141,strain,Nurse_64,2,9.5
141,strain,Nurse_65,3,21.0
141,strain,Nurse_66,2,9.0
141,strain,Nurse_67,2,15.0
141,strain,Nurse_68,1,18.0
141,strain,Nurse_69,0,3.0
141,strain,Nurse_70,0,8.0
142,baseline,Nurse_01,5,15.0
142,baseline,Nurse_02,6,23.0
142,baseline,Nurse_03,0,8.0
142,baseline,Nurse_04,1,9.0
142,baseline,Nurse_05,4,23.0
142,baseline,Nurse_06,1,9.5
142,baseline,Nurse_07,5,21.0
142,baseline,Nurse_08,2,11.5
142,baseline,Nurse_09,1,12.5
142,baseline,Nurse_10,0,8.0
142,baseline,Nurse_11,2,9.0
142,baseline,Nurse_12,0,5.5
142,baseline,Nurse_13,3,18.5
142,baseline,Nurse_14,5,16.5
142,baseline,Nurse_15,2,12.0
142,baseline,Nurse_16,3,16.5
142,baseline,Nurse_17,3,10.5
142,baseline,Nurse_18,4,18.0
142,baseline,Nurse_19,3,16.5
142,baseline,Nurse_20,2,19.0
142,baseline,Nurse_21,1,8.0
142,baseline,Nurse_22,1,7.5
142,baseline,Nurse_23,1,13.0
142,baseline,Nurse_24,1,10.5
142,baseline,Nurse_25,0,6.5
142,baseline,Nurse_26,1,7.0
142,baseline,Nurse_27,2,7.5
142,baseline,Nurse_28,1,13.5
142,baseline,Nurse_29,1,11.5
142,baseline,Nurse_30,1,15.0
142,baseline,Nurse_31,1,4.5
142,baseline,Nurse_32,3,17.0
142,baseline,Nurse_33,0,10.0
142,baseline,Nurse_34,3,14.5
142,baseline,Nurse_35,1,8.5
142,baseline,Nurse_36,2,9.0
142,baseline,Nurse_37,2,13.0
142,baseline,Nurse_38,1,9.5
142,baseline,Nurse_39,2,14.0
142,baseline,Nurse_40,0,11.0
142,baseline,Nurse_41,4,22.0
142,baseline,Nurse_42,3,13.5
142,baseline,Nurse_43,4,17.0
142,baseline,Nurse_44,5,19.0
142,baseline,Nurse_45,3,19.0
142,baseline,Nurse_46,3,16.0
142,baseline,Nurse_47,2,12.5
142,baseline,Nurse_48,3,15.5
142,baseline,Nurse_49,3,16.5
142,baseline,Nurse_50,4,19.0
142,baseline,Nurse_51,1,12.0
142,baseline,Nurse_52,1,10.5
142,baseline,Nurse_53,2,15.5
142,baseline,Nurse_54,3,16.0
142,baseline,Nurse_55,1,11.0
142,baseline,Nurse_56,2,16.0
142,baseline,Nurse_57,4,23.5
142,baseline,Nurse_58,0,7.5
142,baseline,Nurse_59,2,11.5
142,baseline,Nurse_60,2,10.5
142,baseline,Nurse_61,4,18.5
142,baseline,Nurse_62,1,12.0
142,baseline,Nurse_63,2,12.5
142,baseline,Nurse_64,5,21.0
142,baseline,Nurse_65,1,7.5
142,baseline,Nurse_66,4,15.5
142,baseline,Nurse_67,3,13.5
142,baseline,Nurse_68,0,0.0
142,baseline,Nurse_69,3,12.0
142,baseline,Nurse_70,4,16.5
142,strain,Nurse_01,4,13.5
142,strain,Nurse_02,3,16.5
142,strain,Nurse_03,0,9.5
142,strain,Nurse_04,0,6.0
142,strain,Nurse_05,2,16.0
142,strain,Nurse_06,1,9.5
142,strain,Nurse_07,4,18.5
142,strain,Nurse_08,2,11.5
142,strain,Nurse_09,0,10.5
142,strain,Nurse_10,0,8.0
142,strain,Nurse_11,1,6.0
142,strain,Nurse_12,0,10.5
142,strain,Nurse_13,1,13.5
142,strain,Nurse_14,4,15.0
142,strain,Nurse_15,2,12.5
142,strain,Nurse_16,1,12.0
142,strain,Nurse_17,3,10.5
142,strain,Nurse_18,1,13.5
142,strain,Nurse_19,2,14.5
142,strain,Nurse_20,0,12.0
142,strain,Nurse_21,1,11.0
142,strain,Nurse_22,0,8.5
142,strain,Nurse_23,1,12.0
142,strain,Nurse_24,1,9.0
142,strain,Nurse_25,0,7.5
142,strain,Nurse_26,1,8.5
142,strain,Nurse_27,1,6.0
142,strain,Nurse_28,0,11.5
142,strain,Nurse_29,0,9.0
142,strain,Nurse_30,0,11.0
142,strain,Nurse_31,1,7.5
142,strain,Nurse_32,1,9.0
142,strain,Nurse_33,0,11.5
142,strain,Nurse_34,3,16.0
142,strain,Nurse_35,1,10.0
142,strain,Nurse_36,1,6.0
142,strain,Nurse_37,1,14.0
142,strain,Nurse_38,0,5.5
142,strain,Nurse_39,2,14.0
142,strain,Nurse_40,0,12.5
142,strain,Nurse_41,2,12.5
142,strain,Nurse_42,2,12.0
142,strain,Nurse_43,3,14.0
142,strain,Nurse_44,3,16.0
142,strain,Nurse_45,1,14.0
142,strain,Nurse_46,1,8.5
142,strain,Nurse_47,2,12.5
142,strain,Nurse_48,1,11.0
142,strain,Nurse_49,2,15.0
142,strain,Nurse_50,2,15.0
142,strain,Nurse_51,0,9.0
142,strain,Nurse_52,0,5.0
142,strain,Nurse_53,1,17.5
142,strain,Nurse_54,2,17.0
142,strain,Nurse_55,1,13.0
142,strain,Nurse_56,0,7.5
142,strain,Nurse_57,3,15.5
142,strain,Nurse_58,0,10.0
142,strain,Nurse_59,2,12.5
142,strain,Nurse_60,0,7.5
142,strain,Nurse_61,1,12.0
142,strain,Nurse_62,1,12.0
142,strain,Nurse_63,2,11.0
142,strain,Nurse_64,4,19.5
142,strain,Nurse_65,0,9.5
142,strain,Nurse_66,4,17.0
142,strain,Nurse_67,2,10.5
142,strain,Nurse_68,0,6.0
142,strain,Nurse_69,0,4.5
142,strain,Nurse_70,3,12.5
143,baseline,Nurse_01,2,9.0
143,baseline,Nurse_02,0,0.0
143,baseline,Nurse_03,5,20.5
143,baseline,Nurse_04,4,21.5
143,baseline,Nurse_05,2,13.0
143,baseline,Nurse_06,1,8.0
143,baseline,Nurse_07,5,21.0
143,baseline,Nurse_08,4,16.0
143,baseline,Nurse_09,2,9.0
143,baseline,Nurse_10,3,16.5
143,baseline,Nurse_11,2,14.9
143,baseline,Nurse_12,2,11.0
143,baseline,Nurse_13,1,15.0
143,baseline,Nurse_14,0,10.0
143,baseline,Nurse_15,0,0.0
143,baseline,Nurse_16,0,5.0
143,baseline,Nurse_17,2,12.0
143,baseline,Nurse_18,6,21.5
143,baseline,Nurse_19,3,14.5
143,baseline,Nurse_20,2,14.5
143,baseline,Nurse_21,4,20.5
143,baseline,Nurse_22,5,23.0
143,baseline,Nurse_23,5,24.5
143,baseline,Nurse_24,4,22.5
143,baseline,Nurse_25,2,7.5
143,baseline,Nurse_26,1,9.5
143,baseline,Nurse_27,2,12.5
143,baseline,Nurse_28,4,15.0
143,baseline,Nurse_29,5,15.0
143,baseline,Nurse_30,2,6.0
143,baseline,Nurse_31,1,9.0
143,baseline,Nurse_32,1,10.0
143,baseline,Nurse_33,5,23.5
143,baseline,Nurse_34,5,23.0
143,baseline,Nurse_35,3,15.0
143,baseline,Nurse_36,3,18.0
143,baseline,Nurse_37,4,17.0
143,baseline,Nurse_38,4,22.5
143,baseline,Nurse_39,3,21.0
143,baseline,Nurse_40,3,17.0
143,baseline,Nurse_41,3,17.5
143,baseline,Nurse_42,1,10.0
143,baseline,Nurse_43,3,14.0
143,baseline,Nurse_44,3,16.5
143,baseline,Nurse_45,5,25.0
143,baseline,Nurse_46,3,19.0
143,baseline,Nurse_47,2,13.0
143,baseline,Nurse_48,4,17.5
143,baseline,Nurse_49,3,18.0
143,baseline,Nurse_50,3,17.5
143,baseline,Nurse_51,1,7.0
143,baseline,Nurse_52,6,24.0
143,baseline,Nurse_53,1,6.0
143,baseline,Nurse_54,6,25.0
143,baseline,Nurse_55,1,13.0
143,baseline,Nurse_56,5,21.5
143,baseline,Nurse_57,0,9.5
143,baseline,Nurse_58,2,6.0
143,baseline,Nurse_59,2,13.5
143,baseline,Nurse_60,5,25.0
143,baseline,Nurse_61,1,10.5
143,baseline,Nurse_62,2,12.0
143,baseline,Nurse_63,3,17.5
143,baseline,Nurse_64,1,6.0
143,baseline,Nurse_65,3,10.5
143,baseline,Nurse_66,3,15.0
143,baseline,Nurse_67,4,18.0
143,baseline,Nurse_68,3,13.0
143,baseline,Nurse_69,5,22.5
143,baseline,Nurse_70,0,8.5
143,strain,Nurse_01,0,4.5
143,strain,Nurse_02,0,4.5
143,strain,Nurse_03,2,14.0
143,strain,Nurse_04,3,19.5
143,strain,Nurse_05,2,11.0
143,strain,Nurse_06,0,8.0
143,strain,Nurse_07,4,20.5
143,strain,Nurse_08,4,16.0
143,strain,Nurse_09,0,6.0
143,strain,Nurse_10,3,16.5
143,strain,Nurse_11,2,10.5
143,strain,Nurse_12,2,11.0
143,strain,Nurse_13,0,9.0
143,strain,Nurse_14,0,9.0
143,strain,Nurse_15,0,3.0
143,strain,Nurse_16,0,12.5
143,strain,Nurse_17,2,12.0
143,strain,Nurse_18,4,15.5
143,strain,Nurse_19,3,13.0
143,strain,Nurse_20,1,14.0
143,strain,Nurse_21,1,15.5
143,strain,Nurse_22,2,17.0
143,strain,Nurse_23,1,18.5
143,strain,Nurse_24,2,16.5
143,strain,Nurse_25,2,10.5
143,strain,Nurse_26,1,8.5
143,strain,Nurse_27,1,11.0
143,strain,Nurse_28,3,16.0
143,strain,Nurse_29,4,15.0
143,strain,Nurse_30,1,7.5
143,strain,Nurse_31,0,9.0
143,strain,Nurse_32,0,8.0
143,strain,Nurse_33,3,17.5
143,strain,Nurse_34,5,19.0
143,strain,Nurse_35,2,13.0
143,strain,Nurse_36,1,16.0
143,strain,Nurse_37,2,14.0
143,strain,Nurse_38,2,20.5
143,strain,Nurse_39,1,14.5
143,strain,Nurse_40,2,14.5
143,strain,Nurse_41,2,16.0
143,strain,Nurse_42,0,7.5
143,strain,Nurse_43,2,13.5
143,strain,Nurse_44,3,15.0
143,strain,Nurse_45,4,20.5
143,strain,Nurse_46,2,13.5
143,strain,Nurse_47,2,14.0
143,strain,Nurse_48,3,17.5
143,strain,Nurse_49,1,13.0
143,strain,Nurse_50,3,15.0
143,strain,Nurse_51,1,9.5
143,strain,Nurse_52,5,23.5
143,strain,Nurse_53,1,4.5
143,strain,Nurse_54,5,23.5
143,strain,Nurse_55,1,9.0
143,strain,Nurse_56,3,15.5
143,strain,Nurse_57,0,12.5
143,strain,Nurse_58,2,7.5
143,strain,Nurse_59,2,15.5
143,strain,Nurse_60,3,17.0
143,strain,Nurse_61,1,9.0
143,strain,Nurse_62,2,13.5
143,strain,Nurse_63,1,9.0
143,strain,Nurse_64,1,7.5
143,strain,Nurse_65,3,10.5
143,strain,Nurse_66,2,13.5
143,strain,Nurse_67,2,11.5
143,strain,Nurse_68,2,12.5
143,strain,Nurse_69,3,16.5
143,strain,Nurse_70,0,8.5
144,baseline,Nurse_01,0,5.0
144,baseline,Nurse_02,5,25.5
144,baseline,Nurse_03,1,4.5
144,baseline,Nurse_04,3,14.0
144,baseline,Nurse_05,5,20.0
144,baseline,Nurse_06,3,16.0
144,baseline,Nurse_07,0,8.0
144,baseline,Nurse_08,0,1.5
144,baseline,Nurse_09,3,12.5
144,baseline,Nurse_10,0,10.5
144,baseline,Nurse_11,4,18.0
144,baseline,Nurse_12,4,16.0
144,baseline,Nurse_13,3,15.5
144,baseline,Nurse_14,4,16.5
144,baseline,Nurse_15,0,3.0
144,baseline,Nurse_16,3,15.0
144,baseline,Nurse_17,3,21.5
144,baseline,Nurse_18,1,9.5
144,baseline,Nurse_19,2,7.5
144,baseline,Nurse_20,1,15.0
144,baseline,Nurse_21,3,17.0
144,baseline,Nurse_22,2,18.5
144,baseline,Nurse_23,1,9.0
144,baseline,Nurse_24,2,10.0
144,baseline,Nurse_25,3,17.5
144,baseline,Nurse_26,3,19.0
144,baseline,Nurse_27,1,9.0
144,baseline,Nurse_28,1,8.0
144,baseline,Nurse_29,1,9.5
144,baseline,Nurse_30,3,12.0
144,baseline,Nurse_31,4,21.5
144,baseline,Nurse_32,1,13.0
144,baseline,Nurse_33,0,4.5
144,baseline,Nurse_34,3,12.0
144,baseline,Nurse_35,2,14.0
144,baseline,Nurse_36,0,6.5
144,baseline,Nurse_37,4,18.5
144,baseline,Nurse_38,5,20.0
144,baseline,Nurse_39,1,10.0
144,baseline,Nurse_40,4,18.0
144,baseline,Nurse_41,2,10.5
144,baseline,Nurse_42,5,21.5
144,baseline,Nurse_43,2,11.0
144,baseline,Nurse_44,3,23.0
144,baseline,Nurse_45,5,23.5
144,baseline,Nurse_46,0,5.5
144,baseline,Nurse_47,2,20.0
144,baseline,Nurse_48,3,18.5
144,baseline,Nurse_49,3,12.5
144,baseline,Nurse_50,3,15.0
144,baseline,Nurse_51,0,3.5
144,baseline,Nurse_52,2,16.5
144,baseline,Nurse_53,1,3.0
144,baseline,Nurse_54,2,8.0
144,baseline,Nurse_55,3,10.5
144,baseline,Nurse_56,5,21.5
144,baseline,Nurse_57,3,17.5
144,baseline,Nurse_58,4,22.0
144,baseline,Nurse_59,2,10.0
144,baseline,Nurse_60,1,10.5
144,baseline,Nurse_61,4,20.0
144,baseline,Nurse_62,4,24.0
144,baseline,Nurse_63,3,12.0
144,baseline,Nurse_64,4,17.5
144,baseline,Nurse_65,3,15.0
144,baseline,Nurse_66,3,12.0
144,baseline,Nurse_67,4,18.0
144,baseline,Nurse_68,3,17.5
144,baseline,Nurse_69,3,9.0
144,baseline,Nurse_70,2,15.5
144,strain,Nurse_01,0,8.0
144,strain,Nurse_02,2,17.5
144,strain,Nurse_03,1,6.0
144,strain,Nurse_04,3,12.5
144,strain,Nurse_05,3,16.0
144,strain,Nurse_06,2,16.0
144,strain,Nurse_07,0,11.5
144,strain,Nurse_08,0,1.5
144,strain,Nurse_09,3,11.0
144,strain,Nurse_10,0,8.0
144,strain,Nurse_11,3,16.0
144,strain,Nurse_12,2,14.5
144,strain,Nurse_13,1,14.5
144,strain,Nurse_14,3,14.0
144,strain,Nurse_15,0,6.0
144,strain,Nurse_16,1,13.0
144,strain,Nurse_17,2,17.5
144,strain,Nurse_18,1,13.5
144,strain,Nurse_19,2,9.0
144,strain,Nurse_20,1,12.5
144,strain,Nurse_21,1,14.0
144,strain,Nurse_22,1,12.5
144,strain,Nurse_23,1,9.0
144,strain,Nurse_24,2,11.5
144,strain,Nurse_25,1,13.5
144,strain,Nurse_26,0,16.0
144,strain,Nurse_27,1,8.5
144,strain,Nurse_28,1,13.0
144,strain,Nurse_29,0,9.0
144,strain,Nurse_30,2,9.0
144,strain,Nurse_31,2,19.0
144,strain,Nurse_32,1,14.0
144,strain,Nurse_33,0,12.5
144,strain,Nurse_34,2,10.5
144,strain,Nurse_35,2,11.5
144,strain,Nurse_36,0,8.0
144,strain,Nurse_37,2,10.5
144,strain,Nurse_38,3,16.0
144,strain,Nurse_39,1,12.5
144,strain,Nurse_40,3,18.0
144,strain,Nurse_41,2,9.0
144,strain,Nurse_42,2,15.0
144,strain,Nurse_43,2,11.0
144,strain,Nurse_44,3,21.5
144,strain,Nurse_45,3,17.0
144,strain,Nurse_46,0,4.5
144,strain,Nurse_47,2,15.0
144,strain,Nurse_48,3,18.5
144,strain,Nurse_49,3,12.0
144,strain,Nurse_50,1,13.0
144,strain,Nurse_51,0,2.0
144,strain,Nurse_52,1,11.0
144,strain,Nurse_53,1,4.5
144,strain,Nurse_54,1,9.5
144,strain,Nurse_55,2,9.0
144,strain,Nurse_56,4,19.0
144,strain,Nurse_57,1,14.5
144,strain,Nurse_58,2,17.0
144,strain,Nurse_59,1,10.0
144,strain,Nurse_60,1,10.5
144,strain,Nurse_61,3,15.5
144,strain,Nurse_62,4,17.0
144,strain,Nurse_63,2,10.5
144,strain,Nurse_64,2,13.5
144,strain,Nurse_65,3,17.5
144,strain,Nurse_66,3,10.5
144,strain,Nurse_67,1,12.0
144,strain,Nurse_68,3,16.0
144,strain,Nurse_69,3,9.0
144,strain,Nurse_70,1,13.0
145,baseline,Nurse_01,3,19.5
145,baseline,Nurse_02,4,20.5
145,baseline,Nurse_03,2,14.0
145,baseline,Nurse_04,1,7.0
145,baseline,Nurse_05,3,15.0
145,baseline,Nurse_06,2,12.5
145,baseline,Nurse_07,5,20.0
145,baseline,Nurse_08,3,16.0
145,baseline,Nurse_09,5,21.5
145,baseline,Nurse_10,0,4.0
145,baseline,Nurse_11,3,15.0
145,baseline,Nurse_12,1,12.5
145,baseline,Nurse_13,5,23.0
145,baseline,Nurse_14,3,17.0
145,baseline,Nurse_15,5,18.5
145,baseline,Nurse_16,4,19.5
145,baseline,Nurse_17,4,22.0
145,baseline,Nurse_18,3,17.0
145,baseline,Nurse_19,3,9.0
145,baseline,Nurse_20,2,10.0
145,baseline,Nurse_21,0,2.0
145,baseline,Nurse_22,2,13.0
145,baseline,Nurse_23,4,22.5
145,baseline,Nurse_24,0,3.5
145,baseline,Nurse_25,3,15.0
145,baseline,Nurse_26,3,16.5
145,baseline,Nurse_27,2,11.5
145,baseline,Nurse_28,0,7.0
145,baseline,Nurse_29,4,14.0
145,baseline,Nurse_30,1,12.0
145,baseline,Nurse_31,4,18.0
145,baseline,Nurse_32,2,7.5
145,baseline,Nurse_33,2,6.0
145,baseline,Nurse_34,2,15.5
145,baseline,Nurse_35,0,6.5
145,baseline,Nurse_36,0,7.5
145,baseline,Nurse_37,5,18.0
145,baseline,Nurse_38,1,7.0
145,baseline,Nurse_39,4,23.0
145,baseline,Nurse_40,4,18.5
145,baseline,Nurse_41,5,29.5
145,baseline,Nurse_42,3,12.0
145,baseline,Nurse_43,4,19.5
145,baseline,Nurse_44,1,10.5
145,baseline,Nurse_45,6,24.5
145,baseline,Nurse_46,0,8.0
145,baseline,Nurse_47,3,20.0
145,baseline,Nurse_48,0,3.5
145,baseline,Nurse_49,0,6.5
145,baseline,Nurse_50,5,20.0
145,baseline,Nurse_51,2,12.0
145,baseline,Nurse_52,2,10.0
145,baseline,Nurse_53,2,14.0
145,baseline,Nurse_54,1,7.0
145,baseline,Nurse_55,3,14.0
145,baseline,Nurse_56,5,27.0
145,baseline,Nurse_57,5,29.0
145,baseline,Nurse_58,4,20.0
145,baseline,Nurse_59,5,15.0
145,baseline,Nurse_60,4,20.0
145,baseline,Nurse_61,4,12.0
145,baseline,Nurse_62,0,8.5
145,baseline,Nurse_63,5,19.5
145,baseline,Nurse_64,1,13.5
145,baseline,Nurse_65,4,24.0
145,baseline,Nurse_66,3,16.0
145,baseline,Nurse_67,0,5.5
145,baseline,Nurse_68,0,9.5
145,baseline,Nurse_69,3,14.5
145,baseline,Nurse_70,2,6.0
145,strain,Nurse_01,3,18.0
145,strain,Nurse_02,2,16.0
145,strain,Nurse_03,1,16.5
145,strain,Nurse_04,1,8.5
145,strain,Nurse_05,1,15.5
145,strain,Nurse_06,2,10.0
145,strain,Nurse_07,3,17.0
145,strain,Nurse_08,2,13.0
145,strain,Nurse_09,4,18.5
145,strain,Nurse_10,0,7.5
145,strain,Nurse_11,3,16.5
145,strain,Nurse_12,0,8.0
145,strain,Nurse_13,2,18.5
145,strain,Nurse_14,3,16.0
145,strain,Nurse_15,4,15.5
145,strain,Nurse_16,4,18.0
145,strain,Nurse_17,3,21.0
145,strain,Nurse_18,1,12.0
145,strain,Nurse_19,3,10.5
145,strain,Nurse_20,2,10.0
145,strain,Nurse_21,0,6.5
145,strain,Nurse_22,2,13.0
145,strain,Nurse_23,3,15.5
145,strain,Nurse_24,0,5.0
145,strain,Nurse_25,1,14.0
145,strain,Nurse_26,1,11.0
145,strain,Nurse_27,0,7.0
145,strain,Nurse_28,0,6.0
145,strain,Nurse_29,3,16.5
145,strain,Nurse_30,0,9.0
145,strain,Nurse_31,1,12.5
145,strain,Nurse_32,2,7.5
145,strain,Nurse_33,1,6.0
145,strain,Nurse_34,2,21.5
145,strain,Nurse_35,0,9.0
145,strain,Nurse_36,0,7.5
145,strain,Nurse_37,3,14.0
145,strain,Nurse_38,1,9.5
145,strain,Nurse_39,1,14.5
145,strain,Nurse_40,3,15.5
145,strain,Nurse_41,5,25.0
145,strain,Nurse_42,2,10.5
145,strain,Nurse_43,3,17.0
145,strain,Nurse_44,0,9.0
145,strain,Nurse_45,1,9.5
145,strain,Nurse_46,0,8.0
145,strain,Nurse_47,2,16.5
145,strain,Nurse_48,0,5.0
145,strain,Nurse_49,0,8.0
145,strain,Nurse_50,3,17.0
145,strain,Nurse_51,1,9.0
145,strain,Nurse_52,1,9.5
145,strain,Nurse_53,2,10.0
145,strain,Nurse_54,0,6.5
145,strain,Nurse_55,2,11.0
145,strain,Nurse_56,3,21.0
145,strain,Nurse_57,1,17.5
145,strain,Nurse_58,3,18.5
145,strain,Nurse_59,5,15.0
145,strain,Nurse_60,2,12.5
145,strain,Nurse_61,4,13.5
145,strain,Nurse_62,0,7.0
145,strain,Nurse_63,3,15.0
145,strain,Nurse_64,0,13.0
145,strain,Nurse_65,2,21.0
145,strain,Nurse_66,1,13.0
145,strain,Nurse_67,0,4.5
145,strain,Nurse_68,0,13.0
145,strain,Nurse_69,2,11.5
145,strain,Nurse_70,2,6.0
146,baseline,Nurse_01,1,14.5
146,baseline,Nurse_02,4,17.0
146,baseline,Nurse_03,1,3.0
146,baseline,Nurse_04,3,15.0
146,baseline,Nurse_05,1,16.0
146,baseline,Nurse_06,4,18.0
146,baseline,Nurse_07,5,23.5
146,baseline,Nurse_08,3,14.0
146,baseline,Nurse_09,1,8.5
146,baseline,Nurse_10,3,21.0
146,baseline,Nurse_11,0,4.5
146,baseline,Nurse_12,3,15.0
146,baseline,Nurse_13,3,12.5
146,baseline,Nurse_14,0,3.5
146,baseline,Nurse_15,0,5.0
146,baseline,Nurse_16,4,17.0
146,baseline,Nurse_17,3,17.0
146,baseline,Nurse_18,5,22.5
146,baseline,Nurse_19,1,7.0
146,baseline,Nurse_20,2,12.0
146,baseline,Nurse_21,2,13.5
146,baseline,Nurse_22,4,18.5
146,baseline,Nurse_23,3,21.5
146,baseline,Nurse_24,1,16.0
146,baseline,Nurse_25,1,13.0
146,baseline,Nurse_26,3,13.5
146,baseline,Nurse_27,5,18.0
146,baseline,Nurse_28,4,18.0
146,baseline,Nurse_29,1,7.0
146,baseline,Nurse_30,2,11.5
146,baseline,Nurse_31,6,24.0
146,baseline,Nurse_32,0,7.0
146,baseline,Nurse_33,1,6.0
146,baseline,Nurse_34,2,16.0
146,baseline,Nurse_35,3,14.0
146,baseline,Nurse_36,3,19.5
146,baseline,Nurse_37,1,11.0
146,baseline,Nurse_38,4,19.0
146,baseline,Nurse_39,5,22.5
146,baseline,Nurse_40,0,8.0
146,baseline,Nurse_41,3,16.5
146,baseline,Nurse_42,5,24.0
146,baseline,Nurse_43,3,10.5
146,baseline,Nurse_44,3,15.5
146,baseline,Nurse_45,3,11.0
146,baseline,Nurse_46,1,4.5
146,baseline,Nurse_47,6,22.0
146,baseline,Nurse_48,5,22.5
146,baseline,Nurse_49,0,0.0
146,baseline,Nurse_50,0,4.5
146,baseline,Nurse_51,2,14.0
146,baseline,Nurse_52,4,19.5
146,baseline,Nurse_53,1,9.0
146,baseline,Nurse_54,2,16.0
146,baseline,Nurse_55,2,18.0
146,baseline,Nurse_56,4,19.5
146,baseline,Nurse_57,2,13.0
146,baseline,Nurse_58,3,17.5
146,baseline,Nurse_59,2,6.0
146,baseline,Nurse_60,2,12.5
146,baseline,Nurse_61,1,10.5
146,baseline,Nurse_62,2,13.0
146,baseline,Nurse_63,3,19.5
146,baseline,Nurse_64,1,11.5
146,baseline,Nurse_65,1,6.0
146,baseline,Nurse_66,2,14.5
146,baseline,Nurse_67,2,18.0
146,baseline,Nurse_68,5,16.0
146,baseline,Nurse_69,2,11.5
146,baseline,Nurse_70,4,16.5
146,strain,Nurse_01,0,13.5
146,strain,Nurse_02,3,18.0
146,strain,Nurse_03,1,3.0
146,strain,Nurse_04,1,13.0
146,strain,Nurse_05,1,16.0
146,strain,Nurse_06,3,16.0
146,strain,Nurse_07,3,14.0
146,strain,Nurse_08,3,14.0
146,strain,Nurse_09,0,8.5
146,strain,Nurse_10,2,19.0
146,strain,Nurse_11,0,4.5
146,strain,Nurse_12,2,15.0
146,strain,Nurse_13,2,12.5
146,strain,Nurse_14,0,5.0
146,strain,Nurse_15,0,8.0
146,strain,Nurse_16,1,13.0
146,strain,Nurse_17,2,15.5
146,strain,Nurse_18,3,15.5
146,strain,Nurse_19,1,8.5
146,strain,Nurse_20,2,11.0
146,strain,Nurse_21,2,12.5
146,strain,Nurse_22,2,12.5
146,strain,Nurse_23,3,18.0
146,strain,Nurse_24,0,10.0
146,strain,Nurse_25,0,11.0
146,strain,Nurse_26,2,14.0
146,strain,Nurse_27,4,15.5
146,strain,Nurse_28,3,17.5
146,strain,Nurse_29,0,7.5
146,strain,Nurse_30,2,14.0
146,strain,Nurse_31,3,16.5
146,strain,Nurse_32,0,9.5
146,strain,Nurse_33,1,9.0
146,strain,Nurse_34,1,12.5
146,strain,Nurse_35,1,11.0
146,strain,Nurse_36,2,13.0
146,strain,Nurse_37,1,11.0
146,strain,Nurse_38,0,13.0
146,strain,Nurse_39,2,15.5
146,strain,Nurse_40,0,8.0
146,strain,Nurse_41,2,10.5
146,strain,Nurse_42,3,20.0
146,strain,Nurse_43,2,9.0
146,strain,Nurse_44,3,15.5
146,strain,Nurse_45,3,11.0
146,strain,Nurse_46,1,6.0
146,strain,Nurse_47,5,18.0
146,strain,Nurse_48,3,17.0
146,strain,Nurse_49,0,1.5
146,strain,Nurse_50,0,3.0
146,strain,Nurse_51,2,11.0
146,strain,Nurse_52,2,16.0
146,strain,Nurse_53,1,10.5
146,strain,Nurse_54,1,16.0
146,strain,Nurse_55,2,14.0
146,strain,Nurse_56,4,18.0
146,strain,Nurse_57,1,11.5
146,strain,Nurse_58,1,13.0
146,strain,Nurse_59,2,9.0
146,strain,Nurse_60,1,12.0
146,strain,Nurse_61,0,8.5
146,strain,Nurse_62,2,13.0
146,strain,Nurse_63,1,13.5
146,strain,Nurse_64,1,11.5
146,strain,Nurse_65,0,7.5
146,strain,Nurse_66,1,9.0
146,strain,Nurse_67,1,12.5
146,strain,Nurse_68,3,15.5
146,strain,Nurse_69,1,8.5
146,strain,Nurse_70,2,15.5
147,baseline,Nurse_01,1,11.5
147,baseline,Nurse_02,0,10.0
147,baseline,Nurse_03,6,26.0
147,baseline,Nurse_04,4,19.5
147,baseline,Nurse_05,1,6.0
147,baseline,Nurse_06,3,10.0
147,baseline,Nurse_07,6,21.0
147,baseline,Nurse_08,3,10.5
147,baseline,Nurse_09,4,15.0
147,baseline,Nurse_10,3,15.5
147,baseline,Nurse_11,3,19.0
147,baseline,Nurse_12,1,13.5
147,baseline,Nurse_13,2,13.0
147,baseline,Nurse_14,3,16.0
147,baseline,Nurse_15,4,18.0
147,baseline,Nurse_16,0,5.0
147,baseline,Nurse_17,4,21.0
147,baseline,Nurse_18,1,12.5
147,baseline,Nurse_19,5,19.0
147,baseline,Nurse_20,3,15.5
147,baseline,Nurse_21,0,8.0
147,baseline,Nurse_22,3,18.5
147,baseline,Nurse_23,3,14.5
147,baseline,Nurse_24,2,15.5
147,baseline,Nurse_25,2,11.0
147,baseline,Nurse_26,1,12.0
147,baseline,Nurse_27,0,13.0
147,baseline,Nurse_28,1,3.0
147,baseline,Nurse_29,2,12.0
147,baseline,Nurse_30,4,19.0
147,baseline,Nurse_31,3,13.5
147,baseline,Nurse_32,4,20.0
147,baseline,Nurse_33,4,22.5
147,baseline,Nurse_34,5,21.5
147,baseline,Nurse_35,1,7.0
147,baseline,Nurse_36,3,14.5
147,baseline,Nurse_37,2,15.5
147,baseline,Nurse_38,0,8.5
147,baseline,Nurse_39,0,3.0
147,baseline,Nurse_40,1,8.0
147,baseline,Nurse_41,3,15.0
147,baseline,Nurse_42,3,15.5
147,baseline,Nurse_43,4,19.5
147,baseline,Nurse_44,1,4.5
147,baseline,Nurse_45,2,11.5
147,baseline,Nurse_46,4,17.0
147,baseline,Nurse_47,1,10.0
147,baseline,Nurse_48,4,19.0
147,baseline,Nurse_49,5,23.5
147,baseline,Nurse_50,4,12.0
147,baseline,Nurse_51,5,20.0
147,baseline,Nurse_52,3,15.0
147,baseline,Nurse_53,0,8.5
147,baseline,Nurse_54,1,13.0
147,baseline,Nurse_55,3,10.5
147,baseline,Nurse_56,0,7.5
147,baseline,Nurse_57,0,0.0
147,baseline,Nurse_58,3,10.5
147,baseline,Nurse_59,4,19.0
147,baseline,Nurse_60,0,7.0
147,baseline,Nurse_61,1,11.0
147,baseline,Nurse_62,2,13.5
147,baseline,Nurse_63,4,24.0
147,baseline,Nurse_64,3,10.5
147,baseline,Nurse_65,5,29.5
147,baseline,Nurse_66,4,19.5
147,baseline,Nurse_67,0,7.0
147,baseline,Nurse_68,4,21.5
147,baseline,Nurse_69,4,16.0
147,baseline,Nurse_70,5,22.0
147,strain,Nurse_01,0,11.0
147,strain,Nurse_02,0,8.5
147,strain,Nurse_03,3,19.5
147,strain,Nurse_04,3,15.5
147,strain,Nurse_05,1,7.5
147,strain,Nurse_06,3,11.5
147,strain,Nurse_07,3,16.5
147,strain,Nurse_08,3,10.5
147,strain,Nurse_09,3,16.0
147,strain,Nurse_10,2,10.5
147,strain,Nurse_11,2,12.5
147,strain,Nurse_12,1,12.0
147,strain,Nurse_13,1,11.5
147,strain,Nurse_14,2,11.5
147,strain,Nurse_15,2,14.5
147,strain,Nurse_16,0,6.0
147,strain,Nurse_17,4,17.0
147,strain,Nurse_18,0,12.0
147,strain,Nurse_19,4,20.0
147,strain,Nurse_20,1,13.5
147,strain,Nurse_21,0,10.5
147,strain,Nurse_22,3,18.5
147,strain,Nurse_23,2,14.0
147,strain,Nurse_24,2,14.5
147,strain,Nurse_25,2,11.0
147,strain,Nurse_26,1,10.5
147,strain,Nurse_27,0,10.5
147,strain,Nurse_28,1,4.5
147,strain,Nurse_29,2,13.0
147,strain,Nurse_30,3,18.5
147,strain,Nurse_31,3,13.5
147,strain,Nurse_32,4,19.0
147,strain,Nurse_33,2,15.5
147,strain,Nurse_34,3,15.5
147,strain,Nurse_35,1,8.5
147,strain,Nurse_36,0,6.0
147,strain,Nurse_37,1,11.5
147,strain,Nurse_38,0,10.0
147,strain,Nurse_39,0,3.0
147,strain,Nurse_40,1,8.0
147,strain,Nurse_41,3,15.0
147,strain,Nurse_42,2,13.5
147,strain,Nurse_43,2,17.5
147,strain,Nurse_44,0,6.0
147,strain,Nurse_45,2,10.5
147,strain,Nurse_46,1,17.0
147,strain,Nurse_47,1,12.5
147,strain,Nurse_48,3,16.0
147,strain,Nurse_49,4,21.0
147,strain,Nurse_50,4,13.5
147,strain,Nurse_51,2,14.5
147,strain,Nurse_52,2,12.5
147,strain,Nurse_53,0,10.0
147,strain,Nurse_54,1,13.0
147,strain,Nurse_55,3,10.5
147,strain,Nurse_56,0,5.0
147,strain,Nurse_57,0,1.5
147,strain,Nurse_58,3,12.0
147,strain,Nurse_59,3,19.5
147,strain,Nurse_60,0,9.0
147,strain,Nurse_61,0,9.0
147,strain,Nurse_62,2,12.5
147,strain,Nurse_63,3,18.0
147,strain,Nurse_64,2,9.0
147,strain,Nurse_65,2,17.5
147,strain,Nurse_66,2,14.5
147,strain,Nurse_67,0,5.0
147,strain,Nurse_68,1,17.0
147,strain,Nurse_69,1,16.5
147,strain,Nurse_70,4,21.5
148,baseline,Nurse_01,2,20.0
148,baseline,Nurse_02,4,19.5
148,baseline,Nurse_03,0,5.0
148,baseline,Nurse_04,1,8.5
148,baseline,Nurse_05,4,20.5
148,baseline,Nurse_06,2,6.0
148,baseline,Nurse_07,1,11.0
148,baseline,Nurse_08,4,20.5
148,baseline,Nurse_09,3,13.0
148,baseline,Nurse_10,1,8.5
148,baseline,Nurse_11,0,1.0
148,baseline,Nurse_12,3,21.5
148,baseline,Nurse_13,0,10.0
148,baseline,Nurse_14,3,17.0
148,baseline,Nurse_15,1,10.5
148,baseline,Nurse_16,0,3.0
148,baseline,Nurse_17,2,13.0
148,baseline,Nurse_18,3,12.5
148,baseline,Nurse_19,1,4.5
148,baseline,Nurse_20,2,7.5
148,baseline,Nurse_21,4,23.5
148,baseline,Nurse_22,3,12.0
148,baseline,Nurse_23,0,6.0
148,baseline,Nurse_24,2,10.5
148,baseline,Nurse_25,3,12.0
148,baseline,Nurse_26,0,7.0
148,baseline,Nurse_27,4,12.0
148,baseline,Nurse_28,3,18.0
148,baseline,Nurse_29,4,16.0
148,baseline,Nurse_30,3,16.0
148,baseline,Nurse_31,4,20.0
148,baseline,Nurse_32,1,11.0
148,baseline,Nurse_33,0,4.5
148,baseline,Nurse_34,2,16.0
148,baseline,Nurse_35,4,15.0
148,baseline,Nurse_36,0,7.5
148,baseline,Nurse_37,3,18.0
148,baseline,Nurse_38,3,13.0
148,baseline,Nurse_39,3,16.0
148,baseline,Nurse_40,0,5.0
148,baseline,Nurse_41,0,7.5
148,baseline,Nurse_42,4,17.0
148,baseline,Nurse_43,0,9.0
148,baseline,Nurse_44,6,25.0
148,baseline,Nurse_45,2,14.0
148,baseline,Nurse_46,2,17.5
148,baseline,Nurse_47,0,7.5
148,baseline,Nurse_48,5,22.0
148,baseline,Nurse_49,4,18.0
148,baseline,Nurse_50,1,15.5
148,baseline,Nurse_51,4,12.0
148,baseline,Nurse_52,2,17.5
148,baseline,Nurse_53,3,17.0
148,baseline,Nurse_54,5,19.0
148,baseline,Nurse_55,0,6.0
148,baseline,Nurse_56,5,20.0
148,baseline,Nurse_57,4,18.5
148,baseline,Nurse_58,3,18.5
148,baseline,Nurse_59,4,16.0
148,baseline,Nurse_60,1,10.5
148,baseline,Nurse_61,1,14.0
148,baseline,Nurse_62,2,6.0
148,baseline,Nurse_63,1,11.5
148,baseline,Nurse_64,4,25.0
148,baseline,Nurse_65,3,13.5
148,baseline,Nurse_66,5,21.0
148,baseline,Nurse_67,2,14.5
148,baseline,Nurse_68,3,17.0
148,baseline,Nurse_69,1,9.0
148,baseline,Nurse_70,5,24.0
148,strain,Nurse_01,0,11.0
148,strain,Nurse_02,0,12.0
148,strain,Nurse_03,0,5.0
148,strain,Nurse_04,1,7.5
148,strain,Nurse_05,1,13.0
148,strain,Nurse_06,2,7.5
148,strain,Nurse_07,1,12.5
148,strain,Nurse_08,3,19.0
148,strain,Nurse_09,0,9.5
148,strain,Nurse_10,0,9.0
148,strain,Nurse_11,0,6.0
148,strain,Nurse_12,2,19.5
148,strain,Nurse_13,0,9.0
148,strain,Nurse_14,3,14.5
148,strain,Nurse_15,1,9.0
148,strain,Nurse_16,0,1.5
148,strain,Nurse_17,1,10.0
148,strain,Nurse_18,3,11.0
148,strain,Nurse_19,0,6.0
148,strain,Nurse_20,1,7.5
148,strain,Nurse_21,2,15.5
148,strain,Nurse_22,3,10.5
148,strain,Nurse_23,0,8.5
148,strain,Nurse_24,2,13.5
148,strain,Nurse_25,3,12.0
148,strain,Nurse_26,0,9.5
148,strain,Nurse_27,2,9.0
148,strain,Nurse_28,1,12.0
148,strain,Nurse_29,4,20.0
148,strain,Nurse_30,2,13.5
148,strain,Nurse_31,2,15.5
148,strain,Nurse_32,0,12.0
148,strain,Nurse_33,0,7.0
148,strain,Nurse_34,1,9.0
148,strain,Nurse_35,3,13.5
148,strain,Nurse_36,0,9.0
148,strain,Nurse_37,3,15.5
148,strain,Nurse_38,2,11.0
148,strain,Nurse_39,3,16.0
148,strain,Nurse_40,0,7.0
148,strain,Nurse_41,0,10.0
148,strain,Nurse_42,0,15.0
148,strain,Nurse_43,0,11.5
148,strain,Nurse_44,3,18.0
148,strain,Nurse_45,2,15.0
148,strain,Nurse_46,2,16.5
148,strain,Nurse_47,0,7.5
148,strain,Nurse_48,3,17.5
148,strain,Nurse_49,2,12.5
148,strain,Nurse_50,1,12.0
148,strain,Nurse_51,4,13.5
148,strain,Nurse_52,2,11.5
148,strain,Nurse_53,2,16.5
148,strain,Nurse_54,2,19.0
148,strain,Nurse_55,0,8.5
148,strain,Nurse_56,3,18.0
148,strain,Nurse_57,2,13.0
148,strain,Nurse_58,3,17.0
148,strain,Nurse_59,3,14.5
148,strain,Nurse_60,0,7.5
148,strain,Nurse_61,1,11.5
148,strain,Nurse_62,1,4.5
148,strain,Nurse_63,1,13.0
148,strain,Nurse_64,2,17.0
148,strain,Nurse_65,1,11.0
148,strain,Nurse_66,3,18.0
148,strain,Nurse_67,2,13.0
148,strain,Nurse_68,3,17.0
148,strain,Nurse_69,1,10.5
148,strain,Nurse_70,2,14.5
149,baseline,Nurse_01,4,17.5
149,baseline,Nurse_02,2,15.5
149,baseline,Nurse_03,1,17.0
149,baseline,Nurse_04,2,14.0
149,baseline,Nurse_05,1,9.0
149,baseline,Nurse_06,2,18.5
149,baseline,Nurse_07,4,21.0
149,baseline,Nurse_08,1,12.5
149,baseline,Nurse_09,0,9.0
149,baseline,Nurse_10,3,19.5
149,baseline,Nurse_11,1,12.5
149,baseline,Nurse_12,5,23.5
149,baseline,Nurse_13,0,0.0
149,baseline,Nurse_14,2,9.0
149,baseline,Nurse_15,5,22.5
149,baseline,Nurse_16,5,19.0
149,baseline,Nurse_17,0,7.5
149,baseline,Nurse_18,0,6.5
149,baseline,Nurse_19,2,12.5
149,baseline,Nurse_20,2,15.0
149,baseline,Nurse_21,1,9.5
149,baseline,Nurse_22,2,7.5
149,baseline,Nurse_23,3,15.5
149,baseline,Nurse_24,2,11.0
149,baseline,Nurse_25,6,26.5
149,baseline,Nurse_26,1,9.5
149,baseline,Nurse_27,2,13.5
149,baseline,Nurse_28,2,14.5
149,baseline,Nurse_29,0,6.0
149,baseline,Nurse_30,2,6.0
149,baseline,Nurse_31,2,9.0
149,baseline,Nurse_32,4,18.0
149,baseline,Nurse_33,2,13.0
149,baseline,Nurse_34,0,6.5
149,baseline,Nurse_35,2,11.0
149,baseline,Nurse_36,0,7.0
149,baseline,Nurse_37,4,21.0
149,baseline,Nurse_38,2,13.5
149,baseline,Nurse_39,2,6.0
149,baseline,Nurse_40,1,13.5
149,baseline,Nurse_41,3,14.5
149,baseline,Nurse_42,1,11.5
149,baseline,Nurse_43,2,6.0
149,baseline,Nurse_44,4,27.0
149,baseline,Nurse_45,3,16.0
149,baseline,Nurse_46,3,18.0
149,baseline,Nurse_47,1,9.0
149,baseline,Nurse_48,2,9.5
149,baseline,Nurse_49,4,18.5
149,baseline,Nurse_50,2,12.0
149,baseline,Nurse_51,3,14.0
149,baseline,Nurse_52,0,9.5
149,baseline,Nurse_53,5,18.0
149,baseline,Nurse_54,3,14.0
149,baseline,Nurse_55,2,14.5
149,baseline,Nurse_56,4,16.0
149,baseline,Nurse_57,1,4.5
149,baseline,Nurse_58,2,18.0
149,baseline,Nurse_59,2,11.0
149,baseline,Nurse_60,2,16.5
149,baseline,Nurse_61,1,9.0
149,baseline,Nurse_62,0,10.0
149,baseline,Nurse_63,4,17.5
149,baseline,Nurse_64,4,13.5
149,baseline,Nurse_65,0,7.0
149,baseline,Nurse_66,1,9.5
149,baseline,Nurse_67,1,14.0
149,baseline,Nurse_68,2,17.0
149,baseline,Nurse_69,1,3.0
149,baseline,Nurse_70,0,5.0
149,strain,Nurse_01,3,16.0
149,strain,Nurse_02,2,15.5
149,strain,Nurse_03,0,11.0
149,strain,Nurse_04,1,11.0
149,strain,Nurse_05,1,10.5
149,strain,Nurse_06,0,14.0
149,strain,Nurse_07,3,22.0
149,strain,Nurse_08,1,12.5
149,strain,Nurse_09,0,12.0
149,strain,Nurse_10,2,17.5
149,strain,Nurse_11,0,8.0
149,strain,Nurse_12,2,16.0
149,strain,Nurse_13,0,3.0
149,strain,Nurse_14,1,4.5
149,strain,Nurse_15,4,22.0
149,strain,Nurse_16,2,13.5
149,strain,Nurse_17,0,6.5
149,strain,Nurse_18,0,5.5
149,strain,Nurse_19,0,13.0
149,strain,Nurse_20,1,10.5
149,strain,Nurse_21,1,12.0
149,strain,Nurse_22,1,6.0
149,strain,Nurse_23,1,11.5
149,strain,Nurse_24,2,11.0
149,strain,Nurse_25,2,15.5
149,strain,Nurse_26,1,10.0
149,strain,Nurse_27,2,9.5
149,strain,Nurse_28,2,12.0
149,strain,Nurse_29,0,6.0
149,strain,Nurse_30,2,7.5
149,strain,Nurse_31,2,11.5
149,strain,Nurse_32,2,14.0
149,strain,Nurse_33,1,11.5
149,strain,Nurse_34,0,12.0
149,strain,Nurse_35,1,12.5
149,strain,Nurse_36,0,10.0
149,strain,Nurse_37,3,19.5
149,strain,Nurse_38,2,12.5
149,strain,Nurse_39,2,9.0
149,strain,Nurse_40,0,9.0
149,strain,Nurse_41,1,8.5
149,strain,Nurse_42,0,10.0
149,strain,Nurse_43,2,12.0
149,strain,Nurse_44,2,18.5
149,strain,Nurse_45,2,10.0
149,strain,Nurse_46,2,19.0
149,strain,Nurse_47,1,11.5
149,strain,Nurse_48,1,7.5
149,strain,Nurse_49,3,15.5
149,strain,Nurse_50,1,13.0
149,strain,Nurse_51,2,11.5
149,strain,Nurse_52,0,10.5
149,strain,Nurse_53,4,15.0
149,strain,Nurse_54,2,13.5
149,strain,Nurse_55,1,13.0
149,strain,Nurse_56,3,14.5
149,strain,Nurse_57,1,4.5
149,strain,Nurse_58,1,15.0
149,strain,Nurse_59,2,11.0
149,strain,Nurse_60,2,14.0
149,strain,Nurse_61,0,7.5
149,strain,Nurse_62,0,6.5
149,strain,Nurse_63,3,14.5
149,strain,Nurse_64,2,10.5
149,strain,Nurse_65,0,8.0
149,strain,Nurse_66,1,10.5
149,strain,Nurse_67,1,10.0
149,strain,Nurse_68,0,13.5
149,strain,Nurse_69,1,3.0
149,strain,Nurse_70,0,7.5
150,baseline,Nurse_01,3,13.0
150,baseline,Nurse_02,1,9.0
150,baseline,Nurse_03,2,16.5
150,baseline,Nurse_04,0,13.0
150,baseline,Nurse_05,3,12.5
150,baseline,Nurse_06,1,15.0
150,baseline,Nurse_07,0,1.5
150,baseline,Nurse_08,5,22.5
150,baseline,Nurse_09,1,10.5
150,baseline,Nurse_10,4,19.5
150,baseline,Nurse_11,2,18.0
150,baseline,Nurse_12,2,13.5
150,baseline,Nurse_13,1,9.0
150,baseline,Nurse_14,4,20.0
150,baseline,Nurse_15,2,8.0
150,baseline,Nurse_16,1,4.5
150,baseline,Nurse_17,3,14.0
150,baseline,Nurse_18,2,10.0
150,baseline,Nurse_19,0,6.5
150,baseline,Nurse_20,3,18.0
150,baseline,Nurse_21,6,19.5
150,baseline,Nurse_22,3,15.5
150,baseline,Nurse_23,1,7.5
150,baseline,Nurse_24,1,13.5
150,baseline,Nurse_25,5,19.0
150,baseline,Nurse_26,2,15.0
150,baseline,Nurse_27,1,5.0
150,baseline,Nurse_28,1,14.0
150,baseline,Nurse_29,2,12.0
150,baseline,Nurse_30,2,17.5
150,baseline,Nurse_31,0,5.0
150,baseline,Nurse_32,1,10.0
150,baseline,Nurse_33,3,11.0
150,baseline,Nurse_34,1,12.0
150,baseline,Nurse_35,2,20.5
150,baseline,Nurse_36,2,14.5
150,baseline,Nurse_37,1,12.5
150,baseline,Nurse_38,3,17.5
150,baseline,Nurse_39,4,21.5
150,baseline,Nurse_40,4,23.0
150,baseline,Nurse_41,2,10.0
150,baseline,Nurse_42,4,19.0
150,baseline,Nurse_43,2,10.5
150,baseline,Nurse_44,1,9.5
150,baseline,Nurse_45,1,6.5
150,baseline,Nurse_46,3,16.5
150,baseline,Nurse_47,2,18.0
150,baseline,Nurse_48,5,22.0
150,baseline,Nurse_49,3,17.5
150,baseline,Nurse_50,3,19.5
150,baseline,Nurse_51,0,6.0
150,baseline,Nurse_52,2,7.5
150,baseline,Nurse_53,5,18.0
150,baseline,Nurse_54,2,15.5
150,baseline,Nurse_55,4,17.5
150,baseline,Nurse_56,5,15.0
150,baseline,Nurse_57,2,14.5
150,baseline,Nurse_58,3,19.5
150,baseline,Nurse_59,1,13.0
150,baseline,Nurse_60,0,0.0
150,baseline,Nurse_61,3,15.0
150,baseline,Nurse_62,4,16.5
150,baseline,Nurse_63,1,7.0
150,baseline,Nurse_64,1,5.0
150,baseline,Nurse_65,0,6.0
150,baseline,Nurse_66,2,12.5
150,baseline,Nurse_67,4,15.0
150,baseline,Nurse_68,0,6.5
150,baseline,Nurse_69,0,1.5
150,baseline,Nurse_70,4,17.0
150,strain,Nurse_01,2,12.5
150,strain,Nurse_02,0,6.0
150,strain,Nurse_03,1,15.0
150,strain,Nurse_04,0,9.0
150,strain,Nurse_05,2,13.5
150,strain,Nurse_06,1,11.5
150,strain,Nurse_07,0,4.5
150,strain,Nurse_08,3,16.5
150,strain,Nurse_09,1,9.0
150,strain,Nurse_10,3,16.0
150,strain,Nurse_11,1,13.5
150,strain,Nurse_12,2,11.5
150,strain,Nurse_13,1,10.0
150,strain,Nurse_14,3,15.5
150,strain,Nurse_15,2,10.0
150,strain,Nurse_16,1,6.0
150,strain,Nurse_17,1,12.5
150,strain,Nurse_18,2,11.5
150,strain,Nurse_19,0,9.0
150,strain,Nurse_20,2,18.0
150,strain,Nurse_21,3,13.5
150,strain,Nurse_22,2,12.5
150,strain,Nurse_23,0,3.0
150,strain,Nurse_24,0,9.0
150,strain,Nurse_25,2,13.5
150,strain,Nurse_26,1,16.0
150,strain,Nurse_27,1,8.0
150,strain,Nurse_28,1,12.5
150,strain,Nurse_29,2,12.0
150,strain,Nurse_30,0,9.0
150,strain,Nurse_31,0,6.5
150,strain,Nurse_32,0,8.5
150,strain,Nurse_33,3,13.5
150,strain,Nurse_34,1,13.5
150,strain,Nurse_35,0,15.0
150,strain,Nurse_36,1,12.5
150,strain,Nurse_37,0,8.0
150,strain,Nurse_38,2,16.0
150,strain,Nurse_39,3,16.5
150,strain,Nurse_40,1,18.0
150,strain,Nurse_41,1,9.5
150,strain,Nurse_42,2,16.5
150,strain,Nurse_43,2,10.5
150,strain,Nurse_44,0,8.5
150,strain,Nurse_45,1,9.0
150,strain,Nurse_46,2,12.5
150,strain,Nurse_47,2,14.0
150,strain,Nurse_48,4,19.5
150,strain,Nurse_49,0,12.5
150,strain,Nurse_50,2,15.0
150,strain,Nurse_51,0,7.5
150,strain,Nurse_52,1,7.5
150,strain,Nurse_53,1,14.5
150,strain,Nurse_54,1,15.5
150,strain,Nurse_55,1,11.0
150,strain,Nurse_56,4,13.5
150,strain,Nurse_57,2,14.5
150,strain,Nurse_58,1,15.0
150,strain,Nurse_59,0,11.0
150,strain,Nurse_60,0,4.5
150,strain,Nurse_61,3,16.5
150,strain,Nurse_62,3,12.0
150,strain,Nurse_63,1,10.0
150,strain,Nurse_64,1,8.0
150,strain,Nurse_65,0,7.5
150,strain,Nurse_66,1,9.5
150,strain,Nurse_67,3,12.0
150,strain,Nurse_68,0,7.5
150,strain,Nurse_69,0,3.0
150,strain,Nurse_70,4,17.0
151,baseline,Nurse_01,6,23.0
151,baseline,Nurse_02,1,12.5
151,baseline,Nurse_03,2,14.0
151,baseline,Nurse_04,1,10.0
151,baseline,Nurse_05,5,20.5
151,baseline,Nurse_06,2,10.5
151,baseline,Nurse_07,4,15.0
151,baseline,Nurse_08,1,14.0
151,baseline,Nurse_09,2,13.5
151,baseline,Nurse_10,5,22.5
151,baseline,Nurse_11,4,18.0
151,baseline,Nurse_12,0,4.5
151,baseline,Nurse_13,6,21.0
151,baseline,Nurse_14,1,9.0
151,baseline,Nurse_15,0,3.0
151,baseline,Nurse_16,3,20.0
151,baseline,Nurse_17,2,10.5
151,baseline,Nurse_18,1,13.5
151,baseline,Nurse_19,3,14.0
151,baseline,Nurse_20,1,10.5
151,baseline,Nurse_21,4,22.5
151,baseline,Nurse_22,4,16.0
151,baseline,Nurse_23,4,19.0
151,baseline,Nurse_24,4,16.0
151,baseline,Nurse_25,4,16.0
151,baseline,Nurse_26,4,20.0
151,baseline,Nurse_27,2,16.0
151,baseline,Nurse_28,4,18.0
151,baseline,Nurse_29,5,21.5
151,baseline,Nurse_30,0,4.5
151,baseline,Nurse_31,2,15.5
151,baseline,Nurse_32,4,21.0
151,baseline,Nurse_33,2,17.0
151,baseline,Nurse_34,2,14.0
151,baseline,Nurse_35,2,10.5
151,baseline,Nurse_36,0,10.0
151,baseline,Nurse_37,3,17.5
151,baseline,Nurse_38,2,10.0
151,baseline,Nurse_39,0,0.0
151,baseline,Nurse_40,2,7.5
151,baseline,Nurse_41,1,7.0
151,baseline,Nurse_42,2,15.5
151,baseline,Nurse_43,3,17.0
151,baseline,Nurse_44,0,14.0
151,baseline,Nurse_45,4,19.0
151,baseline,Nurse_46,1,7.5
151,baseline,Nurse_47,5,18.0
151,baseline,Nurse_48,3,18.0
151,baseline,Nurse_49,2,7.5
151,baseline,Nurse_50,3,10.5
151,baseline,Nurse_51,1,13.5
151,baseline,Nurse_52,3,15.5
151,baseline,Nurse_53,3,13.0
151,baseline,Nurse_54,3,14.0
151,baseline,Nurse_55,1,9.5
151,baseline,Nurse_56,3,18.5
151,baseline,Nurse_57,2,12.5
151,baseline,Nurse_58,3,22.0
151,baseline,Nurse_59,2,18.0
151,baseline,Nurse_60,3,9.0
151,baseline,Nurse_61,1,9.5
151,baseline,Nurse_62,2,18.5
151,baseline,Nurse_63,1,7.0
151,baseline,Nurse_64,3,20.5
151,baseline,Nurse_65,4,17.0
151,baseline,Nurse_66,2,6.0
151,baseline,Nurse_67,3,16.0
151,baseline,Nurse_68,2,6.0
151,baseline,Nurse_69,0,7.5
151,baseline,Nurse_70,0,5.0
151,strain,Nurse_01,1,15.5
151,strain,Nurse_02,0,8.5
151,strain,Nurse_03,1,13.5
151,strain,Nurse_04,1,8.5
151,strain,Nurse_05,3,14.5
151,strain,Nurse_06,1,10.5
151,strain,Nurse_07,1,7.5
151,strain,Nurse_08,1,17.0
151,strain,Nurse_09,1,11.0
151,strain,Nurse_10,3,17.0
151,strain,Nurse_11,1,12.5
151,strain,Nurse_12,0,4.5
151,strain,Nurse_13,3,16.5
151,strain,Nurse_14,0,9.0
151,strain,Nurse_15,0,4.5
151,strain,Nurse_16,0,12.5
151,strain,Nurse_17,2,10.5
151,strain,Nurse_18,1,13.5
151,strain,Nurse_19,0,7.0
151,strain,Nurse_20,1,12.0
151,strain,Nurse_21,3,18.0
151,strain,Nurse_22,3,13.0
151,strain,Nurse_23,3,16.5
151,strain,Nurse_24,3,14.5
151,strain,Nurse_25,3,14.5
151,strain,Nurse_26,2,18.0
151,strain,Nurse_27,2,15.0
151,strain,Nurse_28,3,16.5
151,strain,Nurse_29,2,18.0
151,strain,Nurse_30,1,11.0
151,strain,Nurse_31,1,11.5
151,strain,Nurse_32,3,18.5
151,strain,Nurse_33,1,14.0
151,strain,Nurse_34,2,14.0
151,strain,Nurse_35,2,10.5
151,strain,Nurse_36,0,10.0
151,strain,Nurse_37,2,17.5
151,strain,Nurse_38,2,11.5
151,strain,Nurse_39,0,1.5
151,strain,Nurse_40,2,9.0
151,strain,Nurse_41,1,7.0
151,strain,Nurse_42,1,10.0
151,strain,Nurse_43,3,14.0
151,strain,Nurse_44,0,10.0
151,strain,Nurse_45,3,17.0
151,strain,Nurse_46,0,5.5
151,strain,Nurse_47,3,13.5
151,strain,Nurse_48,1,14.5
151,strain,Nurse_49,2,6.0
151,strain,Nurse_50,3,10.5
151,strain,Nurse_51,0,10.5
151,strain,Nurse_52,2,14.0
151,strain,Nurse_53,2,13.0
151,strain,Nurse_54,3,14.0
151,strain,Nurse_55,1,13.5
151,strain,Nurse_56,2,16.5
151,strain,Nurse_57,1,7.0
151,strain,Nurse_58,1,14.5
151,strain,Nurse_59,1,13.0
151,strain,Nurse_60,2,9.0
151,strain,Nurse_61,0,12.0
151,strain,Nurse_62,2,14.0
151,strain,Nurse_63,1,5.5
151,strain,Nurse_64,0,17.0
151,strain,Nurse_65,0,11.0
151,strain,Nurse_66,2,6.0
151,strain,Nurse_67,2,14.5
151,strain,Nurse_68,2,7.5
151,strain,Nurse_69,0,9.0
151,strain,Nurse_70,0,5.0
152,baseline,Nurse_01,4,17.0
152,baseline,Nurse_02,4,22.0
152,baseline,Nurse_03,2,16.0
152,baseline,Nurse_04,4,20.5
152,baseline,Nurse_05,5,22.0
152,baseline,Nurse_06,3,15.5
152,baseline,Nurse_07,1,10.5
152,baseline,Nurse_08,5,19.0
152,baseline,Nurse_09,3,19.0
152,baseline,Nurse_10,3,9.0
152,baseline,Nurse_11,0,5.5
152,baseline,Nurse_12,2,11.5
152,baseline,Nurse_13,0,8.5
152,baseline,Nurse_14,0,13.5
152,baseline,Nurse_15,3,21.0
152,baseline,Nurse_16,1,7.5
152,baseline,Nurse_17,0,9.0
152,baseline,Nurse_18,0,5.5
152,baseline,Nurse_19,2,17.5
152,baseline,Nurse_20,1,10.5
152,baseline,Nurse_21,0,1.5
152,baseline,Nurse_22,4,18.0
152,baseline,Nurse_23,3,12.0
152,baseline,Nurse_24,2,6.0
152,baseline,Nurse_25,3,17.0
152,baseline,Nurse_26,1,13.0
152,baseline,Nurse_27,3,17.0
152,baseline,Nurse_28,1,4.5
152,baseline,Nurse_29,6,22.5
152,baseline,Nurse_30,6,22.0
152,baseline,Nurse_31,3,19.5
152,baseline,Nurse_32,0,8.5
152,baseline,Nurse_33,1,12.5
152,baseline,Nurse_34,3,13.5
152,baseline,Nurse_35,4,21.0
152,baseline,Nurse_36,4,16.0
152,baseline,Nurse_37,0,9.5
152,baseline,Nurse_38,5,25.0
152,baseline,Nurse_39,2,9.0
152,baseline,Nurse_40,4,15.0
152,baseline,Nurse_41,5,22.0
152,baseline,Nurse_42,0,5.0
152,baseline,Nurse_43,3,10.5
152,baseline,Nurse_44,1,8.5
152,baseline,Nurse_45,4,21.0
152,baseline,Nurse_46,3,16.0
152,baseline,Nurse_47,1,10.5
152,baseline,Nurse_48,1,8.0
152,baseline,Nurse_49,1,16.0
152,baseline,Nurse_50,2,10.5
152,baseline,Nurse_51,1,8.5
152,baseline,Nurse_52,4,14.5
152,baseline,Nurse_53,4,13.0
152,baseline,Nurse_54,3,17.0
152,baseline,Nurse_55,2,11.5
152,baseline,Nurse_56,1,9.0
152,baseline,Nurse_57,2,9.5
152,baseline,Nurse_58,0,11.0
152,baseline,Nurse_59,2,14.0
152,baseline,Nurse_60,2,8.0
152,baseline,Nurse_61,4,16.0
152,baseline,Nurse_62,2,14.0
152,baseline,Nurse_63,0,6.0
152,baseline,Nurse_64,2,14.0
152,baseline,Nurse_65,3,17.5
152,baseline,Nurse_66,4,25.5
152,baseline,Nurse_67,2,13.0
152,baseline,Nurse_68,2,13.5
152,baseline,Nurse_69,2,14.0
152,baseline,Nurse_70,2,14.5
152,strain,Nurse_01,3,15.5
152,strain,Nurse_02,1,15.0
152,strain,Nurse_03,2,13.5
152,strain,Nurse_04,2,15.0
152,strain,Nurse_05,3,14.5
152,strain,Nurse_06,2,13.0
152,strain,Nurse_07,1,13.0
152,strain,Nurse_08,3,13.0
152,strain,Nurse_09,3,17.5
152,strain,Nurse_10,3,9.0
152,strain,Nurse_11,0,9.5
152,strain,Nurse_12,2,13.0
152,strain,Nurse_13,0,9.0
152,strain,Nurse_14,0,13.5
152,strain,Nurse_15,2,16.0
152,strain,Nurse_16,1,7.5
152,strain,Nurse_17,0,11.5
152,strain,Nurse_18,0,9.5
152,strain,Nurse_19,1,13.0
152,strain,Nurse_20,1,11.5
152,strain,Nurse_21,0,1.5
152,strain,Nurse_22,2,15.0
152,strain,Nurse_23,2,9.5
152,strain,Nurse_24,2,7.5
152,strain,Nurse_25,1,12.5
152,strain,Nurse_26,0,13.0
152,strain,Nurse_27,1,13.5
152,strain,Nurse_28,1,4.5
152,strain,Nurse_29,4,19.0
152,strain,Nurse_30,4,20.0
152,strain,Nurse_31,1,11.0
152,strain,Nurse_32,0,7.0
152,strain,Nurse_33,0,12.0
152,strain,Nurse_34,1,12.0
152,strain,Nurse_35,2,17.0
152,strain,Nurse_36,2,11.5
152,strain,Nurse_37,0,7.0
152,strain,Nurse_38,2,20.0
152,strain,Nurse_39,1,7.5
152,strain,Nurse_40,4,15.0
152,strain,Nurse_41,2,18.5
152,strain,Nurse_42,0,6.5
152,strain,Nurse_43,3,12.0
152,strain,Nurse_44,1,10.5
152,strain,Nurse_45,1,10.0
152,strain,Nurse_46,1,15.5
152,strain,Nurse_47,1,13.0
152,strain,Nurse_48,1,6.5
152,strain,Nurse_49,1,12.5
152,strain,Nurse_50,2,16.0
152,strain,Nurse_51,0,8.5
152,strain,Nurse_52,1,12.5
152,strain,Nurse_53,3,13.0
152,strain,Nurse_54,0,10.5
152,strain,Nurse_55,1,7.5
152,strain,Nurse_56,1,11.5
152,strain,Nurse_57,2,9.5
152,strain,Nurse_58,0,9.5
152,strain,Nurse_59,2,14.5
152,strain,Nurse_60,2,9.5
152,strain,Nurse_61,4,16.0
152,strain,Nurse_62,1,11.0
152,strain,Nurse_63,0,12.5
152,strain,Nurse_64,1,11.5
152,strain,Nurse_65,2,16.0
152,strain,Nurse_66,3,20.0
152,strain,Nurse_67,1,8.0
152,strain,Nurse_68,1,10.5
152,strain,Nurse_69,2,12.5
152,strain,Nurse_70,2,14.5
153,baseline,Nurse_01,1,10.5
153,baseline,Nurse_02,2,6.0
153,baseline,Nurse_03,3,12.0
153,baseline,Nurse_04,1,10.5
153,baseline,Nurse_05,4,18.0
153,baseline,Nurse_06,2,15.0
153,baseline,Nurse_07,3,19.5
153,baseline,Nurse_08,1,9.5
153,baseline,Nurse_09,0,7.5
153,baseline,Nurse_10,3,17.0
153,baseline,Nurse_11,0,8.0
153,baseline,Nurse_12,3,12.5
153,baseline,Nurse_13,5,18.0
153,baseline,Nurse_14,0,8.5
153,baseline,Nurse_15,0,6.5
153,baseline,Nurse_16,2,16.0
153,baseline,Nurse_17,5,22.0
153,baseline,Nurse_18,5,21.5
153,baseline,Nurse_19,1,8.5
153,baseline,Nurse_20,3,15.5
153,baseline,Nurse_21,3,17.0
153,baseline,Nurse_22,2,14.5
153,baseline,Nurse_23,3,14.5
153,baseline,Nurse_24,4,23.5
153,baseline,Nurse_25,4,17.0
153,baseline,Nurse_26,2,6.0
153,baseline,Nurse_27,2,14.0
153,baseline,Nurse_28,4,18.0
153,baseline,Nurse_29,2,6.0
153,baseline,Nurse_30,2,9.0
153,baseline,Nurse_31,4,20.0
153,baseline,Nurse_32,2,17.0
153,baseline,Nurse_33,5,21.5
153,baseline,Nurse_34,4,20.0
153,baseline,Nurse_35,1,7.5
153,baseline,Nurse_36,4,17.0
153,baseline,Nurse_37,0,1.0
153,baseline,Nurse_38,6,24.0
153,baseline,Nurse_39,0,3.0
153,baseline,Nurse_40,0,6.0
153,baseline,Nurse_41,3,13.5
153,baseline,Nurse_42,5,22.5
153,baseline,Nurse_43,1,7.5
153,baseline,Nurse_44,5,20.5
153,baseline,Nurse_45,3,15.5
153,baseline,Nurse_46,2,23.0
153,baseline,Nurse_47,6,21.5
153,baseline,Nurse_48,5,19.0
153,baseline,Nurse_49,1,13.5
153,baseline,Nurse_50,1,13.0
153,baseline,Nurse_51,2,9.5
153,baseline,Nurse_52,4,18.5
153,baseline,Nurse_53,2,12.0
153,baseline,Nurse_54,3,16.0
153,baseline,Nurse_55,0,9.0
153,baseline,Nurse_56,4,17.5
153,baseline,Nurse_57,0,1.5
153,baseline,Nurse_58,4,16.0
153,baseline,Nurse_59,3,9.0
153,baseline,Nurse_60,3,19.5
153,baseline,Nurse_61,3,23.5
153,baseline,Nurse_62,4,16.5
153,baseline,Nurse_63,2,18.0
153,baseline,Nurse_64,4,24.5
153,baseline,Nurse_65,4,15.5
153,baseline,Nurse_66,0,6.5
153,baseline,Nurse_67,5,21.5
153,baseline,Nurse_68,2,11.5
153,baseline,Nurse_69,1,14.0
153,baseline,Nurse_70,2,18.5
153,strain,Nurse_01,1,10.5
153,strain,Nurse_02,2,6.0
153,strain,Nurse_03,1,9.0
153,strain,Nurse_04,0,13.0
153,strain,Nurse_05,2,16.0
153,strain,Nurse_06,1,13.0
153,strain,Nurse_07,2,16.0
153,strain,Nurse_08,1,9.5
153,strain,Nurse_09,0,7.5
153,strain,Nurse_10,1,12.0
153,strain,Nurse_11,0,9.5
153,strain,Nurse_12,2,9.5
153,strain,Nurse_13,3,13.5
153,strain,Nurse_14,0,6.0
153,strain,Nurse_15,0,8.5
153,strain,Nurse_16,2,16.0
153,strain,Nurse_17,4,19.5
153,strain,Nurse_18,2,15.0
153,strain,Nurse_19,1,8.5
153,strain,Nurse_20,1,15.0
153,strain,Nurse_21,1,11.5
153,strain,Nurse_22,2,12.0
153,strain,Nurse_23,1,12.5
153,strain,Nurse_24,2,16.0
153,strain,Nurse_25,2,15.0
153,strain,Nurse_26,2,9.0
153,strain,Nurse_27,1,11.0
153,strain,Nurse_28,2,15.0
153,strain,Nurse_29,2,7.5
153,strain,Nurse_30,1,7.5
153,strain,Nurse_31,3,18.0
153,strain,Nurse_32,0,11.5
153,strain,Nurse_33,3,19.0
153,strain,Nurse_34,3,17.0
153,strain,Nurse_35,1,9.0
153,strain,Nurse_36,2,13.0
153,strain,Nurse_37,1,7.0
153,strain,Nurse_38,4,19.5
153,strain,Nurse_39,0,5.5
153,strain,Nurse_40,0,9.0
153,strain,Nurse_41,3,13.5
153,strain,Nurse_42,5,21.0
153,strain,Nurse_43,1,7.5
153,strain,Nurse_44,3,17.0
153,strain,Nurse_45,3,13.0
153,strain,Nurse_46,2,20.5
153,strain,Nurse_47,4,15.5
153,strain,Nurse_48,2,15.5
153,strain,Nurse_49,0,14.5
153,strain,Nurse_50,1,14.5
153,strain,Nurse_51,2,9.5
153,strain,Nurse_52,2,13.0
153,strain,Nurse_53,1,11.5
153,strain,Nurse_54,0,11.0
153,strain,Nurse_55,0,11.5
153,strain,Nurse_56,2,16.5
153,strain,Nurse_57,0,3.0
153,strain,Nurse_58,2,13.5
153,strain,Nurse_59,3,9.0
153,strain,Nurse_60,3,17.5
153,strain,Nurse_61,2,17.5
153,strain,Nurse_62,1,11.5
153,strain,Nurse_63,1,19.0
153,strain,Nurse_64,2,14.0
153,strain,Nurse_65,3,17.5
153,strain,Nurse_66,0,9.0
153,strain,Nurse_67,3,16.0
153,strain,Nurse_68,2,14.5
153,strain,Nurse_69,1,12.5
153,strain,Nurse_70,1,14.0
154,baseline,Nurse_01,2,16.0
154,baseline,Nurse_02,3,16.0
154,baseline,Nurse_03,5,26.5
154,baseline,Nurse_04,5,26.5
154,baseline,Nurse_05,0,4.0
154,baseline,Nurse_06,0,4.0
154,baseline,Nurse_07,2,12.5
154,baseline,Nurse_08,2,11.0
154,baseline,Nurse_09,3,9.0
154,baseline,Nurse_10,3,9.0
154,baseline,Nurse_11,2,15.0
154,baseline,Nurse_12,0,9.5
154,baseline,Nurse_13,0,4.0
154,baseline,Nurse_14,2,8.0
154,baseline,Nurse_15,1,8.0
154,baseline,Nurse_16,0,8.0
154,baseline,Nurse_17,0,10.0
154,baseline,Nurse_18,3,15.0
154,baseline,Nurse_19,2,19.5
154,baseline,Nurse_20,5,15.0
154,baseline,Nurse_21,1,7.5
154,baseline,Nurse_22,2,10.5
154,baseline,Nurse_23,0,8.0
154,baseline,Nurse_24,4,13.5
154,baseline,Nurse_25,2,20.5
154,baseline,Nurse_26,5,17.5
154,baseline,Nurse_27,4,17.5
154,baseline,Nurse_28,2,11.0
154,baseline,Nurse_29,1,9.5
154,baseline,Nurse_30,1,9.0
154,baseline,Nurse_31,1,15.0
154,baseline,Nurse_32,4,19.0
154,baseline,Nurse_33,0,6.0
154,baseline,Nurse_34,1,8.0
154,baseline,Nurse_35,4,20.5
154,baseline,Nurse_36,5,19.0
154,baseline,Nurse_37,1,7.0
154,baseline,Nurse_38,6,23.5
154,baseline,Nurse_39,3,16.5
154,baseline,Nurse_40,3,20.0
154,baseline,Nurse_41,3,14.0
154,baseline,Nurse_42,3,17.5
154,baseline,Nurse_43,2,15.5
154,baseline,Nurse_44,4,20.5
154,baseline,Nurse_45,1,6.0
154,baseline,Nurse_46,5,26.0
154,baseline,Nurse_47,4,22.5
154,baseline,Nurse_48,5,22.5
154,baseline,Nurse_49,1,5.0
154,baseline,Nurse_50,1,9.5
154,baseline,Nurse_51,1,3.0
154,baseline,Nurse_52,3,10.5
154,baseline,Nurse_53,2,14.0
154,baseline,Nurse_54,0,8.0
154,baseline,Nurse_55,0,8.0
154,baseline,Nurse_56,1,8.0
154,baseline,Nurse_57,4,17.0
154,baseline,Nurse_58,0,10.0
154,baseline,Nurse_59,0,1.5
154,baseline,Nurse_60,2,16.0
154,baseline,Nurse_61,5,17.0
154,baseline,Nurse_62,5,24.0
154,baseline,Nurse_63,4,19.0
154,baseline,Nurse_64,4,18.0
154,baseline,Nurse_65,3,20.5
154,baseline,Nurse_66,0,11.0
154,baseline,Nurse_67,5,16.0
154,baseline,Nurse_68,1,12.0
154,baseline,Nurse_69,3,12.5
154,baseline,Nurse_70,5,20.5
154,strain,Nurse_01,1,12.5
154,strain,Nurse_02,2,11.5
154,strain,Nurse_03,1,15.5
154,strain,Nurse_04,3,22.5
154,strain,Nurse_05,0,6.5
154,strain,Nurse_06,0,5.5
154,strain,Nurse_07,1,6.5
154,strain,Nurse_08,2,11.0
154,strain,Nurse_09,3,12.0
154,strain,Nurse_10,3,9.0
154,strain,Nurse_11,2,12.5
154,strain,Nurse_12,0,8.5
154,strain,Nurse_13,0,10.0
154,strain,Nurse_14,1,5.5
154,strain,Nurse_15,1,9.5
154,strain,Nurse_16,1,10.0
154,strain,Nurse_17,0,11.0
154,strain,Nurse_18,2,14.0
154,strain,Nurse_19,1,12.0
154,strain,Nurse_20,3,13.5
154,strain,Nurse_21,1,9.0
154,strain,Nurse_22,2,9.0
154,strain,Nurse_23,0,10.5
154,strain,Nurse_24,4,13.5
154,strain,Nurse_25,0,14.5
154,strain,Nurse_26,2,14.5
154,strain,Nurse_27,3,15.5
154,strain,Nurse_28,2,11.0
154,strain,Nurse_29,0,7.0
154,strain,Nurse_30,0,8.0
154,strain,Nurse_31,0,14.5
154,strain,Nurse_32,4,19.5
154,strain,Nurse_33,0,8.5
154,strain,Nurse_34,1,8.0
154,strain,Nurse_35,3,14.0
154,strain,Nurse_36,2,12.5
154,strain,Nurse_37,0,8.0
154,strain,Nurse_38,4,21.0
154,strain,Nurse_39,2,11.0
154,strain,Nurse_40,1,19.0
154,strain,Nurse_41,3,14.0
154,strain,Nurse_42,2,12.0
154,strain,Nurse_43,2,18.5
154,strain,Nurse_44,2,17.0
154,strain,Nurse_45,1,6.0
154,strain,Nurse_46,3,22.0
154,strain,Nurse_47,3,20.0
154,strain,Nurse_48,3,15.5
154,strain,Nurse_49,0,5.0
154,strain,Nurse_50,1,10.5
154,strain,Nurse_51,1,6.0
154,strain,Nurse_52,2,10.5
154,strain,Nurse_53,1,13.5
154,strain,Nurse_54,0,9.5
154,strain,Nurse_55,0,8.0
154,strain,Nurse_56,0,5.0
154,strain,Nurse_57,2,15.5
154,strain,Nurse_58,0,10.0
154,strain,Nurse_59,0,1.5
154,strain,Nurse_60,1,11.0
154,strain,Nurse_61,3,14.0
154,strain,Nurse_62,1,14.5
154,strain,Nurse_63,2,15.0
154,strain,Nurse_64,2,15.5
154,strain,Nurse_65,1,14.0
154,strain,Nurse_66,0,8.0
154,strain,Nurse_67,5,17.5
154,strain,Nurse_68,1,14.0
154,strain,Nurse_69,3,12.5
154,strain,Nurse_70,3,19.5
155,baseline,Nurse_01,3,18.5
155,baseline,Nurse_02,2,15.5
155,baseline,Nurse_03,5,20.0
155,baseline,Nurse_04,4,20.5
155,baseline,Nurse_05,3,12.5
155,baseline,Nurse_06,1,15.5
155,baseline,Nurse_07,3,14.5
155,baseline,Nurse_08,0,3.0
155,baseline,Nurse_09,0,6.0
155,baseline,Nurse_10,0,2.0
155,baseline,Nurse_11,0,9.0
155,baseline,Nurse_12,2,14.0
155,baseline,Nurse_13,6,27.0
155,baseline,Nurse_14,0,10.0
155,baseline,Nurse_15,2,16.5
155,baseline,Nurse_16,6,25.0
155,baseline,Nurse_17,1,11.0
155,baseline,Nurse_18,1,11.0
155,baseline,Nurse_19,3,14.5
155,baseline,Nurse_20,1,12.0
155,baseline,Nurse_21,4,13.5
155,baseline,Nurse_22,1,9.5
155,baseline,Nurse_23,2,14.5
155,baseline,Nurse_24,3,17.5
155,baseline,Nurse_25,1,10.0
155,baseline,Nurse_26,5,21.5
155,baseline,Nurse_27,4,18.0
155,baseline,Nurse_28,2,8.5
155,baseline,Nurse_29,4,13.5
155,baseline,Nurse_30,3,13.5
155,baseline,Nurse_31,5,22.0
155,baseline,Nurse_32,2,16.5
155,baseline,Nurse_33,3,13.0
155,baseline,Nurse_34,4,18.0
155,baseline,Nurse_35,0,8.5
155,baseline,Nurse_36,4,14.0
155,baseline,Nurse_37,3,9.0
155,baseline,Nurse_38,2,12.0
155,baseline,Nurse_39,6,21.0
155,baseline,Nurse_40,5,23.5
155,baseline,Nurse_41,2,12.0
155,baseline,Nurse_42,1,14.0
155,baseline,Nurse_43,1,6.5
155,baseline,Nurse_44,0,0.0
155,baseline,Nurse_45,1,6.5
155,baseline,Nurse_46,1,11.5
155,baseline,Nurse_47,0,3.5
155,baseline,Nurse_48,6,27.5
155,baseline,Nurse_49,2,9.0
155,baseline,Nurse_50,5,19.5
155,baseline,Nurse_51,4,23.0
155,baseline,Nurse_52,0,3.5
155,baseline,Nurse_53,4,18.0
155,baseline,Nurse_54,2,8.0
155,baseline,Nurse_55,3,22.5
155,baseline,Nurse_56,3,17.5
155,baseline,Nurse_57,5,22.5
155,baseline,Nurse_58,0,9.0
155,baseline,Nurse_59,4,12.0
155,baseline,Nurse_60,3,15.5
155,baseline,Nurse_61,5,18.0
155,baseline,Nurse_62,0,7.5
155,baseline,Nurse_63,4,19.5
155,baseline,Nurse_64,5,20.0
155,baseline,Nurse_65,3,16.5
155,baseline,Nurse_66,1,13.0
155,baseline,Nurse_67,1,16.5
155,baseline,Nurse_68,2,18.5
155,baseline,Nurse_69,0,11.5
155,baseline,Nurse_70,2,14.0
155,strain,Nurse_01,2,16.0
155,strain,Nurse_02,1,13.5
155,strain,Nurse_03,4,18.5
155,strain,Nurse_04,2,14.5
155,strain,Nurse_05,2,12.0
155,strain,Nurse_06,0,10.5
155,strain,Nurse_07,3,14.5
155,strain,Nurse_08,0,6.0
155,strain,Nurse_09,0,7.5
155,strain,Nurse_10,0,2.0
155,strain,Nurse_11,0,8.5
155,strain,Nurse_12,1,13.5
155,strain,Nurse_13,2,19.0
155,strain,Nurse_14,0,8.5
155,strain,Nurse_15,1,13.0
155,strain,Nurse_16,3,23.5
155,strain,Nurse_17,0,13.5
155,strain,Nurse_18,1,13.0
155,strain,Nurse_19,3,15.5
155,strain,Nurse_20,0,8.0
155,strain,Nurse_21,4,13.5
155,strain,Nurse_22,1,11.0
155,strain,Nurse_23,2,14.5
155,strain,Nurse_24,1,10.5
155,strain,Nurse_25,1,8.5
155,strain,Nurse_26,3,14.5
155,strain,Nurse_27,2,15.0
155,strain,Nurse_28,1,6.5
155,strain,Nurse_29,3,9.0
155,strain,Nurse_30,2,9.0
155,strain,Nurse_31,5,20.5
155,strain,Nurse_32,2,14.0
155,strain,Nurse_33,1,8.5
155,strain,Nurse_34,3,16.0
155,strain,Nurse_35,0,9.0
155,strain,Nurse_36,3,12.5
155,strain,Nurse_37,3,10.5
155,strain,Nurse_38,2,12.0
155,strain,Nurse_39,3,14.0
155,strain,Nurse_40,3,18.0
155,strain,Nurse_41,2,16.0
155,strain,Nurse_42,0,11.0
155,strain,Nurse_43,1,8.0
155,strain,Nurse_44,0,1.5
155,strain,Nurse_45,1,9.0
155,strain,Nurse_46,1,11.5
155,strain,Nurse_47,0,7.0
155,strain,Nurse_48,2,14.5
155,strain,Nurse_49,1,6.0
155,strain,Nurse_50,3,16.5
155,strain,Nurse_51,3,19.0
155,strain,Nurse_52,0,7.5
155,strain,Nurse_53,2,17.5
155,strain,Nurse_54,2,10.5
155,strain,Nurse_55,3,17.5
155,strain,Nurse_56,1,14.5
155,strain,Nurse_57,3,16.5
155,strain,Nurse_58,0,11.5
155,strain,Nurse_59,3,12.0
155,strain,Nurse_60,2,13.0
155,strain,Nurse_61,2,15.5
155,strain,Nurse_62,0,7.5
155,strain,Nurse_63,3,16.0
155,strain,Nurse_64,2,15.5
155,strain,Nurse_65,1,15.5
155,strain,Nurse_66,0,10.0
155,strain,Nurse_67,1,15.5
155,strain,Nurse_68,0,13.5
155,strain,Nurse_69,0,11.5
155,strain,Nurse_70,2,10.0
156,baseline,Nurse_01,4,21.5
156,baseline,Nurse_02,3,17.5
156,baseline,Nurse_03,2,15.0
156,baseline,Nurse_04,4,19.5
156,baseline,Nurse_05,5,20.0
156,baseline,Nurse_06,5,22.0
156,baseline,Nurse_07,0,3.0
156,baseline,Nurse_08,2,7.5
156,baseline,Nurse_09,1,14.5
156,baseline,Nurse_10,4,18.5
156,baseline,Nurse_11,0,3.0
156,baseline,Nurse_12,6,24.5
156,baseline,Nurse_13,3,14.0
156,baseline,Nurse_14,0,9.0
156,baseline,Nurse_15,3,14.0
156,baseline,Nurse_16,5,18.5
156,baseline,Nurse_17,4,19.0
156,baseline,Nurse_18,1,9.0
156,baseline,Nurse_19,5,23.5
156,baseline,Nurse_20,2,11.0
156,baseline,Nurse_21,1,11.0
156,baseline,Nurse_22,0,9.0
156,baseline,Nurse_23,4,18.5
156,baseline,Nurse_24,0,9.0
156,baseline,Nurse_25,2,6.0
156,baseline,Nurse_26,1,10.0
156,baseline,Nurse_27,0,3.0
156,baseline,Nurse_28,1,13.5
156,baseline,Nurse_29,2,11.5
156,baseline,Nurse_30,2,13.0
156,baseline,Nurse_31,6,29.0
156,baseline,Nurse_32,4,13.5
156,baseline,Nurse_33,3,13.0
156,baseline,Nurse_34,2,21.5
156,baseline,Nurse_35,4,14.0
156,baseline,Nurse_36,5,18.0
156,baseline,Nurse_37,5,19.0
156,baseline,Nurse_38,3,19.5
156,baseline,Nurse_39,3,15.0
156,baseline,Nurse_40,5,21.5
156,baseline,Nurse_41,4,21.0
156,baseline,Nurse_42,0,3.0
156,baseline,Nurse_43,4,21.0
156,baseline,Nurse_44,3,19.0
156,baseline,Nurse_45,4,12.0
156,baseline,Nurse_46,3,23.0
156,baseline,Nurse_47,1,6.0
156,baseline,Nurse_48,3,17.5
156,baseline,Nurse_49,3,12.5
156,baseline,Nurse_50,5,23.5
156,baseline,Nurse_51,1,9.0
156,baseline,Nurse_52,3,15.5
156,baseline,Nurse_53,5,25.0
156,baseline,Nurse_54,2,9.5
156,baseline,Nurse_55,0,7.5
156,baseline,Nurse_56,3,12.0
156,baseline,Nurse_57,1,11.0
156,baseline,Nurse_58,2,13.0
156,baseline,Nurse_59,2,15.0
156,baseline,Nurse_60,2,12.5
156,baseline,Nurse_61,0,10.0
156,baseline,Nurse_62,0,12.0
156,baseline,Nurse_63,1,5.0
156,baseline,Nurse_64,2,12.5
156,baseline,Nurse_65,2,9.0
156,baseline,Nurse_66,4,12.0
156,baseline,Nurse_67,3,14.5
156,baseline,Nurse_68,1,12.0
156,baseline,Nurse_69,1,11.0
156,baseline,Nurse_70,4,17.0
156,strain,Nurse_01,1,10.5
156,strain,Nurse_02,1,11.0
156,strain,Nurse_03,1,11.5
156,strain,Nurse_04,3,14.0
156,strain,Nurse_05,3,17.0
156,strain,Nurse_06,3,16.5
156,strain,Nurse_07,0,3.0
156,strain,Nurse_08,2,7.5
156,strain,Nurse_09,1,16.0
156,strain,Nurse_10,1,12.5
156,strain,Nurse_11,0,3.0
156,strain,Nurse_12,2,16.0
156,strain,Nurse_13,3,17.0
156,strain,Nurse_14,0,8.0
156,strain,Nurse_15,3,14.0
156,strain,Nurse_16,3,15.0
156,strain,Nurse_17,1,10.0
156,strain,Nurse_18,1,9.0
156,strain,Nurse_19,1,16.0
156,strain,Nurse_20,2,12.5
156,strain,Nurse_21,1,10.0
156,strain,Nurse_22,0,7.5
156,strain,Nurse_23,3,15.5
156,strain,Nurse_24,0,10.5
156,strain,Nurse_25,2,7.5
156,strain,Nurse_26,0,8.5
156,strain,Nurse_27,0,3.0
156,strain,Nurse_28,0,6.0
156,strain,Nurse_29,2,13.0
156,strain,Nurse_30,2,14.5
156,strain,Nurse_31,3,23.0
156,strain,Nurse_32,4,13.5
156,strain,Nurse_33,2,10.0
156,strain,Nurse_34,1,15.0
156,strain,Nurse_35,2,11.0
156,strain,Nurse_36,4,16.5
156,strain,Nurse_37,3,13.5
156,strain,Nurse_38,2,19.0
156,strain,Nurse_39,2,15.0
156,strain,Nurse_40,3,16.0
156,strain,Nurse_41,3,19.0
156,strain,Nurse_42,0,9.0
156,strain,Nurse_43,2,17.5
156,strain,Nurse_44,2,16.0
156,strain,Nurse_45,4,12.0
156,strain,Nurse_46,2,19.5
156,strain,Nurse_47,1,7.5
156,strain,Nurse_48,1,12.0
156,strain,Nurse_49,3,13.5
156,strain,Nurse_50,3,17.0
156,strain,Nurse_51,1,8.0
156,strain,Nurse_52,3,14.5
156,strain,Nurse_53,1,16.5
156,strain,Nurse_54,1,6.5
156,strain,Nurse_55,0,11.5
156,strain,Nurse_56,3,10.5
156,strain,Nurse_57,1,12.5
156,strain,Nurse_58,1,9.5
156,strain,Nurse_59,1,12.0
156,strain,Nurse_60,2,12.5
156,strain,Nurse_61,0,16.5
156,strain,Nurse_62,0,14.5
156,strain,Nurse_63,1,5.0
156,strain,Nurse_64,1,12.5
156,strain,Nurse_65,2,10.0
156,strain,Nurse_66,3,12.0
156,strain,Nurse_67,3,17.0
156,strain,Nurse_68,0,14.0
156,strain,Nurse_69,0,13.0
156,strain,Nurse_70,3,12.5
157,baseline,Nurse_01,2,13.0
157,baseline,Nurse_02,0,9.0
157,baseline,Nurse_03,3,16.0
157,baseline,Nurse_04,3,11.0
157,baseline,Nurse_05,2,15.5
157,baseline,Nurse_06,1,12.0
157,baseline,Nurse_07,5,17.0
157,baseline,Nurse_08,3,12.0
157,baseline,Nurse_09,1,12.0
157,baseline,Nurse_10,4,23.0
157,baseline,Nurse_11,3,11.5
157,baseline,Nurse_12,4,14.0
157,baseline,Nurse_13,2,12.0
157,baseline,Nurse_14,1,10.0
157,baseline,Nurse_15,1,11.0
157,baseline,Nurse_16,2,11.0
157,baseline,Nurse_17,3,18.0
157,baseline,Nurse_18,2,12.5
157,baseline,Nurse_19,4,13.5
157,baseline,Nurse_20,2,15.5
157,baseline,Nurse_21,3,14.0
157,baseline,Nurse_22,4,18.5
157,baseline,Nurse_23,2,10.5
157,baseline,Nurse_24,0,0.0
157,baseline,Nurse_25,2,12.0
157,baseline,Nurse_26,4,15.5
157,baseline,Nurse_27,4,15.5
157,baseline,Nurse_28,1,4.5
157,baseline,Nurse_29,3,23.5
157,baseline,Nurse_30,2,14.0
157,baseline,Nurse_31,4,18.0
157,baseline,Nurse_32,0,8.0
157,baseline,Nurse_33,2,12.5
157,baseline,Nurse_34,4,25.0
157,baseline,Nurse_35,1,6.0
157,baseline,Nurse_36,1,15.0
157,baseline,Nurse_37,3,22.5
157,baseline,Nurse_38,2,14.0
157,baseline,Nurse_39,4,24.5
157,baseline,Nurse_40,2,14.0
157,baseline,Nurse_41,4,16.0
157,baseline,Nurse_42,4,20.5
157,baseline,Nurse_43,1,3.0
157,baseline,Nurse_44,1,11.5
157,baseline,Nurse_45,4,17.5
157,baseline,Nurse_46,2,11.0
157,baseline,Nurse_47,3,19.0
157,baseline,Nurse_48,0,11.0
157,baseline,Nurse_49,3,13.5
157,baseline,Nurse_50,0,6.5
157,baseline,Nurse_51,4,21.5
157,baseline,Nurse_52,4,23.0
157,baseline,Nurse_53,3,16.0
157,baseline,Nurse_54,4,16.0
157,baseline,Nurse_55,1,6.0
157,baseline,Nurse_56,2,9.5
157,baseline,Nurse_57,1,4.5
157,baseline,Nurse_58,1,11.0
157,baseline,Nurse_59,3,13.0
157,baseline,Nurse_60,2,17.0
157,baseline,Nurse_61,4,16.0
157,baseline,Nurse_62,1,9.5
157,baseline,Nurse_63,2,15.5
157,baseline,Nurse_64,5,21.0
157,baseline,Nurse_65,1,9.5
157,baseline,Nurse_66,4,17.5
157,baseline,Nurse_67,5,26.5
157,baseline,Nurse_68,1,11.0
157,baseline,Nurse_69,3,9.0
157,baseline,Nurse_70,4,17.5
157,strain,Nurse_01,2,12.5
157,strain,Nurse_02,0,9.0
157,strain,Nurse_03,3,13.5
157,strain,Nurse_04,2,9.5
157,strain,Nurse_05,1,11.5
157,strain,Nurse_06,1,12.0
157,strain,Nurse_07,5,17.0
157,strain,Nurse_08,1,12.5
157,strain,Nurse_09,1,12.0
157,strain,Nurse_10,2,18.0
157,strain,Nurse_11,2,9.5
157,strain,Nurse_12,3,12.5
157,strain,Nurse_13,2,12.0
157,strain,Nurse_14,1,11.0
157,strain,Nurse_15,0,9.5
157,strain,Nurse_16,1,12.0
157,strain,Nurse_17,2,18.0
157,strain,Nurse_18,2,11.5
157,strain,Nurse_19,4,12.0
157,strain,Nurse_20,1,17.0
157,strain,Nurse_21,2,12.5
157,strain,Nurse_22,1,15.0
157,strain,Nurse_23,0,7.0
157,strain,Nurse_24,0,0.0
157,strain,Nurse_25,2,8.0
157,strain,Nurse_26,3,12.5
157,strain,Nurse_27,2,10.5
157,strain,Nurse_28,1,7.5
157,strain,Nurse_29,2,23.0
157,strain,Nurse_30,2,15.5
157,strain,Nurse_31,1,13.5
157,strain,Nurse_32,0,8.5
157,strain,Nurse_33,2,13.5
157,strain,Nurse_34,2,17.5
157,strain,Nurse_35,1,4.5
157,strain,Nurse_36,1,14.5
157,strain,Nurse_37,3,19.5
157,strain,Nurse_38,2,14.5
157,strain,Nurse_39,1,16.0
157,strain,Nurse_40,2,11.5
157,strain,Nurse_41,3,15.0
157,strain,Nurse_42,3,17.5
157,strain,Nurse_43,0,1.5
157,strain,Nurse_44,1,14.5
157,strain,Nurse_45,3,16.0
157,strain,Nurse_46,2,11.0
157,strain,Nurse_47,1,15.5
157,strain,Nurse_48,0,12.5
157,strain,Nurse_49,2,9.0
157,strain,Nurse_50,0,6.5
157,strain,Nurse_51,1,16.5
157,strain,Nurse_52,1,16.0
157,strain,Nurse_53,1,9.0
157,strain,Nurse_54,3,14.5
157,strain,Nurse_55,0,4.5
157,strain,Nurse_56,2,8.0
157,strain,Nurse_57,1,7.5
157,strain,Nurse_58,1,11.0
157,strain,Nurse_59,2,11.5
157,strain,Nurse_60,1,15.5
157,strain,Nurse_61,3,14.5
157,strain,Nurse_62,1,9.5
157,strain,Nurse_63,1,14.0
157,strain,Nurse_64,5,21.0
157,strain,Nurse_65,1,12.5
157,strain,Nurse_66,3,14.5
157,strain,Nurse_67,1,16.5
157,strain,Nurse_68,1,14.0
157,strain,Nurse_69,2,9.0
157,strain,Nurse_70,2,13.0
158,baseline,Nurse_01,0,7.5
158,baseline,Nurse_02,3,15.0
158,baseline,Nurse_03,4,21.5
158,baseline,Nurse_04,2,12.0
158,baseline,Nurse_05,4,17.0
158,baseline,Nurse_06,0,4.5
158,baseline,Nurse_07,0,7.5
158,baseline,Nurse_08,0,3.0
158,baseline,Nurse_09,3,12.0
158,baseline,Nurse_10,0,0.0
158,baseline,Nurse_11,2,14.0
158,baseline,Nurse_12,2,17.0
158,baseline,Nurse_13,3,21.0
158,baseline,Nurse_14,3,19.0
158,baseline,Nurse_15,1,8.5
158,baseline,Nurse_16,0,3.5
158,baseline,Nurse_17,1,12.0
158,baseline,Nurse_18,6,27.5
158,baseline,Nurse_19,4,22.5
158,baseline,Nurse_20,4,20.0
158,baseline,Nurse_21,3,22.5
158,baseline,Nurse_22,0,3.0
158,baseline,Nurse_23,5,20.5
158,baseline,Nurse_24,0,10.0
158,baseline,Nurse_25,2,15.5
158,baseline,Nurse_26,3,15.5
158,baseline,Nurse_27,2,6.0
158,baseline,Nurse_28,5,22.0
158,baseline,Nurse_29,3,15.0
158,baseline,Nurse_30,3,16.0
158,baseline,Nurse_31,2,9.0
158,baseline,Nurse_32,3,15.0
158,baseline,Nurse_33,1,4.5
158,baseline,Nurse_34,0,4.0
158,baseline,Nurse_35,2,14.0
158,baseline,Nurse_36,1,4.5
158,baseline,Nurse_37,3,15.0
158,baseline,Nurse_38,2,13.0
158,baseline,Nurse_39,3,18.0
158,baseline,Nurse_40,2,14.0
158,baseline,Nurse_41,3,9.0
158,baseline,Nurse_42,3,12.0
158,baseline,Nurse_43,5,25.0
158,baseline,Nurse_44,4,20.0
158,baseline,Nurse_45,0,7.0
158,baseline,Nurse_46,5,20.0
158,baseline,Nurse_47,4,21.0
158,baseline,Nurse_48,1,8.5
158,baseline,Nurse_49,3,10.5
158,baseline,Nurse_50,4,21.5
158,baseline,Nurse_51,3,10.5
158,baseline,Nurse_52,4,17.5
158,baseline,Nurse_53,2,15.0
158,baseline,Nurse_54,2,14.5
158,baseline,Nurse_55,5,24.5
158,baseline,Nurse_56,6,20.0
158,baseline,Nurse_57,6,24.5
158,baseline,Nurse_58,0,9.5
158,baseline,Nurse_59,3,15.0
158,baseline,Nurse_60,3,14.0
158,baseline,Nurse_61,0,6.5
158,baseline,Nurse_62,2,12.0
158,baseline,Nurse_63,1,13.5
158,baseline,Nurse_64,0,8.0
158,baseline,Nurse_65,0,5.0
158,baseline,Nurse_66,1,11.0
158,baseline,Nurse_67,5,22.0
158,baseline,Nurse_68,4,21.5
158,baseline,Nurse_69,4,19.0
158,baseline,Nurse_70,4,18.5
158,strain,Nurse_01,0,9.0
158,strain,Nurse_02,3,16.5
158,strain,Nurse_03,3,20.5
158,strain,Nurse_04,2,12.0
158,strain,Nurse_05,3,15.5
158,strain,Nurse_06,0,9.0
158,strain,Nurse_07,0,9.5
158,strain,Nurse_08,0,5.0
158,strain,Nurse_09,2,12.0
158,strain,Nurse_10,0,3.0
158,strain,Nurse_11,2,12.5
158,strain,Nurse_12,1,13.5
158,strain,Nurse_13,1,13.0
158,strain,Nurse_14,2,15.0
158,strain,Nurse_15,1,11.5
158,strain,Nurse_16,0,7.0
158,strain,Nurse_17,1,13.5
158,strain,Nurse_18,1,18.0
158,strain,Nurse_19,3,19.5
158,strain,Nurse_20,4,18.5
158,strain,Nurse_21,3,18.5
158,strain,Nurse_22,0,3.0
158,strain,Nurse_23,3,16.0
158,strain,Nurse_24,0,7.0
158,strain,Nurse_25,0,12.0
158,strain,Nurse_26,3,14.0
158,strain,Nurse_27,2,7.5
158,strain,Nurse_28,5,22.0
158,strain,Nurse_29,3,17.0
158,strain,Nurse_30,1,11.5
158,strain,Nurse_31,1,7.5
158,strain,Nurse_32,2,13.5
158,strain,Nurse_33,1,6.0
158,strain,Nurse_34,0,5.5
158,strain,Nurse_35,2,14.0
158,strain,Nurse_36,1,3.0
158,strain,Nurse_37,1,12.5
158,strain,Nurse_38,2,13.0
158,strain,Nurse_39,3,15.5
158,strain,Nurse_40,2,13.0
158,strain,Nurse_41,3,9.0
158,strain,Nurse_42,3,12.0
158,strain,Nurse_43,3,18.5
158,strain,Nurse_44,1,13.0
158,strain,Nurse_45,0,9.5
158,strain,Nurse_46,5,20.0
158,strain,Nurse_47,2,15.0
158,strain,Nurse_48,0,8.0
158,strain,Nurse_49,2,9.0
158,strain,Nurse_50,2,15.0
158,strain,Nurse_51,3,10.5
158,strain,Nurse_52,2,13.0
158,strain,Nurse_53,1,11.0
158,strain,Nurse_54,2,14.5
158,strain,Nurse_55,2,19.5
158,strain,Nurse_56,2,15.5
158,strain,Nurse_57,2,17.0
158,strain,Nurse_58,0,9.5
158,strain,Nurse_59,3,16.5
158,strain,Nurse_60,3,15.5
158,strain,Nurse_61,0,10.5
158,strain,Nurse_62,1,12.0
158,strain,Nurse_63,0,9.5
158,strain,Nurse_64,0,8.5
158,strain,Nurse_65,1,12.5
158,strain,Nurse_66,1,13.5
158,strain,Nurse_67,3,18.0
158,strain,Nurse_68,2,15.0
158,strain,Nurse_69,4,16.0
158,strain,Nurse_70,3,17.0
159,baseline,Nurse_01,2,11.5
159,baseline,Nurse_02,4,13.5
159,baseline,Nurse_03,0,2.0
159,baseline,Nurse_04,4,18.0
159,baseline,Nurse_05,1,10.5
159,baseline,Nurse_06,3,12.0
159,baseline,Nurse_07,0,7.0
159,baseline,Nurse_08,0,8.5
159,baseline,Nurse_09,2,14.0
159,baseline,Nurse_10,5,22.5
159,baseline,Nurse_11,4,19.5
159,baseline,Nurse_12,4,15.0
159,baseline,Nurse_13,3,16.0
159,baseline,Nurse_14,2,14.0
159,baseline,Nurse_15,5,22.5
159,baseline,Nurse_16,5,22.5
159,baseline,Nurse_17,3,13.0
159,baseline,Nurse_18,0,12.5
159,baseline,Nurse_19,0,12.5
159,baseline,Nurse_20,2,14.0
159,baseline,Nurse_21,0,10.0
159,baseline,Nurse_22,1,3.0
159,baseline,Nurse_23,3,14.5
159,baseline,Nurse_24,6,25.0
159,baseline,Nurse_25,1,7.0
159,baseline,Nurse_26,0,9.0
159,baseline,Nurse_27,5,21.0
159,baseline,Nurse_28,1,8.0
159,baseline,Nurse_29,4,19.0
159,baseline,Nurse_30,2,9.5
159,baseline,Nurse_31,4,16.5
159,baseline,Nurse_32,2,10.0
159,baseline,Nurse_33,3,16.0
159,baseline,Nurse_34,3,16.0
159,baseline,Nurse_35,0,8.0
159,baseline,Nurse_36,3,12.5
159,baseline,Nurse_37,3,16.0
159,baseline,Nurse_38,3,18.5
159,baseline,Nurse_39,4,18.0
159,baseline,Nurse_40,4,21.5
159,baseline,Nurse_41,5,20.0
159,baseline,Nurse_42,4,18.5
159,baseline,Nurse_43,0,9.5
159,baseline,Nurse_44,0,10.0
159,baseline,Nurse_45,4,13.5
159,baseline,Nurse_46,5,19.5
159,baseline,Nurse_47,2,6.0
159,baseline,Nurse_48,4,21.5
159,baseline,Nurse_49,3,18.5
159,baseline,Nurse_50,3,18.5
159,baseline,Nurse_51,4,18.0
159,baseline,Nurse_52,0,8.5
159,baseline,Nurse_53,3,14.0
159,baseline,Nurse_54,3,18.5
159,baseline,Nurse_55,3,12.5
159,baseline,Nurse_56,1,8.5
159,baseline,Nurse_57,3,15.0
159,baseline,Nurse_58,1,10.5
159,baseline,Nurse_59,5,22.0
159,baseline,Nurse_60,1,10.5
159,baseline,Nurse_61,1,11.0
159,baseline,Nurse_62,3,17.0
159,baseline,Nurse_63,5,16.5
159,baseline,Nurse_64,1,11.5
159,baseline,Nurse_65,3,17.5
159,baseline,Nurse_66,4,22.0
159,baseline,Nurse_67,3,12.0
159,baseline,Nurse_68,1,8.5
159,baseline,Nurse_69,2,8.0
159,baseline,Nurse_70,1,10.0
159,strain,Nurse_01,1,12.5
159,strain,Nurse_02,3,10.5
159,strain,Nurse_03,0,7.0
159,strain,Nurse_04,3,17.5
159,strain,Nurse_05,0,11.0
159,strain,Nurse_06,1,7.5
159,strain,Nurse_07,0,8.5
159,strain,Nurse_08,0,8.5
159,strain,Nurse_09,0,9.5
159,strain,Nurse_10,3,16.5
159,strain,Nurse_11,2,14.0
159,strain,Nurse_12,3,10.5
159,strain,Nurse_13,2,16.0
159,strain,Nurse_14,2,13.0
159,strain,Nurse_15,3,17.0
159,strain,Nurse_16,3,18.0
159,strain,Nurse_17,2,8.5
159,strain,Nurse_18,0,12.5
159,strain,Nurse_19,0,12.5
159,strain,Nurse_20,1,11.5
159,strain,Nurse_21,0,14.0
159,strain,Nurse_22,1,4.5
159,strain,Nurse_23,2,11.5
159,strain,Nurse_24,2,18.5
159,strain,Nurse_25,1,10.0
159,strain,Nurse_26,0,8.0
159,strain,Nurse_27,4,19.5
159,strain,Nurse_28,1,8.0
159,strain,Nurse_29,2,14.5
159,strain,Nurse_30,2,10.5
159,strain,Nurse_31,3,12.0
159,strain,Nurse_32,2,10.0
159,strain,Nurse_33,2,13.0
159,strain,Nurse_34,2,13.5
159,strain,Nurse_35,0,7.0
159,strain,Nurse_36,3,11.0
159,strain,Nurse_37,3,12.5
159,strain,Nurse_38,2,16.5
159,strain,Nurse_39,3,15.5
159,strain,Nurse_40,2,18.0
159,strain,Nurse_41,3,18.0
159,strain,Nurse_42,1,13.5
159,strain,Nurse_43,0,12.5
159,strain,Nurse_44,0,8.5
159,strain,Nurse_45,2,7.5
159,strain,Nurse_46,3,16.5
159,strain,Nurse_47,2,7.5
159,strain,Nurse_48,3,22.5
159,strain,Nurse_49,2,15.5
159,strain,Nurse_50,2,14.0
159,strain,Nurse_51,0,11.5
159,strain,Nurse_52,0,11.5
159,strain,Nurse_53,2,11.5
159,strain,Nurse_54,0,10.0
159,strain,Nurse_55,3,11.0
159,strain,Nurse_56,1,9.5
159,strain,Nurse_57,2,14.0
159,strain,Nurse_58,0,6.0
159,strain,Nurse_59,3,19.0
159,strain,Nurse_60,0,7.0
159,strain,Nurse_61,1,11.0
159,strain,Nurse_62,2,11.5
159,strain,Nurse_63,4,13.5
159,strain,Nurse_64,1,11.5
159,strain,Nurse_65,1,11.5
159,strain,Nurse_66,2,16.5
159,strain,Nurse_67,1,9.0
159,strain,Nurse_68,1,8.5
159,strain,Nurse_69,2,12.0
159,strain,Nurse_70,1,10.0
160,baseline,Nurse_01,3,20.0
160,baseline,Nurse_02,5,18.0
160,baseline,Nurse_03,2,14.0
160,baseline,Nurse_04,1,11.5
160,baseline,Nurse_05,3,20.0
160,baseline,Nurse_06,2,13.0
160,baseline,Nurse_07,2,11.0
160,baseline,Nurse_08,4,21.0
160,baseline,Nurse_09,2,9.0
160,baseline,Nurse_10,4,17.5
160,baseline,Nurse_11,2,11.5
160,baseline,Nurse_12,3,13.0
160,baseline,Nurse_13,3,15.5
160,baseline,Nurse_14,2,14.5
160,baseline,Nurse_15,5,17.0
160,baseline,Nurse_16,3,14.0
160,baseline,Nurse_17,1,11.5
160,baseline,Nurse_18,5,24.0
160,baseline,Nurse_19,2,12.5
160,baseline,Nurse_20,5,19.5
160,baseline,Nurse_21,2,10.0
160,baseline,Nurse_22,2,15.0
160,baseline,Nurse_23,0,0.0
160,baseline,Nurse_24,3,9.0
160,baseline,Nurse_25,2,13.0
160,baseline,Nurse_26,2,8.0
160,baseline,Nurse_27,5,20.5
160,baseline,Nurse_28,2,18.5
160,baseline,Nurse_29,3,16.0
160,baseline,Nurse_30,2,11.0
160,baseline,Nurse_31,1,10.5
160,baseline,Nurse_32,1,6.0
160,baseline,Nurse_33,1,13.0
160,baseline,Nurse_34,2,6.0
160,baseline,Nurse_35,0,7.5
160,baseline,Nurse_36,3,17.0
160,baseline,Nurse_37,1,9.0
160,baseline,Nurse_38,2,10.0
160,baseline,Nurse_39,2,15.0
160,baseline,Nurse_40,1,9.5
160,baseline,Nurse_41,4,15.0
160,baseline,Nurse_42,0,1.0
160,baseline,Nurse_43,5,24.5
160,baseline,Nurse_44,5,24.5
160,baseline,Nurse_45,5,23.0
160,baseline,Nurse_46,5,20.0
160,baseline,Nurse_47,3,14.5
160,baseline,Nurse_48,4,22.0
160,baseline,Nurse_49,3,14.5
160,baseline,Nurse_50,5,18.0
160,baseline,Nurse_51,0,6.0
160,baseline,Nurse_52,1,3.0
160,baseline,Nurse_53,2,11.5
160,baseline,Nurse_54,3,18.0
160,baseline,Nurse_55,0,6.5
160,baseline,Nurse_56,3,18.5
160,baseline,Nurse_57,4,19.0
160,baseline,Nurse_58,2,13.5
160,baseline,Nurse_59,1,14.5
160,baseline,Nurse_60,1,11.0
160,baseline,Nurse_61,3,21.5
160,baseline,Nurse_62,3,9.0
160,baseline,Nurse_63,0,13.5
160,baseline,Nurse_64,0,1.5
160,baseline,Nurse_65,4,22.0
160,baseline,Nurse_66,5,21.5
160,baseline,Nurse_67,0,6.5
160,baseline,Nurse_68,0,7.5
160,baseline,Nurse_69,0,4.0
160,baseline,Nurse_70,5,26.0
160,strain,Nurse_01,1,12.0
160,strain,Nurse_02,3,16.0
160,strain,Nurse_03,2,12.5
160,strain,Nurse_04,1,12.0
160,strain,Nurse_05,1,15.5
160,strain,Nurse_06,1,12.5
160,strain,Nurse_07,2,11.0
160,strain,Nurse_08,3,18.5
160,strain,Nurse_09,2,10.5
160,strain,Nurse_10,3,13.5
160,strain,Nurse_11,2,11.5
160,strain,Nurse_12,2,10.5
160,strain,Nurse_13,3,13.0
160,strain,Nurse_14,1,10.5
160,strain,Nurse_15,4,18.0
160,strain,Nurse_16,2,13.5
160,strain,Nurse_17,0,8.5
160,strain,Nurse_18,3,22.0
160,strain,Nurse_19,1,11.0
160,strain,Nurse_20,4,15.5
160,strain,Nurse_21,1,10.0
160,strain,Nurse_22,0,12.5
160,strain,Nurse_23,0,0.0
160,strain,Nurse_24,3,9.0
160,strain,Nurse_25,2,14.5
160,strain,Nurse_26,2,8.0
160,strain,Nurse_27,4,19.0
160,strain,Nurse_28,0,11.5
160,strain,Nurse_29,2,12.5
160,strain,Nurse_30,2,13.5
160,strain,Nurse_31,0,9.0
160,strain,Nurse_32,0,7.5
160,strain,Nurse_33,1,9.0
160,strain,Nurse_34,2,7.5
160,strain,Nurse_35,0,9.0
160,strain,Nurse_36,1,15.0
160,strain,Nurse_37,0,9.5
160,strain,Nurse_38,1,11.0
160,strain,Nurse_39,1,12.5
160,strain,Nurse_40,1,11.0
160,strain,Nurse_41,3,12.0
160,strain,Nurse_42,0,2.5
160,strain,Nurse_43,1,13.5
160,strain,Nurse_44,4,20.0
160,strain,Nurse_45,3,19.0
160,strain,Nurse_46,4,18.5
160,strain,Nurse_47,3,13.0
160,strain,Nurse_48,3,20.0
160,strain,Nurse_49,3,17.5
160,strain,Nurse_50,3,16.0
160,strain,Nurse_51,0,8.5
160,strain,Nurse_52,1,4.5
160,strain,Nurse_53,2,14.0
160,strain,Nurse_54,1,12.5
160,strain,Nurse_55,0,14.0
160,strain,Nurse_56,2,15.5
160,strain,Nurse_57,4,22.0
160,strain,Nurse_58,1,7.5
160,strain,Nurse_59,1,9.0
160,strain,Nurse_60,1,12.5
160,strain,Nurse_61,1,19.1
160,strain,Nurse_62,3,9.0
160,strain,Nurse_63,0,13.5
160,strain,Nurse_64,0,1.5
160,strain,Nurse_65,2,13.0
160,strain,Nurse_66,2,17.0
160,strain,Nurse_67,0,9.5
160,strain,Nurse_68,0,8.5
160,strain,Nurse_69,0,5.5
160,strain,Nurse_70,2,19.0
161,baseline,Nurse_01,3,13.5
161,baseline,Nurse_02,2,9.0
161,baseline,Nurse_03,3,19.0
161,baseline,Nurse_04,3,9.0
161,baseline,Nurse_05,1,9.0
161,baseline,Nurse_06,2,11.5
161,baseline,Nurse_07,2,17.0
161,baseline,Nurse_08,4,20.0
161,baseline,Nurse_09,4,19.0
161,baseline,Nurse_10,3,10.5
161,baseline,Nurse_11,0,4.5
161,baseline,Nurse_12,1,8.5
161,baseline,Nurse_13,0,10.0
161,baseline,Nurse_14,0,3.0
161,baseline,Nurse_15,4,17.5
161,baseline,Nurse_16,4,18.0
161,baseline,Nurse_17,1,3.0
161,baseline,Nurse_18,4,18.5
161,baseline,Nurse_19,0,6.0
161,baseline,Nurse_20,4,22.0
161,baseline,Nurse_21,1,7.0
161,baseline,Nurse_22,2,16.5
161,baseline,Nurse_23,2,9.0
161,baseline,Nurse_24,0,10.0
161,baseline,Nurse_25,1,13.5
161,baseline,Nurse_26,0,8.5
161,baseline,Nurse_27,1,10.0
161,baseline,Nurse_28,0,10.0
161,baseline,Nurse_29,4,20.0
161,baseline,Nurse_30,2,12.5
161,baseline,Nurse_31,3,19.5
161,baseline,Nurse_32,3,14.5
161,baseline,Nurse_33,4,21.0
161,baseline,Nurse_34,3,21.0
161,baseline,Nurse_35,1,12.0
161,baseline,Nurse_36,3,22.0
161,baseline,Nurse_37,3,10.5
161,baseline,Nurse_38,5,22.5
161,baseline,Nurse_39,3,10.5
161,baseline,Nurse_40,5,23.5
161,baseline,Nurse_41,4,17.0
161,baseline,Nurse_42,2,11.0
161,baseline,Nurse_43,1,4.5
161,baseline,Nurse_44,0,3.5
161,baseline,Nurse_45,5,19.0
161,baseline,Nurse_46,2,16.5
161,baseline,Nurse_47,5,22.0
161,baseline,Nurse_48,3,12.5
161,baseline,Nurse_49,2,10.0
161,baseline,Nurse_50,5,24.5
161,baseline,Nurse_51,1,7.0
161,baseline,Nurse_52,0,4.0
161,baseline,Nurse_53,3,13.0
161,baseline,Nurse_54,2,12.0
161,baseline,Nurse_55,2,13.5
161,baseline,Nurse_56,2,16.0
161,baseline,Nurse_57,0,9.0
161,baseline,Nurse_58,5,22.5
161,baseline,Nurse_59,3,16.5
161,baseline,Nurse_60,0,8.5
161,baseline,Nurse_61,2,13.5
161,baseline,Nurse_62,4,21.0
161,baseline,Nurse_63,2,7.5
161,baseline,Nurse_64,4,16.0
161,baseline,Nurse_65,3,14.0
161,baseline,Nurse_66,4,17.5
161,baseline,Nurse_67,3,19.5
161,baseline,Nurse_68,2,6.0
161,baseline,Nurse_69,0,3.0
161,baseline,Nurse_70,3,14.0
161,strain,Nurse_01,1,11.5
161,strain,Nurse_02,0,9.0
161,strain,Nurse_03,2,16.5
161,strain,Nurse_04,3,10.5
161,strain,Nurse_05,1,9.0
161,strain,Nurse_06,0,8.0
161,strain,Nurse_07,1,11.0
161,strain,Nurse_08,2,15.5
161,strain,Nurse_09,3,17.5
161,strain,Nurse_10,3,10.5
161,strain,Nurse_11,0,7.0
161,strain,Nurse_12,1,7.0
161,strain,Nurse_13,0,15.5
161,strain,Nurse_14,0,5.5
161,strain,Nurse_15,2,13.0
161,strain,Nurse_16,2,14.0
161,strain,Nurse_17,1,4.5
161,strain,Nurse_18,2,12.5
161,strain,Nurse_19,0,11.0
161,strain,Nurse_20,2,14.5
161,strain,Nurse_21,1,11.0
161,strain,Nurse_22,2,15.5
161,strain,Nurse_23,2,7.5
161,strain,Nurse_24,0,11.5
161,strain,Nurse_25,0,10.5
161,strain,Nurse_26,0,8.5
161,strain,Nurse_27,1,11.5
161,strain,Nurse_28,0,14.0
161,strain,Nurse_29,3,16.5
161,strain,Nurse_30,0,9.5
161,strain,Nurse_31,2,18.0
161,strain,Nurse_32,2,11.5
161,strain,Nurse_33,3,17.0
161,strain,Nurse_34,3,18.5
161,strain,Nurse_35,0,7.5
161,strain,Nurse_36,2,17.0
161,strain,Nurse_37,3,10.5
161,strain,Nurse_38,3,16.5
161,strain,Nurse_39,3,10.5
161,strain,Nurse_40,1,14.0
161,strain,Nurse_41,1,12.5
161,strain,Nurse_42,1,11.5
161,strain,Nurse_43,1,6.0
161,strain,Nurse_44,1,12.5
161,strain,Nurse_45,2,13.5
161,strain,Nurse_46,1,12.0
161,strain,Nurse_47,4,15.0
161,strain,Nurse_48,2,10.0
161,strain,Nurse_49,2,12.5
161,strain,Nurse_50,3,19.5
161,strain,Nurse_51,1,10.0
161,strain,Nurse_52,0,7.0
161,strain,Nurse_53,3,14.5
161,strain,Nurse_54,2,12.0
161,strain,Nurse_55,1,11.0
161,strain,Nurse_56,2,14.5
161,strain,Nurse_57,0,10.5
161,strain,Nurse_58,3,15.5
161,strain,Nurse_59,2,13.5
161,strain,Nurse_60,0,7.5
161,strain,Nurse_61,0,9.0
161,strain,Nurse_62,2,14.0
161,strain,Nurse_63,2,7.5
161,strain,Nurse_64,3,11.5
161,strain,Nurse_65,3,14.0
161,strain,Nurse_66,3,13.0
161,strain,Nurse_67,3,17.5
161,strain,Nurse_68,2,9.0
161,strain,Nurse_69,0,3.0
161,strain,Nurse_70,2,10.5
162,baseline,Nurse_01,2,16.0
162,baseline,Nurse_02,5,22.0
162,baseline,Nurse_03,4,13.5
162,baseline,Nurse_04,3,21.5
162,baseline,Nurse_05,4,21.5
162,baseline,Nurse_06,3,18.5
162,baseline,Nurse_07,4,15.0
162,baseline,Nurse_08,3,12.0
162,baseline,Nurse_09,4,18.0
162,baseline,Nurse_10,3,19.5
162,baseline,Nurse_11,4,17.0
162,baseline,Nurse_12,0,5.0
162,baseline,Nurse_13,4,16.5
162,baseline,Nurse_14,2,7.5
162,baseline,Nurse_15,6,28.5
162,baseline,Nurse_16,1,8.0
162,baseline,Nurse_17,2,17.5
162,baseline,Nurse_18,0,10.5
162,baseline,Nurse_19,3,18.5
162,baseline,Nurse_20,4,16.0
162,baseline,Nurse_21,3,13.5
162,baseline,Nurse_22,3,15.5
162,baseline,Nurse_23,0,0.0
162,baseline,Nurse_24,2,21.0
162,baseline,Nurse_25,0,6.5
162,baseline,Nurse_26,3,17.5
162,baseline,Nurse_27,0,8.0
162,baseline,Nurse_28,5,20.5
162,baseline,Nurse_29,4,23.0
162,baseline,Nurse_30,3,13.5
162,baseline,Nurse_31,4,17.5
162,baseline,Nurse_32,3,15.0
162,baseline,Nurse_33,0,10.0
162,baseline,Nurse_34,0,9.5
162,baseline,Nurse_35,2,12.0
162,baseline,Nurse_36,1,11.0
162,baseline,Nurse_37,0,1.5
162,baseline,Nurse_38,4,18.5
162,baseline,Nurse_39,3,20.0
162,baseline,Nurse_40,2,14.0
162,baseline,Nurse_41,2,7.5
162,baseline,Nurse_42,4,23.5
162,baseline,Nurse_43,6,25.0
162,baseline,Nurse_44,1,10.5
162,baseline,Nurse_45,4,20.5
162,baseline,Nurse_46,3,15.0
162,baseline,Nurse_47,4,21.0
162,baseline,Nurse_48,2,9.5
162,baseline,Nurse_49,4,19.0
162,baseline,Nurse_50,4,17.5
162,baseline,Nurse_51,3,14.5
162,baseline,Nurse_52,4,21.5
162,baseline,Nurse_53,3,16.0
162,baseline,Nurse_54,3,16.5
162,baseline,Nurse_55,2,10.5
162,baseline,Nurse_56,1,3.0
162,baseline,Nurse_57,1,8.0
162,baseline,Nurse_58,1,12.5
162,baseline,Nurse_59,1,4.5
162,baseline,Nurse_60,3,17.0
162,baseline,Nurse_61,3,9.0
162,baseline,Nurse_62,0,4.0
162,baseline,Nurse_63,2,13.5
162,baseline,Nurse_64,2,10.0
162,baseline,Nurse_65,5,18.5
162,baseline,Nurse_66,0,0.0
162,baseline,Nurse_67,1,10.0
162,baseline,Nurse_68,1,11.0
162,baseline,Nurse_69,3,17.5
162,baseline,Nurse_70,3,13.0
162,strain,Nurse_01,2,13.5
162,strain,Nurse_02,3,16.5
162,strain,Nurse_03,3,12.0
162,strain,Nurse_04,1,15.5
162,strain,Nurse_05,3,17.0
162,strain,Nurse_06,2,14.0
162,strain,Nurse_07,3,13.5
162,strain,Nurse_08,3,12.0
162,strain,Nurse_09,3,16.5
162,strain,Nurse_10,2,11.5
162,strain,Nurse_11,3,15.5
162,strain,Nurse_12,0,8.0
162,strain,Nurse_13,2,13.0
162,strain,Nurse_14,0,6.0
162,strain,Nurse_15,4,22.0
162,strain,Nurse_16,0,5.0
162,strain,Nurse_17,2,19.0
162,strain,Nurse_18,0,8.0
162,strain,Nurse_19,3,14.5
162,strain,Nurse_20,3,17.0
162,strain,Nurse_21,3,16.0
162,strain,Nurse_22,2,9.5
162,strain,Nurse_23,0,0.0
162,strain,Nurse_24,2,12.0
162,strain,Nurse_25,0,6.0
162,strain,Nurse_26,1,15.0
162,strain,Nurse_27,0,9.5
162,strain,Nurse_28,2,13.5
162,strain,Nurse_29,1,16.0
162,strain,Nurse_30,3,17.0
162,strain,Nurse_31,4,17.5
162,strain,Nurse_32,1,13.0
162,strain,Nurse_33,0,12.5
162,strain,Nurse_34,0,10.0
162,strain,Nurse_35,1,9.0
162,strain,Nurse_36,0,8.0
162,strain,Nurse_37,1,9.0
162,strain,Nurse_38,2,11.0
162,strain,Nurse_39,2,17.5
162,strain,Nurse_40,1,11.0
162,strain,Nurse_41,2,7.5
162,strain,Nurse_42,3,19.0
162,strain,Nurse_43,4,22.0
162,strain,Nurse_44,0,11.0
162,strain,Nurse_45,2,16.0
162,strain,Nurse_46,3,15.0
162,strain,Nurse_47,1,15.0
162,strain,Nurse_48,2,8.5
162,strain,Nurse_49,3,16.0
162,strain,Nurse_50,3,17.5
162,strain,Nurse_51,2,11.5
162,strain,Nurse_52,3,18.5
162,strain,Nurse_53,2,13.5
162,strain,Nurse_54,1,12.5
162,strain,Nurse_55,2,12.0
162,strain,Nurse_56,2,9.0
162,strain,Nurse_57,2,12.5
162,strain,Nurse_58,0,11.5
162,strain,Nurse_59,1,6.0
162,strain,Nurse_60,2,15.5
162,strain,Nurse_61,3,10.5
162,strain,Nurse_62,0,4.5
162,strain,Nurse_63,2,17.0
162,strain,Nurse_64,1,9.5
162,strain,Nurse_65,4,17.0
162,strain,Nurse_66,0,0.0
162,strain,Nurse_67,1,11.0
162,strain,Nurse_68,0,10.0
162,strain,Nurse_69,3,16.5
162,strain,Nurse_70,3,13.0
163,baseline,Nurse_01,3,18.5
163,baseline,Nurse_02,3,13.5
163,baseline,Nurse_03,2,6.0
163,baseline,Nurse_04,3,14.5
163,baseline,Nurse_05,5,22.5
163,baseline,Nurse_06,3,13.0
163,baseline,Nurse_07,5,20.0
163,baseline,Nurse_08,4,13.5
163,baseline,Nurse_09,4,21.5
163,baseline,Nurse_10,0,10.5
163,baseline,Nurse_11,0,7.0
163,baseline,Nurse_12,2,15.0
163,baseline,Nurse_13,2,17.0
163,baseline,Nurse_14,2,16.5
163,baseline,Nurse_15,3,18.5
163,baseline,Nurse_16,1,11.5
163,baseline,Nurse_17,4,17.0
163,baseline,Nurse_18,0,3.5
163,baseline,Nurse_19,3,14.0
163,baseline,Nurse_20,2,9.0
163,baseline,Nurse_21,1,4.0
163,baseline,Nurse_22,4,20.5
163,baseline,Nurse_23,1,13.5
163,baseline,Nurse_24,2,8.0
163,baseline,Nurse_25,2,9.0
163,baseline,Nurse_26,0,14.5
163,baseline,Nurse_27,3,17.0
163,baseline,Nurse_28,0,5.5
163,baseline,Nurse_29,0,7.5
163,baseline,Nurse_30,1,4.5
163,baseline,Nurse_31,3,10.5
163,baseline,Nurse_32,0,5.5
163,baseline,Nurse_33,4,19.0
163,baseline,Nurse_34,2,9.0
163,baseline,Nurse_35,6,22.5
163,baseline,Nurse_36,3,15.5
163,baseline,Nurse_37,3,21.5
163,baseline,Nurse_38,3,14.0
163,baseline,Nurse_39,5,20.5
163,baseline,Nurse_40,5,26.5
163,baseline,Nurse_41,0,9.0
163,baseline,Nurse_42,4,20.5
163,baseline,Nurse_43,0,4.0
163,baseline,Nurse_44,3,9.0
163,baseline,Nurse_45,2,12.5
163,baseline,Nurse_46,2,16.5
163,baseline,Nurse_47,4,20.0
163,baseline,Nurse_48,0,12.0
163,baseline,Nurse_49,4,14.5
163,baseline,Nurse_50,1,8.0
163,baseline,Nurse_51,2,11.0
163,baseline,Nurse_52,1,11.5
163,baseline,Nurse_53,3,16.0
163,baseline,Nurse_54,1,8.0
163,baseline,Nurse_55,4,20.5
163,baseline,Nurse_56,4,12.0
163,baseline,Nurse_57,3,17.0
163,baseline,Nurse_58,0,6.5
163,baseline,Nurse_59,2,9.0
163,baseline,Nurse_60,1,3.0
163,baseline,Nurse_61,1,9.0
163,baseline,Nurse_62,2,10.0
163,baseline,Nurse_63,6,28.5
163,baseline,Nurse_64,3,19.0
163,baseline,Nurse_65,5,24.5
163,baseline,Nurse_66,2,10.0
163,baseline,Nurse_67,4,24.5
163,baseline,Nurse_68,3,19.5
163,baseline,Nurse_69,1,10.0
163,baseline,Nurse_70,4,19.0
163,strain,Nurse_01,2,14.0
163,strain,Nurse_02,2,12.0
163,strain,Nurse_03,2,7.5
163,strain,Nurse_04,2,14.0
163,strain,Nurse_05,4,19.5
163,strain,Nurse_06,1,8.5
163,strain,Nurse_07,3,17.0
163,strain,Nurse_08,4,13.5
163,strain,Nurse_09,2,16.0
163,strain,Nurse_10,0,10.5
163,strain,Nurse_11,0,9.0
163,strain,Nurse_12,1,13.0
163,strain,Nurse_13,0,12.5
163,strain,Nurse_14,1,13.5
163,strain,Nurse_15,2,17.5
163,strain,Nurse_16,0,8.5
163,strain,Nurse_17,4,18.5
163,strain,Nurse_18,0,8.0
163,strain,Nurse_19,1,11.0
163,strain,Nurse_20,2,9.0
163,strain,Nurse_21,1,4.0
163,strain,Nurse_22,2,15.0
163,strain,Nurse_23,1,12.5
163,strain,Nurse_24,0,7.5
163,strain,Nurse_25,1,6.0
163,strain,Nurse_26,0,13.0
163,strain,Nurse_27,0,13.0
163,strain,Nurse_28,0,5.5
163,strain,Nurse_29,0,11.0
163,strain,Nurse_30,1,7.5
163,strain,Nurse_31,2,6.0
163,strain,Nurse_32,0,5.0
163,strain,Nurse_33,2,14.0
163,strain,Nurse_34,2,14.0
163,strain,Nurse_35,2,16.0
163,strain,Nurse_36,2,12.5
163,strain,Nurse_37,3,17.5
163,strain,Nurse_38,2,12.5
163,strain,Nurse_39,4,16.5
163,strain,Nurse_40,3,21.0
163,strain,Nurse_41,0,6.5
163,strain,Nurse_42,3,16.5
163,strain,Nurse_43,0,6.5
163,strain,Nurse_44,2,10.5
163,strain,Nurse_45,2,15.5
163,strain,Nurse_46,0,12.0
163,strain,Nurse_47,3,16.5
163,strain,Nurse_48,0,5.5
163,strain,Nurse_49,3,11.5
163,strain,Nurse_50,0,6.5
163,strain,Nurse_51,2,13.5
163,strain,Nurse_52,0,9.0
163,strain,Nurse_53,2,13.0
163,strain,Nurse_54,1,8.0
163,strain,Nurse_55,2,16.0
163,strain,Nurse_56,4,12.0
163,strain,Nurse_57,2,12.5
163,strain,Nurse_58,0,6.5
163,strain,Nurse_59,0,3.0
163,strain,Nurse_60,1,3.0
163,strain,Nurse_61,0,8.5
163,strain,Nurse_62,2,10.0
163,strain,Nurse_63,3,21.5
163,strain,Nurse_64,1,16.0
163,strain,Nurse_65,5,23.0
163,strain,Nurse_66,1,9.5
163,strain,Nurse_67,3,20.5
163,strain,Nurse_68,0,17.5
163,strain,Nurse_69,1,11.5
163,strain,Nurse_70,4,16.0
164,baseline,Nurse_01,1,7.0
164,baseline,Nurse_02,2,19.5
164,baseline,Nurse_03,2,11.0
164,baseline,Nurse_04,5,20.5
164,baseline,Nurse_05,5,21.0
164,baseline,Nurse_06,0,8.0
164,baseline,Nurse_07,3,17.5
164,baseline,Nurse_08,4,21.0
164,baseline,Nurse_09,4,21.0
164,baseline,Nurse_10,4,16.5
164,baseline,Nurse_11,6,22.0
164,baseline,Nurse_12,2,12.0
164,baseline,Nurse_13,6,25.5
164,baseline,Nurse_14,0,7.5
164,baseline,Nurse_15,1,7.0
164,baseline,Nurse_16,0,5.0
164,baseline,Nurse_17,2,11.0
164,baseline,Nurse_18,2,13.5
164,baseline,Nurse_19,4,19.5
164,baseline,Nurse_20,1,11.0
164,baseline,Nurse_21,3,14.0
164,baseline,Nurse_22,4,26.0
164,baseline,Nurse_23,1,12.5
164,baseline,Nurse_24,3,13.0
164,baseline,Nurse_25,3,12.5
164,baseline,Nurse_26,1,15.5
164,baseline,Nurse_27,2,11.5
164,baseline,Nurse_28,1,3.0
164,baseline,Nurse_29,4,22.0
164,baseline,Nurse_30,5,21.0
164,baseline,Nurse_31,3,16.0
164,baseline,Nurse_32,4,21.5
164,baseline,Nurse_33,2,18.0
164,baseline,Nurse_34,3,9.0
164,baseline,Nurse_35,5,21.5
164,baseline,Nurse_36,3,10.5
164,baseline,Nurse_37,1,10.0
164,baseline,Nurse_38,4,18.5
164,baseline,Nurse_39,4,19.5
164,baseline,Nurse_40,3,12.5
164,baseline,Nurse_41,0,6.0
164,baseline,Nurse_42,3,18.5
164,baseline,Nurse_43,1,12.5
164,baseline,Nurse_44,0,1.5
164,baseline,Nurse_45,5,21.5
164,baseline,Nurse_46,3,16.0
164,baseline,Nurse_47,1,10.5
164,baseline,Nurse_48,6,19.5
164,baseline,Nurse_49,2,13.0
164,baseline,Nurse_50,0,5.5
164,baseline,Nurse_51,1,8.5
164,baseline,Nurse_52,2,19.5
164,baseline,Nurse_53,1,9.5
164,baseline,Nurse_54,3,20.5
164,baseline,Nurse_55,4,24.5
164,baseline,Nurse_56,2,11.0
164,baseline,Nurse_57,0,7.0
164,baseline,Nurse_58,3,10.5
164,baseline,Nurse_59,2,9.0
164,baseline,Nurse_60,3,9.0
164,baseline,Nurse_61,2,11.0
164,baseline,Nurse_62,4,19.0
164,baseline,Nurse_63,1,3.0
164,baseline,Nurse_64,4,20.0
164,baseline,Nurse_65,2,7.5
164,baseline,Nurse_66,1,9.0
164,baseline,Nurse_67,4,20.0
164,baseline,Nurse_68,4,21.0
164,baseline,Nurse_69,4,22.5
164,baseline,Nurse_70,1,10.5
164,strain,Nurse_01,0,5.5
164,strain,Nurse_02,0,13.0
164,strain,Nurse_03,2,11.0
164,strain,Nurse_04,4,17.5
164,strain,Nurse_05,2,19.5
164,strain,Nurse_06,0,9.5
164,strain,Nurse_07,2,15.5
164,strain,Nurse_08,2,17.0
164,strain,Nurse_09,4,21.0
164,strain,Nurse_10,1,9.0
164,strain,Nurse_11,4,18.5
164,strain,Nurse_12,1,13.5
164,strain,Nurse_13,3,21.5
164,strain,Nurse_14,0,7.5
164,strain,Nurse_15,0,10.0
164,strain,Nurse_16,0,5.0
164,strain,Nurse_17,1,6.5
164,strain,Nurse_18,0,12.0
164,strain,Nurse_19,2,11.5
164,strain,Nurse_20,1,11.0
164,strain,Nurse_21,3,15.5
164,strain,Nurse_22,2,18.0
164,strain,Nurse_23,0,9.0
164,strain,Nurse_24,3,13.0
164,strain,Nurse_25,2,11.5
164,strain,Nurse_26,1,12.0
164,strain,Nurse_27,2,11.5
164,strain,Nurse_28,1,4.5
164,strain,Nurse_29,2,16.0
164,strain,Nurse_30,2,14.5
164,strain,Nurse_31,3,12.0
164,strain,Nurse_32,2,18.0
164,strain,Nurse_33,1,13.0
164,strain,Nurse_34,3,9.0
164,strain,Nurse_35,1,14.0
164,strain,Nurse_36,3,12.0
164,strain,Nurse_37,0,5.5
164,strain,Nurse_38,3,16.5
164,strain,Nurse_39,3,19.5
164,strain,Nurse_40,2,11.0
164,strain,Nurse_41,0,9.0
164,strain,Nurse_42,2,16.0
164,strain,Nurse_43,0,12.0
164,strain,Nurse_44,0,3.0
164,strain,Nurse_45,3,15.5
164,strain,Nurse_46,2,16.0
164,strain,Nurse_47,1,10.5
164,strain,Nurse_48,3,13.5
164,strain,Nurse_49,0,11.0
164,strain,Nurse_50,0,6.0
164,strain,Nurse_51,0,9.5
164,strain,Nurse_52,1,14.0
164,strain,Nurse_53,1,8.0
164,strain,Nurse_54,2,17.5
164,strain,Nurse_55,3,19.0
164,strain,Nurse_56,2,11.0
164,strain,Nurse_57,0,9.5
164,strain,Nurse_58,3,9.0
164,strain,Nurse_59,2,9.0
164,strain,Nurse_60,3,10.5
164,strain,Nurse_61,2,11.0
164,strain,Nurse_62,2,16.0
164,strain,Nurse_63,1,6.0
164,strain,Nurse_64,2,18.0
164,strain,Nurse_65,2,12.0
164,strain,Nurse_66,1,11.0
164,strain,Nurse_67,4,17.5
164,strain,Nurse_68,1,15.0
164,strain,Nurse_69,2,17.5
164,strain,Nurse_70,0,8.0
165,baseline,Nurse_01,4,20.5
165,baseline,Nurse_02,5,20.0
165,baseline,Nurse_03,2,10.0
165,baseline,Nurse_04,0,9.5
165,baseline,Nurse_05,2,7.5
165,baseline,Nurse_06,6,27.0
165,baseline,Nurse_07,3,13.0
165,baseline,Nurse_08,1,11.0
165,baseline,Nurse_09,2,15.0
165,baseline,Nurse_10,3,20.5
165,baseline,Nurse_11,2,17.0
165,baseline,Nurse_12,0,6.0
165,baseline,Nurse_13,0,3.0
165,baseline,Nurse_14,5,25.0
165,baseline,Nurse_15,3,15.5
165,baseline,Nurse_16,1,4.5
165,baseline,Nurse_17,5,22.5
165,baseline,Nurse_18,4,12.0
165,baseline,Nurse_19,1,7.0
165,baseline,Nurse_20,1,11.0
165,baseline,Nurse_21,1,4.5
165,baseline,Nurse_22,4,20.5
165,baseline,Nurse_23,3,23.0
165,baseline,Nurse_24,3,15.0
165,baseline,Nurse_25,2,7.5
165,baseline,Nurse_26,3,16.5
165,baseline,Nurse_27,2,12.5
165,baseline,Nurse_28,4,19.5
165,baseline,Nurse_29,0,4.0
165,baseline,Nurse_30,3,10.5
165,baseline,Nurse_31,5,20.5
165,baseline,Nurse_32,1,8.0
165,baseline,Nurse_33,3,14.5
165,baseline,Nurse_34,2,13.0
165,baseline,Nurse_35,2,11.0
165,baseline,Nurse_36,1,10.0
165,baseline,Nurse_37,0,2.0
165,baseline,Nurse_38,5,20.5
165,baseline,Nurse_39,3,17.0
165,baseline,Nurse_40,4,23.0
165,baseline,Nurse_41,3,9.0
165,baseline,Nurse_42,0,4.5
165,baseline,Nurse_43,2,13.5
165,baseline,Nurse_44,5,21.5
165,baseline,Nurse_45,2,10.0
165,baseline,Nurse_46,5,23.5
165,baseline,Nurse_47,3,17.5
165,baseline,Nurse_48,3,16.0
165,baseline,Nurse_49,5,26.0
165,baseline,Nurse_50,1,7.5
165,baseline,Nurse_51,2,12.0
165,baseline,Nurse_52,2,9.0
165,baseline,Nurse_53,1,11.5
165,baseline,Nurse_54,2,12.0
165,baseline,Nurse_55,4,17.5
165,baseline,Nurse_56,4,19.5
165,baseline,Nurse_57,1,5.5
165,baseline,Nurse_58,3,13.0
165,baseline,Nurse_59,5,22.5
165,baseline,Nurse_60,2,12.0
165,baseline,Nurse_61,4,21.5
165,baseline,Nurse_62,3,17.5
165,baseline,Nurse_63,0,5.5
165,baseline,Nurse_64,1,7.5
165,baseline,Nurse_65,2,14.0
165,baseline,Nurse_66,3,20.5
165,baseline,Nurse_67,4,20.5
165,baseline,Nurse_68,5,28.0
165,baseline,Nurse_69,4,19.0
165,baseline,Nurse_70,4,18.5
165,strain,Nurse_01,2,17.0
165,strain,Nurse_02,1,15.0
165,strain,Nurse_03,2,12.5
165,strain,Nurse_04,0,8.0
165,strain,Nurse_05,1,7.5
165,strain,Nurse_06,3,19.0
165,strain,Nurse_07,3,13.0
165,strain,Nurse_08,0,11.0
165,strain,Nurse_09,1,11.5
165,strain,Nurse_10,2,19.0
165,strain,Nurse_11,1,14.0
165,strain,Nurse_12,0,8.0
165,strain,Nurse_13,0,4.5
165,strain,Nurse_14,1,15.5
165,strain,Nurse_15,1,9.5
165,strain,Nurse_16,1,6.0
165,strain,Nurse_17,3,18.5
165,strain,Nurse_18,4,12.0
165,strain,Nurse_19,1,12.0
165,strain,Nurse_20,1,11.0
165,strain,Nurse_21,1,4.5
165,strain,Nurse_22,2,17.0
165,strain,Nurse_23,2,21.0
165,strain,Nurse_24,3,15.0
165,strain,Nurse_25,2,7.5
165,strain,Nurse_26,1,17.5
165,strain,Nurse_27,2,11.0
165,strain,Nurse_28,3,16.0
165,strain,Nurse_29,0,4.0
165,strain,Nurse_30,2,6.0
165,strain,Nurse_31,3,17.0
165,strain,Nurse_32,0,3.5
165,strain,Nurse_33,3,13.0
165,strain,Nurse_34,1,16.0
165,strain,Nurse_35,2,11.0
165,strain,Nurse_36,0,5.0
165,strain,Nurse_37,1,6.0
165,strain,Nurse_38,2,15.0
165,strain,Nurse_39,3,14.0
165,strain,Nurse_40,4,22.5
165,strain,Nurse_41,3,9.0
165,strain,Nurse_42,0,4.5
165,strain,Nurse_43,2,13.5
165,strain,Nurse_44,4,18.5
165,strain,Nurse_45,1,11.0
165,strain,Nurse_46,3,16.5
165,strain,Nurse_47,3,19.0
165,strain,Nurse_48,1,9.0
165,strain,Nurse_49,3,21.0
165,strain,Nurse_50,1,9.0
165,strain,Nurse_51,1,11.5
165,strain,Nurse_52,2,12.0
165,strain,Nurse_53,1,10.0
165,strain,Nurse_54,2,13.0
165,strain,Nurse_55,3,12.5
165,strain,Nurse_56,3,16.5
165,strain,Nurse_57,1,6.5
165,strain,Nurse_58,2,15.5
165,strain,Nurse_59,2,18.5
165,strain,Nurse_60,0,9.0
165,strain,Nurse_61,3,20.0
165,strain,Nurse_62,3,17.5
165,strain,Nurse_63,0,5.5
165,strain,Nurse_64,0,4.5
165,strain,Nurse_65,1,12.0
165,strain,Nurse_66,1,12.5
165,strain,Nurse_67,2,17.5
165,strain,Nurse_68,2,18.0
165,strain,Nurse_69,3,17.5
165,strain,Nurse_70,3,17.0
166,baseline,Nurse_01,4,24.0
166,baseline,Nurse_02,5,22.5
166,baseline,Nurse_03,5,19.0
166,baseline,Nurse_04,1,8.0
166,baseline,Nurse_05,1,6.5
166,baseline,Nurse_06,3,18.0
166,baseline,Nurse_07,4,17.5
166,baseline,Nurse_08,5,21.0
166,baseline,Nurse_09,0,7.5
166,baseline,Nurse_10,0,6.5
166,baseline,Nurse_11,1,8.5
166,baseline,Nurse_12,3,15.5
166,baseline,Nurse_13,3,19.0
166,baseline,Nurse_14,2,6.0
166,baseline,Nurse_15,0,6.5
166,baseline,Nurse_16,1,11.5
166,baseline,Nurse_17,2,8.0
166,baseline,Nurse_18,3,9.0
166,baseline,Nurse_19,0,1.5
166,baseline,Nurse_20,3,17.0
166,baseline,Nurse_21,2,17.5
166,baseline,Nurse_22,3,17.0
166,baseline,Nurse_23,2,13.5
166,baseline,Nurse_24,4,22.5
166,baseline,Nurse_25,0,4.5
166,baseline,Nurse_26,3,17.5
166,baseline,Nurse_27,3,22.0
166,baseline,Nurse_28,1,11.0
166,baseline,Nurse_29,4,15.5
166,baseline,Nurse_30,2,14.0
166,baseline,Nurse_31,0,10.0
166,baseline,Nurse_32,0,8.5
166,baseline,Nurse_33,2,8.0
166,baseline,Nurse_34,4,18.0
166,baseline,Nurse_35,0,9.0
166,baseline,Nurse_36,3,15.0
166,baseline,Nurse_37,3,17.5
166,baseline,Nurse_38,0,9.5
166,baseline,Nurse_39,3,16.5
166,baseline,Nurse_40,2,13.5
166,baseline,Nurse_41,2,7.5
166,baseline,Nurse_42,4,18.5
166,baseline,Nurse_43,2,11.5
166,baseline,Nurse_44,4,20.5
166,baseline,Nurse_45,1,12.5
166,baseline,Nurse_46,1,4.5
166,baseline,Nurse_47,4,21.0
166,baseline,Nurse_48,3,16.5
166,baseline,Nurse_49,4,19.5
166,baseline,Nurse_50,2,8.0
166,baseline,Nurse_51,0,7.5
166,baseline,Nurse_52,5,16.5
166,baseline,Nurse_53,4,21.5
166,baseline,Nurse_54,1,6.0
166,baseline,Nurse_55,3,14.0
166,baseline,Nurse_56,1,8.5
166,baseline,Nurse_57,0,8.5
166,baseline,Nurse_58,3,17.0
166,baseline,Nurse_59,5,21.0
166,baseline,Nurse_60,0,3.5
166,baseline,Nurse_61,5,24.0
166,baseline,Nurse_62,1,10.5
166,baseline,Nurse_63,3,14.0
166,baseline,Nurse_64,2,16.0
166,baseline,Nurse_65,2,12.0
166,baseline,Nurse_66,1,6.5
166,baseline,Nurse_67,0,9.5
166,baseline,Nurse_68,4,17.0
166,baseline,Nurse_69,1,12.5
166,baseline,Nurse_70,3,22.0
166,strain,Nurse_01,4,23.0
166,strain,Nurse_02,3,19.5
166,strain,Nurse_03,3,19.5
166,strain,Nurse_04,0,7.5
166,strain,Nurse_05,0,7.5
166,strain,Nurse_06,2,14.0
166,strain,Nurse_07,2,13.5
166,strain,Nurse_08,1,11.0
166,strain,Nurse_09,0,7.5
166,strain,Nurse_10,0,13.0
166,strain,Nurse_11,1,8.5
166,strain,Nurse_12,2,14.5
166,strain,Nurse_13,1,12.5
166,strain,Nurse_14,2,10.5
166,strain,Nurse_15,0,7.5
166,strain,Nurse_16,1,10.0
166,strain,Nurse_17,2,8.0
166,strain,Nurse_18,3,10.5
166,strain,Nurse_19,0,4.5
166,strain,Nurse_20,1,13.5
166,strain,Nurse_21,1,13.5
166,strain,Nurse_22,3,15.5
166,strain,Nurse_23,2,11.0
166,strain,Nurse_24,2,16.0
166,strain,Nurse_25,0,8.5
166,strain,Nurse_26,2,14.5
166,strain,Nurse_27,2,15.0
166,strain,Nurse_28,1,11.0
166,strain,Nurse_29,3,12.5
166,strain,Nurse_30,2,11.5
166,strain,Nurse_31,1,10.0
166,strain,Nurse_32,0,8.5
166,strain,Nurse_33,2,12.5
166,strain,Nurse_34,2,9.5
166,strain,Nurse_35,0,8.0
166,strain,Nurse_36,2,15.0
166,strain,Nurse_37,2,13.5
166,strain,Nurse_38,0,12.0
166,strain,Nurse_39,3,12.0
166,strain,Nurse_40,1,13.0
166,strain,Nurse_41,1,6.0
166,strain,Nurse_42,3,14.5
166,strain,Nurse_43,1,14.5
166,strain,Nurse_44,2,14.5
166,strain,Nurse_45,1,11.5
166,strain,Nurse_46,1,6.0
166,strain,Nurse_47,4,20.0
166,strain,Nurse_48,3,15.0
166,strain,Nurse_49,2,14.5
166,strain,Nurse_50,2,8.0
166,strain,Nurse_51,0,10.0
166,strain,Nurse_52,5,16.5
166,strain,Nurse_53,1,14.5
166,strain,Nurse_54,1,10.0
166,strain,Nurse_55,1,14.5
166,strain,Nurse_56,1,9.5
166,strain,Nurse_57,0,7.0
166,strain,Nurse_58,3,17.0
166,strain,Nurse_59,2,15.0
166,strain,Nurse_60,0,7.0
166,strain,Nurse_61,4,22.5
166,strain,Nurse_62,0,6.5
166,strain,Nurse_63,3,12.5
166,strain,Nurse_64,1,12.0
166,strain,Nurse_65,2,11.0
166,strain,Nurse_66,1,11.5
166,strain,Nurse_67,0,12.0
166,strain,Nurse_68,2,13.0
166,strain,Nurse_69,0,10.5
166,strain,Nurse_70,2,17.0
167,baseline,Nurse_01,3,19.0
167,baseline,Nurse_02,4,20.5
167,baseline,Nurse_03,3,9.0
167,baseline,Nurse_04,3,13.5
167,baseline,Nurse_05,3,14.0
167,baseline,Nurse_06,5,23.5
167,baseline,Nurse_07,2,16.0
167,baseline,Nurse_08,1,6.0
167,baseline,Nurse_09,0,7.0
167,baseline,Nurse_10,6,22.5
167,baseline,Nurse_11,1,12.5
167,baseline,Nurse_12,1,11.5
167,baseline,Nurse_13,5,25.5
167,baseline,Nurse_14,5,24.5
167,baseline,Nurse_15,4,17.5
167,baseline,Nurse_16,5,20.5
167,baseline,Nurse_17,4,18.0
167,baseline,Nurse_18,5,15.0
167,baseline,Nurse_19,2,11.0
167,baseline,Nurse_20,6,30.0
167,baseline,Nurse_21,0,7.0
167,baseline,Nurse_22,4,20.5
167,baseline,Nurse_23,2,15.5
167,baseline,Nurse_24,2,17.0
167,baseline,Nurse_25,3,9.0
167,baseline,Nurse_26,3,14.0
167,baseline,Nurse_27,2,13.5
167,baseline,Nurse_28,4,18.0
167,baseline,Nurse_29,1,12.0
167,baseline,Nurse_30,3,10.5
167,baseline,Nurse_31,2,6.0
167,baseline,Nurse_32,0,2.5
167,baseline,Nurse_33,5,21.5
167,baseline,Nurse_34,2,13.0
167,baseline,Nurse_35,1,15.0
167,baseline,Nurse_36,4,16.5
167,baseline,Nurse_37,2,13.0
167,baseline,Nurse_38,3,17.5
167,baseline,Nurse_39,2,11.5
167,baseline,Nurse_40,0,5.0
167,baseline,Nurse_41,2,15.5
167,baseline,Nurse_42,1,7.0
167,baseline,Nurse_43,0,7.0
167,baseline,Nurse_44,1,8.0
167,baseline,Nurse_45,4,19.0
167,baseline,Nurse_46,2,11.5
167,baseline,Nurse_47,2,10.0
167,baseline,Nurse_48,3,15.5
167,baseline,Nurse_49,1,7.5
167,baseline,Nurse_50,2,8.0
167,baseline,Nurse_51,2,12.0
167,baseline,Nurse_52,2,15.5
167,baseline,Nurse_53,2,11.0
167,baseline,Nurse_54,3,23.0
167,baseline,Nurse_55,2,9.0
167,baseline,Nurse_56,3,10.5
167,baseline,Nurse_57,3,21.0
167,baseline,Nurse_58,3,14.5
167,baseline,Nurse_59,1,15.0
167,baseline,Nurse_60,5,15.0
167,baseline,Nurse_61,6,26.5
167,baseline,Nurse_62,3,17.5
167,baseline,Nurse_63,4,21.5
167,baseline,Nurse_64,3,15.5
167,baseline,Nurse_65,5,22.5
167,baseline,Nurse_66,1,10.5
167,baseline,Nurse_67,3,14.5
167,baseline,Nurse_68,2,14.5
167,baseline,Nurse_69,3,15.5
167,baseline,Nurse_70,2,17.5
167,strain,Nurse_01,1,15.0
167,strain,Nurse_02,3,16.5
167,strain,Nurse_03,3,9.0
167,strain,Nurse_04,2,7.5
167,strain,Nurse_05,1,12.5
167,strain,Nurse_06,5,22.0
167,strain,Nurse_07,2,13.0
167,strain,Nurse_08,1,6.0
167,strain,Nurse_09,0,8.5
167,strain,Nurse_10,4,18.0
167,strain,Nurse_11,0,9.5
167,strain,Nurse_12,0,11.0
167,strain,Nurse_13,2,18.5
167,strain,Nurse_14,4,20.5
167,strain,Nurse_15,3,17.0
167,strain,Nurse_16,4,15.5
167,strain,Nurse_17,1,15.5
167,strain,Nurse_18,4,15.0
167,strain,Nurse_19,1,8.0
167,strain,Nurse_20,3,22.0
167,strain,Nurse_21,0,8.5
167,strain,Nurse_22,4,17.5
167,strain,Nurse_23,1,15.0
167,strain,Nurse_24,2,17.0
167,strain,Nurse_25,3,9.0
167,strain,Nurse_26,2,14.0
167,strain,Nurse_27,2,15.0
167,strain,Nurse_28,1,10.0
167,strain,Nurse_29,0,11.5
167,strain,Nurse_30,3,10.5
167,strain,Nurse_31,2,9.0
167,strain,Nurse_32,0,8.5
167,strain,Nurse_33,2,15.0
167,strain,Nurse_34,2,13.0
167,strain,Nurse_35,0,8.0
167,strain,Nurse_36,3,13.5
167,strain,Nurse_37,2,13.0
167,strain,Nurse_38,1,14.0
167,strain,Nurse_39,2,11.5
167,strain,Nurse_40,0,9.5
167,strain,Nurse_41,0,12.5
167,strain,Nurse_42,1,12.0
167,strain,Nurse_43,0,7.0
167,strain,Nurse_44,0,6.0
167,strain,Nurse_45,3,18.0
167,strain,Nurse_46,2,16.0
167,strain,Nurse_47,1,9.5
167,strain,Nurse_48,3,15.5
167,strain,Nurse_49,1,9.5
167,strain,Nurse_50,2,8.0
167,strain,Nurse_51,1,12.0
167,strain,Nurse_52,1,14.0
167,strain,Nurse_53,0,7.0
167,strain,Nurse_54,2,16.0
167,strain,Nurse_55,1,7.5
167,strain,Nurse_56,3,15.0
167,strain,Nurse_57,3,21.0
167,strain,Nurse_58,1,9.0
167,strain,Nurse_59,0,13.0
167,strain,Nurse_60,4,13.5
167,strain,Nurse_61,4,21.0
167,strain,Nurse_62,2,15.0
167,strain,Nurse_63,3,19.5
167,strain,Nurse_64,3,16.5
167,strain,Nurse_65,1,15.0
167,strain,Nurse_66,0,6.0
167,strain,Nurse_67,2,11.5
167,strain,Nurse_68,1,12.5
167,strain,Nurse_69,3,13.0
167,strain,Nurse_70,2,17.5
168,baseline,Nurse_01,2,7.0
168,baseline,Nurse_02,5,23.5
168,baseline,Nurse_03,1,7.0
168,baseline,Nurse_04,2,15.5
168,baseline,Nurse_05,2,19.5
168,baseline,Nurse_06,2,14.5
168,baseline,Nurse_07,3,16.5
168,baseline,Nurse_08,3,15.0
168,baseline,Nurse_09,2,11.5
168,baseline,Nurse_10,2,17.5
168,baseline,Nurse_11,2,11.0
168,baseline,Nurse_12,3,9.0
168,baseline,Nurse_13,1,6.0
168,baseline,Nurse_14,4,17.5
168,baseline,Nurse_15,5,20.0
168,baseline,Nurse_16,3,10.5
168,baseline,Nurse_17,3,15.0
168,baseline,Nurse_18,3,17.0
168,baseline,Nurse_19,0,10.0
168,baseline,Nurse_20,0,13.5
168,baseline,Nurse_21,4,16.5
168,baseline,Nurse_22,1,6.0
168,baseline,Nurse_23,1,12.5
168,baseline,Nurse_24,5,23.0
168,baseline,Nurse_25,4,15.5
168,baseline,Nurse_26,2,7.5
168,baseline,Nurse_27,3,20.0
168,baseline,Nurse_28,1,14.5
168,baseline,Nurse_29,2,13.5
168,baseline,Nurse_30,1,13.5
168,baseline,Nurse_31,5,20.5
168,baseline,Nurse_32,2,15.0
168,baseline,Nurse_33,4,16.5
168,baseline,Nurse_34,1,13.5
168,baseline,Nurse_35,3,18.5
168,baseline,Nurse_36,2,13.0
168,baseline,Nurse_37,4,19.5
168,baseline,Nurse_38,1,11.5
168,baseline,Nurse_39,0,8.0
168,baseline,Nurse_40,0,10.0
168,baseline,Nurse_41,3,16.0
168,baseline,Nurse_42,1,11.0
168,baseline,Nurse_43,2,10.5
168,baseline,Nurse_44,3,13.5
168,baseline,Nurse_45,3,19.5
168,baseline,Nurse_46,3,9.0
168,baseline,Nurse_47,0,6.5
168,baseline,Nurse_48,1,6.0
168,baseline,Nurse_49,4,22.0
168,baseline,Nurse_50,6,22.0
168,baseline,Nurse_51,4,15.0
168,baseline,Nurse_52,3,18.0
168,baseline,Nurse_53,0,0.0
168,baseline,Nurse_54,4,19.0
168,baseline,Nurse_55,1,13.5
168,baseline,Nurse_56,3,15.0
168,baseline,Nurse_57,3,13.5
168,baseline,Nurse_58,3,20.5
168,baseline,Nurse_59,4,17.0
168,baseline,Nurse_60,0,5.0
168,baseline,Nurse_61,4,15.0
168,baseline,Nurse_62,0,6.5
168,baseline,Nurse_63,4,15.0
168,baseline,Nurse_64,3,18.5
168,baseline,Nurse_65,1,8.0
168,baseline,Nurse_66,4,16.0
168,baseline,Nurse_67,4,17.0
168,baseline,Nurse_68,4,17.0
168,baseline,Nurse_69,4,18.5
168,baseline,Nurse_70,1,14.0
168,strain,Nurse_01,2,9.5
168,strain,Nurse_02,4,19.5
168,strain,Nurse_03,1,7.0
168,strain,Nurse_04,1,13.5
168,strain,Nurse_05,2,20.0
168,strain,Nurse_06,1,8.5
168,strain,Nurse_07,1,10.5
168,strain,Nurse_08,2,13.5
168,strain,Nurse_09,2,10.5
168,strain,Nurse_10,1,17.5
168,strain,Nurse_11,2,15.0
168,strain,Nurse_12,2,7.5
168,strain,Nurse_13,0,4.5
168,strain,Nurse_14,1,9.0
168,strain,Nurse_15,2,12.5
168,strain,Nurse_16,2,7.5
168,strain,Nurse_17,1,12.5
168,strain,Nurse_18,3,17.0
168,strain,Nurse_19,0,12.0
168,strain,Nurse_20,0,10.0
168,strain,Nurse_21,3,13.5
168,strain,Nurse_22,1,6.0
168,strain,Nurse_23,1,12.5
168,strain,Nurse_24,3,18.5
168,strain,Nurse_25,4,14.0
168,strain,Nurse_26,2,10.5
168,strain,Nurse_27,2,17.5
168,strain,Nurse_28,1,14.0
168,strain,Nurse_29,1,10.5
168,strain,Nurse_30,1,13.5
168,strain,Nurse_31,4,17.5
168,strain,Nurse_32,1,13.0
168,strain,Nurse_33,4,15.5
168,strain,Nurse_34,1,12.0
168,strain,Nurse_35,1,17.0
168,strain,Nurse_36,1,12.5
168,strain,Nurse_37,2,19.0
168,strain,Nurse_38,0,8.5
168,strain,Nurse_39,1,12.5
168,strain,Nurse_40,0,9.0
168,strain,Nurse_41,3,15.5
168,strain,Nurse_42,0,12.0
168,strain,Nurse_43,2,7.5
168,strain,Nurse_44,3,16.0
168,strain,Nurse_45,3,17.0
168,strain,Nurse_46,3,9.0
168,strain,Nurse_47,0,9.5
168,strain,Nurse_48,1,10.0
168,strain,Nurse_49,2,16.0
168,strain,Nurse_50,3,15.5
168,strain,Nurse_51,3,12.0
168,strain,Nurse_52,1,13.0
168,strain,Nurse_53,0,1.5
168,strain,Nurse_54,3,20.0
168,strain,Nurse_55,1,13.0
168,strain,Nurse_56,3,15.0
168,strain,Nurse_57,2,10.5
168,strain,Nurse_58,2,16.5
168,strain,Nurse_59,2,14.0
168,strain,Nurse_60,0,5.0
168,strain,Nurse_61,4,15.0
168,strain,Nurse_62,0,7.5
168,strain,Nurse_63,3,13.5
168,strain,Nurse_64,2,14.0
168,strain,Nurse_65,1,12.0
168,strain,Nurse_66,2,10.5
168,strain,Nurse_67,1,14.0
168,strain,Nurse_68,2,14.0
168,strain,Nurse_69,2,16.5
168,strain,Nurse_70,0,10.0
169,baseline,Nurse_01,3,19.0
169,baseline,Nurse_02,4,20.5
169,baseline,Nurse_03,5,21.5
169,baseline,Nurse_04,2,14.5
169,baseline,Nurse_05,6,24.0
169,baseline,Nurse_06,2,14.5
169,baseline,Nurse_07,0,7.0
169,baseline,Nurse_08,1,12.0
169,baseline,Nurse_09,0,8.5
169,baseline,Nurse_10,5,16.5
169,baseline,Nurse_11,0,10.0
169,baseline,Nurse_12,3,16.5
169,baseline,Nurse_13,1,6.0
169,baseline,Nurse_14,2,10.0
169,baseline,Nurse_15,1,9.0
169,baseline,Nurse_16,3,18.0
169,baseline,Nurse_17,2,6.0
169,baseline,Nurse_18,2,11.0
169,baseline,Nurse_19,2,12.0
169,baseline,Nurse_20,4,22.0
169,baseline,Nurse_21,3,13.0
169,baseline,Nurse_22,4,21.0
169,baseline,Nurse_23,3,20.0
169,baseline,Nurse_24,0,4.0
169,baseline,Nurse_25,4,18.5
169,baseline,Nurse_26,5,23.5
169,baseline,Nurse_27,2,17.0
169,baseline,Nurse_28,6,26.5
169,baseline,Nurse_29,5,22.0
169,baseline,Nurse_30,3,16.0
169,baseline,Nurse_31,2,10.5
169,baseline,Nurse_32,0,4.0
169,baseline,Nurse_33,5,23.0
169,baseline,Nurse_34,3,17.5
169,baseline,Nurse_35,2,13.0
169,baseline,Nurse_36,5,21.0
169,baseline,Nurse_37,2,11.5
169,baseline,Nurse_38,3,15.0
169,baseline,Nurse_39,0,5.0
169,baseline,Nurse_40,3,15.5
169,baseline,Nurse_41,3,9.0
169,baseline,Nurse_42,6,28.5
169,baseline,Nurse_43,1,10.0
169,baseline,Nurse_44,1,4.5
169,baseline,Nurse_45,5,17.0
169,baseline,Nurse_46,1,6.5
169,baseline,Nurse_47,1,15.0
169,baseline,Nurse_48,4,17.5
169,baseline,Nurse_49,0,10.0
169,baseline,Nurse_50,2,6.0
169,baseline,Nurse_51,3,16.0
169,baseline,Nurse_52,3,15.0
169,baseline,Nurse_53,2,16.0
169,baseline,Nurse_54,3,16.5
169,baseline,Nurse_55,2,12.5
169,baseline,Nurse_56,0,0.0
169,baseline,Nurse_57,0,4.0
169,baseline,Nurse_58,1,12.0
169,baseline,Nurse_59,2,13.0
169,baseline,Nurse_60,1,9.0
169,baseline,Nurse_61,4,18.0
169,baseline,Nurse_62,2,13.0
169,baseline,Nurse_63,5,22.0
169,baseline,Nurse_64,3,10.5
169,baseline,Nurse_65,3,9.0
169,baseline,Nurse_66,2,13.0
169,baseline,Nurse_67,3,17.0
169,baseline,Nurse_68,5,22.5
169,baseline,Nurse_69,0,13.5
169,baseline,Nurse_70,3,10.5
169,strain,Nurse_01,1,13.0
169,strain,Nurse_02,3,17.5
169,strain,Nurse_03,3,14.5
169,strain,Nurse_04,1,14.0
169,strain,Nurse_05,5,23.5
169,strain,Nurse_06,2,13.0
169,strain,Nurse_07,0,8.5
169,strain,Nurse_08,0,8.0
169,strain,Nurse_09,0,9.5
169,strain,Nurse_10,4,13.5
169,strain,Nurse_11,0,9.0
169,strain,Nurse_12,1,11.0
169,strain,Nurse_13,1,9.0
169,strain,Nurse_14,1,7.5
169,strain,Nurse_15,0,7.5
169,strain,Nurse_16,1,11.5
169,strain,Nurse_17,2,7.5
169,strain,Nurse_18,2,11.0
169,strain,Nurse_19,2,9.0
169,strain,Nurse_20,2,13.5
169,strain,Nurse_21,3,13.0
169,strain,Nurse_22,3,20.5
169,strain,Nurse_23,2,14.5
169,strain,Nurse_24,0,6.5
169,strain,Nurse_25,3,15.5
169,strain,Nurse_26,1,12.5
169,strain,Nurse_27,1,10.0
169,strain,Nurse_28,2,16.5
169,strain,Nurse_29,2,16.5
169,strain,Nurse_30,2,16.0
169,strain,Nurse_31,1,9.0
169,strain,Nurse_32,0,8.5
169,strain,Nurse_33,1,17.5
169,strain,Nurse_34,1,9.5
169,strain,Nurse_35,2,16.0
169,strain,Nurse_36,4,20.0
169,strain,Nurse_37,2,11.5
169,strain,Nurse_38,2,9.0
169,strain,Nurse_39,0,11.5
169,strain,Nurse_40,2,12.0
169,strain,Nurse_41,2,9.0
169,strain,Nurse_42,5,24.0
169,strain,Nurse_43,1,7.0
169,strain,Nurse_44,1,6.0
169,strain,Nurse_45,2,13.5
169,strain,Nurse_46,0,6.5
169,strain,Nurse_47,0,9.0
169,strain,Nurse_48,3,14.5
169,strain,Nurse_49,0,8.5
169,strain,Nurse_50,1,4.5
169,strain,Nurse_51,2,14.5
169,strain,Nurse_52,2,15.0
169,strain,Nurse_53,1,15.5
169,strain,Nurse_54,1,12.0
169,strain,Nurse_55,1,12.5
169,strain,Nurse_56,0,3.0
169,strain,Nurse_57,0,8.0
169,strain,Nurse_58,0,10.5
169,strain,Nurse_59,1,12.5
169,strain,Nurse_60,1,12.0
169,strain,Nurse_61,3,19.0
169,strain,Nurse_62,2,14.5
169,strain,Nurse_63,5,22.0
169,strain,Nurse_64,3,9.0
169,strain,Nurse_65,3,9.0
169,strain,Nurse_66,1,13.5
169,strain,Nurse_67,1,11.5
169,strain,Nurse_68,3,17.0
169,strain,Nurse_69,0,8.0
169,strain,Nurse_70,3,10.5
170,baseline,Nurse_01,2,11.0
170,baseline,Nurse_02,1,11.0
170,baseline,Nurse_03,1,8.5
170,baseline,Nurse_04,3,9.0
170,baseline,Nurse_05,4,22.0
170,baseline,Nurse_06,1,11.0
170,baseline,Nurse_07,5,21.0
170,baseline,Nurse_08,3,14.0
170,baseline,Nurse_09,1,13.0
170,baseline,Nurse_10,3,10.5
170,baseline,Nurse_11,0,5.0
170,baseline,Nurse_12,2,14.0
170,baseline,Nurse_13,3,20.0
170,baseline,Nurse_14,5,22.5
170,baseline,Nurse_15,4,19.0
170,baseline,Nurse_16,3,16.5
170,baseline,Nurse_17,1,7.0
170,baseline,Nurse_18,2,10.5
170,baseline,Nurse_19,4,20.5
170,baseline,Nurse_20,2,13.0
170,baseline,Nurse_21,0,0.0
170,baseline,Nurse_22,5,19.0
170,baseline,Nurse_23,4,16.0
170,baseline,Nurse_24,2,9.5
170,baseline,Nurse_25,0,3.5
170,baseline,Nurse_26,2,10.0
170,baseline,Nurse_27,2,16.0
170,baseline,Nurse_28,3,17.5
170,baseline,Nurse_29,1,10.0
170,baseline,Nurse_30,1,11.5
170,baseline,Nurse_31,4,19.5
170,baseline,Nurse_32,5,20.0
170,baseline,Nurse_33,2,14.5
170,baseline,Nurse_34,1,10.5
170,baseline,Nurse_35,3,17.0
170,baseline,Nurse_36,0,7.5
170,baseline,Nurse_37,4,19.5
170,baseline,Nurse_38,0,9.5
170,baseline,Nurse_39,5,25.5
170,baseline,Nurse_40,4,13.5
170,baseline,Nurse_41,3,21.5
170,baseline,Nurse_42,3,15.0
170,baseline,Nurse_43,4,17.5
170,baseline,Nurse_44,4,20.5
170,baseline,Nurse_45,5,20.0
170,baseline,Nurse_46,2,10.5
170,baseline,Nurse_47,1,14.0
170,baseline,Nurse_48,4,17.0
170,baseline,Nurse_49,0,8.0
170,baseline,Nurse_50,4,15.5
170,baseline,Nurse_51,2,11.0
170,baseline,Nurse_52,4,19.5
170,baseline,Nurse_53,1,11.0
170,baseline,Nurse_54,3,11.0
170,baseline,Nurse_55,3,14.5
170,baseline,Nurse_56,4,22.5
170,baseline,Nurse_57,2,15.0
170,baseline,Nurse_58,0,6.0
170,baseline,Nurse_59,1,9.0
170,baseline,Nurse_60,3,17.0
170,baseline,Nurse_61,2,17.0
170,baseline,Nurse_62,4,18.5
170,baseline,Nurse_63,3,17.5
170,baseline,Nurse_64,3,15.5
170,baseline,Nurse_65,3,10.5
170,baseline,Nurse_66,7,27.0
170,baseline,Nurse_67,1,7.0
170,baseline,Nurse_68,0,4.5
170,baseline,Nurse_69,2,15.5
170,baseline,Nurse_70,0,9.0
170,strain,Nurse_01,1,9.0
170,strain,Nurse_02,1,11.0
170,strain,Nurse_03,0,10.0
170,strain,Nurse_04,0,9.0
170,strain,Nurse_05,3,15.0
170,strain,Nurse_06,0,6.5
170,strain,Nurse_07,2,15.0
170,strain,Nurse_08,2,10.5
170,strain,Nurse_09,0,10.0
170,strain,Nurse_10,2,10.5
170,strain,Nurse_11,0,10.5
170,strain,Nurse_12,1,11.0
170,strain,Nurse_13,2,16.0
170,strain,Nurse_14,2,16.5
170,strain,Nurse_15,3,17.5
170,strain,Nurse_16,0,9.5
170,strain,Nurse_17,1,7.0
170,strain,Nurse_18,2,9.0
170,strain,Nurse_19,4,20.5
170,strain,Nurse_20,1,13.5
170,strain,Nurse_21,0,1.5
170,strain,Nurse_22,2,15.5
170,strain,Nurse_23,2,15.5
170,strain,Nurse_24,2,8.0
170,strain,Nurse_25,0,4.5
170,strain,Nurse_26,2,11.5
170,strain,Nurse_27,1,13.0
170,strain,Nurse_28,2,13.5
170,strain,Nurse_29,1,11.5
170,strain,Nurse_30,0,11.5
170,strain,Nurse_31,1,15.5
170,strain,Nurse_32,3,15.0
170,strain,Nurse_33,2,17.5
170,strain,Nurse_34,1,10.5
170,strain,Nurse_35,3,17.0
170,strain,Nurse_36,0,6.0
170,strain,Nurse_37,1,15.0
170,strain,Nurse_38,0,7.0
170,strain,Nurse_39,4,23.0
170,strain,Nurse_40,2,7.5
170,strain,Nurse_41,0,19.0
170,strain,Nurse_42,2,14.5
170,strain,Nurse_43,3,19.5
170,strain,Nurse_44,2,20.0
170,strain,Nurse_45,1,11.5
170,strain,Nurse_46,2,10.5
170,strain,Nurse_47,0,9.5
170,strain,Nurse_48,3,15.5
170,strain,Nurse_49,0,9.5
170,strain,Nurse_50,4,17.0
170,strain,Nurse_51,1,8.0
170,strain,Nurse_52,3,12.5
170,strain,Nurse_53,1,11.0
170,strain,Nurse_54,3,11.0
170,strain,Nurse_55,2,11.5
170,strain,Nurse_56,2,16.0
170,strain,Nurse_57,2,11.0
170,strain,Nurse_58,0,10.0
170,strain,Nurse_59,1,9.0
170,strain,Nurse_60,3,17.0
170,strain,Nurse_61,1,12.5
170,strain,Nurse_62,2,15.0
170,strain,Nurse_63,2,13.5
170,strain,Nurse_64,2,14.0
170,strain,Nurse_65,3,9.0
170,strain,Nurse_66,1,18.0
170,strain,Nurse_67,1,9.5
170,strain,Nurse_68,0,4.5
170,strain,Nurse_69,1,12.0
170,strain,Nurse_70,0,7.5
171,baseline,Nurse_01,4,19.5
171,baseline,Nurse_02,4,21.5
171,baseline,Nurse_03,4,20.0
171,baseline,Nurse_04,2,12.0
171,baseline,Nurse_05,3,18.0
171,baseline,Nurse_06,4,21.0
171,baseline,Nurse_07,3,15.0
171,baseline,Nurse_08,4,16.5
171,baseline,Nurse_09,2,18.0
171,baseline,Nurse_10,3,15.5
171,baseline,Nurse_11,5,23.0
171,baseline,Nurse_12,0,11.5
171,baseline,Nurse_13,3,11.0
171,baseline,Nurse_14,2,7.5
171,baseline,Nurse_15,2,7.5
171,baseline,Nurse_16,3,9.0
171,baseline,Nurse_17,3,18.5
171,baseline,Nurse_18,3,13.5
171,baseline,Nurse_19,3,16.5
171,baseline,Nurse_20,1,9.5
171,baseline,Nurse_21,1,16.5
171,baseline,Nurse_22,3,10.5
171,baseline,Nurse_23,5,22.5
171,baseline,Nurse_24,3,19.0
171,baseline,Nurse_25,1,9.0
171,baseline,Nurse_26,2,12.5
171,baseline,Nurse_27,4,21.5
171,baseline,Nurse_28,4,23.0
171,baseline,Nurse_29,4,13.5
171,baseline,Nurse_30,0,7.0
171,baseline,Nurse_31,1,11.0
171,baseline,Nurse_32,4,20.5
171,baseline,Nurse_33,2,10.0
171,baseline,Nurse_34,2,14.0
171,baseline,Nurse_35,6,26.0
171,baseline,Nurse_36,1,12.0
171,baseline,Nurse_37,1,9.0
171,baseline,Nurse_38,4,20.0
171,baseline,Nurse_39,1,4.5
171,baseline,Nurse_40,4,21.5
171,baseline,Nurse_41,1,6.0
171,baseline,Nurse_42,5,27.0
171,baseline,Nurse_43,1,9.5
171,baseline,Nurse_44,1,4.5
171,baseline,Nurse_45,4,21.5
171,baseline,Nurse_46,5,22.0
171,baseline,Nurse_47,2,17.0
171,baseline,Nurse_48,0,4.0
171,baseline,Nurse_49,3,14.5
171,baseline,Nurse_50,3,10.5
171,baseline,Nurse_51,4,18.0
171,baseline,Nurse_52,1,8.0
171,baseline,Nurse_53,4,16.0
171,baseline,Nurse_54,2,12.5
171,baseline,Nurse_55,1,11.5
171,baseline,Nurse_56,1,13.0
171,baseline,Nurse_57,2,10.0
171,baseline,Nurse_58,4,16.0
171,baseline,Nurse_59,5,24.0
171,baseline,Nurse_60,2,17.0
171,baseline,Nurse_61,3,14.0
171,baseline,Nurse_62,3,16.0
171,baseline,Nurse_63,1,13.0
171,baseline,Nurse_64,4,19.5
171,baseline,Nurse_65,3,14.5
171,baseline,Nurse_66,1,7.5
171,baseline,Nurse_67,3,12.0
171,baseline,Nurse_68,0,1.5
171,baseline,Nurse_69,3,14.0
171,baseline,Nurse_70,1,8.0
171,strain,Nurse_01,2,17.5
171,strain,Nurse_02,2,15.5
171,strain,Nurse_03,2,14.0
171,strain,Nurse_04,2,13.5
171,strain,Nurse_05,1,15.0
171,strain,Nurse_06,4,19.5
171,strain,Nurse_07,2,10.5
171,strain,Nurse_08,4,15.0
171,strain,Nurse_09,2,15.5
171,strain,Nurse_10,3,15.5
171,strain,Nurse_11,3,21.0
171,strain,Nurse_12,0,10.0
171,strain,Nurse_13,2,9.5
171,strain,Nurse_14,2,7.5
171,strain,Nurse_15,2,9.0
171,strain,Nurse_16,3,12.0
171,strain,Nurse_17,2,17.0
171,strain,Nurse_18,3,13.5
171,strain,Nurse_19,1,15.5
171,strain,Nurse_20,1,12.0
171,strain,Nurse_21,1,16.0
171,strain,Nurse_22,3,10.5
171,strain,Nurse_23,2,16.5
171,strain,Nurse_24,1,15.0
171,strain,Nurse_25,1,9.0
171,strain,Nurse_26,1,8.0
171,strain,Nurse_27,2,15.0
171,strain,Nurse_28,0,16.0
171,strain,Nurse_29,3,13.5
171,strain,Nurse_30,0,9.0
171,strain,Nurse_31,0,13.0
171,strain,Nurse_32,2,15.0
171,strain,Nurse_33,2,10.0
171,strain,Nurse_34,2,14.0
171,strain,Nurse_35,3,21.5
171,strain,Nurse_36,1,13.0
171,strain,Nurse_37,1,13.0
171,strain,Nurse_38,2,16.0
171,strain,Nurse_39,1,6.0
171,strain,Nurse_40,4,21.5
171,strain,Nurse_41,0,3.0
171,strain,Nurse_42,2,19.5
171,strain,Nurse_43,0,6.5
171,strain,Nurse_44,1,6.0
171,strain,Nurse_45,2,14.0
171,strain,Nurse_46,1,12.5
171,strain,Nurse_47,2,14.5
171,strain,Nurse_48,0,6.5
171,strain,Nurse_49,2,14.0
171,strain,Nurse_50,2,7.5
171,strain,Nurse_51,2,16.0
171,strain,Nurse_52,1,7.5
171,strain,Nurse_53,2,15.0
171,strain,Nurse_54,2,12.5
171,strain,Nurse_55,1,12.5
171,strain,Nurse_56,0,6.0
171,strain,Nurse_57,2,10.5
171,strain,Nurse_58,2,13.0
171,strain,Nurse_59,4,21.0
171,strain,Nurse_60,1,13.0
171,strain,Nurse_61,3,14.0
171,strain,Nurse_62,2,15.5
171,strain,Nurse_63,1,11.5
171,strain,Nurse_64,1,14.0
171,strain,Nurse_65,2,11.5
171,strain,Nurse_66,1,8.5
171,strain,Nurse_67,1,8.5
171,strain,Nurse_68,0,1.5
171,strain,Nurse_69,3,14.0
171,strain,Nurse_70,0,9.0
172,baseline,Nurse_01,4,17.5
172,baseline,Nurse_02,0,2.0
172,baseline,Nurse_03,4,19.0
172,baseline,Nurse_04,2,15.0
172,baseline,Nurse_05,1,6.0
172,baseline,Nurse_06,5,22.0
172,baseline,Nurse_07,4,21.0
172,baseline,Nurse_08,4,18.5
172,baseline,Nurse_09,4,18.0
172,baseline,Nurse_10,1,4.5
172,baseline,Nurse_11,5,21.0
172,baseline,Nurse_12,2,7.5
172,baseline,Nurse_13,2,12.0
172,baseline,Nurse_14,3,21.0
172,baseline,Nurse_15,2,6.0
172,baseline,Nurse_16,4,21.0
172,baseline,Nurse_17,2,6.0
172,baseline,Nurse_18,1,10.5
172,baseline,Nurse_19,4,17.0
172,baseline,Nurse_20,2,13.5
172,baseline,Nurse_21,0,7.5
172,baseline,Nurse_22,2,18.5
172,baseline,Nurse_23,5,20.5
172,baseline,Nurse_24,3,17.5
172,baseline,Nurse_25,3,9.0
172,baseline,Nurse_26,2,7.5
172,baseline,Nurse_27,4,14.0
172,baseline,Nurse_28,3,17.0
172,baseline,Nurse_29,5,22.0
172,baseline,Nurse_30,3,20.5
172,baseline,Nurse_31,2,14.5
172,baseline,Nurse_32,1,4.5
172,baseline,Nurse_33,5,20.0
172,baseline,Nurse_34,1,12.5
172,baseline,Nurse_35,2,13.5
172,baseline,Nurse_36,4,19.0
172,baseline,Nurse_37,0,8.5
172,baseline,Nurse_38,1,9.0
172,baseline,Nurse_39,3,17.0
172,baseline,Nurse_40,4,13.5
172,baseline,Nurse_41,4,16.5
172,baseline,Nurse_42,4,20.5
172,baseline,Nurse_43,2,14.5
172,baseline,Nurse_44,1,13.5
172,baseline,Nurse_45,5,26.5
172,baseline,Nurse_46,5,22.5
172,baseline,Nurse_47,2,21.0
172,baseline,Nurse_48,1,12.5
172,baseline,Nurse_49,1,10.0
172,baseline,Nurse_50,3,16.5
172,baseline,Nurse_51,3,16.5
172,baseline,Nurse_52,3,18.5
172,baseline,Nurse_53,4,19.5
172,baseline,Nurse_54,2,16.0
172,baseline,Nurse_55,1,14.0
172,baseline,Nurse_56,0,10.5
172,baseline,Nurse_57,0,4.5
172,baseline,Nurse_58,2,7.5
172,baseline,Nurse_59,3,17.0
172,baseline,Nurse_60,3,17.5
172,baseline,Nurse_61,1,12.5
172,baseline,Nurse_62,1,8.5
172,baseline,Nurse_63,2,10.5
172,baseline,Nurse_64,1,13.5
172,baseline,Nurse_65,3,18.5
172,baseline,Nurse_66,2,6.0
172,baseline,Nurse_67,4,21.5
172,baseline,Nurse_68,4,15.0
172,baseline,Nurse_69,2,8.0
172,baseline,Nurse_70,0,5.0
172,strain,Nurse_01,4,17.5
172,strain,Nurse_02,0,6.0
172,strain,Nurse_03,4,16.5
172,strain,Nurse_04,1,14.0
172,strain,Nurse_05,1,11.5
172,strain,Nurse_06,1,13.0
172,strain,Nurse_07,1,11.5
172,strain,Nurse_08,3,15.5
172,strain,Nurse_09,1,11.0
172,strain,Nurse_10,1,3.0
172,strain,Nurse_11,4,18.5
172,strain,Nurse_12,2,7.5
172,strain,Nurse_13,1,11.0
172,strain,Nurse_14,2,14.5
172,strain,Nurse_15,2,13.5
172,strain,Nurse_16,2,12.5
172,strain,Nurse_17,1,7.5
172,strain,Nurse_18,0,10.0
172,strain,Nurse_19,1,13.5
172,strain,Nurse_20,0,7.0
172,strain,Nurse_21,0,6.0
172,strain,Nurse_22,2,14.5
172,strain,Nurse_23,2,14.5
172,strain,Nurse_24,2,14.0
172,strain,Nurse_25,2,7.5
172,strain,Nurse_26,2,10.5
172,strain,Nurse_27,2,12.0
172,strain,Nurse_28,1,11.0
172,strain,Nurse_29,3,18.5
172,strain,Nurse_30,3,16.5
172,strain,Nurse_31,1,12.5
172,strain,Nurse_32,1,6.0
172,strain,Nurse_33,2,15.0
172,strain,Nurse_34,1,12.5
172,strain,Nurse_35,2,15.0
172,strain,Nurse_36,2,16.0
172,strain,Nurse_37,0,11.0
172,strain,Nurse_38,0,9.5
172,strain,Nurse_39,2,14.0
172,strain,Nurse_40,3,12.0
172,strain,Nurse_41,3,12.5
172,strain,Nurse_42,3,19.0
172,strain,Nurse_43,2,13.5
172,strain,Nurse_44,1,10.5
172,strain,Nurse_45,3,23.5
172,strain,Nurse_46,3,19.0
172,strain,Nurse_47,1,16.5
172,strain,Nurse_48,1,12.5
172,strain,Nurse_49,0,8.5
172,strain,Nurse_50,2,17.5
172,strain,Nurse_51,2,11.0
172,strain,Nurse_52,3,17.5
172,strain,Nurse_53,2,17.5
172,strain,Nurse_54,2,14.5
172,strain,Nurse_55,0,7.0
172,strain,Nurse_56,0,9.0
172,strain,Nurse_57,0,8.5
172,strain,Nurse_58,2,7.5
172,strain,Nurse_59,1,11.5
172,strain,Nurse_60,3,17.5
172,strain,Nurse_61,1,14.0
172,strain,Nurse_62,0,7.0
172,strain,Nurse_63,1,10.0
172,strain,Nurse_64,0,12.0
172,strain,Nurse_65,2,15.5
172,strain,Nurse_66,2,6.0
172,strain,Nurse_67,3,21.0
172,strain,Nurse_68,4,15.0
172,strain,Nurse_69,1,9.0
172,strain,Nurse_70,0,7.5
173,baseline,Nurse_01,5,22.5
173,baseline,Nurse_02,0,10.5
173,baseline,Nurse_03,2,14.5
173,baseline,Nurse_04,2,13.0
173,baseline,Nurse_05,5,17.0
173,baseline,Nurse_06,3,18.0
173,baseline,Nurse_07,4,20.5
173,baseline,Nurse_08,4,17.0
173,baseline,Nurse_09,0,4.5
173,baseline,Nurse_10,4,21.5
173,baseline,Nurse_11,2,17.5
173,baseline,Nurse_12,0,6.5
173,baseline,Nurse_13,0,4.5
173,baseline,Nurse_14,4,15.5
173,baseline,Nurse_15,2,13.5
173,baseline,Nurse_16,3,20.0
173,baseline,Nurse_17,1,15.0
173,baseline,Nurse_18,4,19.5
173,baseline,Nurse_19,4,16.5
173,baseline,Nurse_20,2,11.5
173,baseline,Nurse_21,5,15.0
173,baseline,Nurse_22,1,14.5
173,baseline,Nurse_23,2,6.0
173,baseline,Nurse_24,5,18.5
173,baseline,Nurse_25,1,4.5
173,baseline,Nurse_26,5,22.0
173,baseline,Nurse_27,5,26.0
173,baseline,Nurse_28,2,14.0
173,baseline,Nurse_29,3,15.5
173,baseline,Nurse_30,0,1.0
173,baseline,Nurse_31,2,14.5
173,baseline,Nurse_32,2,12.5
173,baseline,Nurse_33,4,13.5
173,baseline,Nurse_34,0,0.0
173,baseline,Nurse_35,3,17.5
173,baseline,Nurse_36,2,11.0
173,baseline,Nurse_37,4,22.5
173,baseline,Nurse_38,1,12.0
173,baseline,Nurse_39,4,20.5
173,baseline,Nurse_40,1,6.0
173,baseline,Nurse_41,3,18.0
173,baseline,Nurse_42,4,22.5
173,baseline,Nurse_43,0,6.0
173,baseline,Nurse_44,2,8.0
173,baseline,Nurse_45,4,17.0
173,baseline,Nurse_46,5,16.5
173,baseline,Nurse_47,3,14.5
173,baseline,Nurse_48,1,7.0
173,baseline,Nurse_49,5,15.0
173,baseline,Nurse_50,1,12.0
173,baseline,Nurse_51,4,17.0
173,baseline,Nurse_52,0,10.0
173,baseline,Nurse_53,5,23.0
173,baseline,Nurse_54,4,24.0
173,baseline,Nurse_55,4,18.0
173,baseline,Nurse_56,5,15.0
173,baseline,Nurse_57,0,5.0
173,baseline,Nurse_58,3,20.0
173,baseline,Nurse_59,4,17.5
173,baseline,Nurse_60,0,7.5
173,baseline,Nurse_61,1,10.0
173,baseline,Nurse_62,3,17.5
173,baseline,Nurse_63,1,14.5
173,baseline,Nurse_64,4,17.0
173,baseline,Nurse_65,3,11.5
173,baseline,Nurse_66,4,16.0
173,baseline,Nurse_67,3,20.5
173,baseline,Nurse_68,5,28.0
173,baseline,Nurse_69,4,18.0
173,baseline,Nurse_70,1,13.0
173,strain,Nurse_01,2,14.0
173,strain,Nurse_02,0,13.0
173,strain,Nurse_03,1,16.0
173,strain,Nurse_04,1,11.5
173,strain,Nurse_05,2,10.5
173,strain,Nurse_06,2,16.0
173,strain,Nurse_07,2,16.5
173,strain,Nurse_08,3,14.0
173,strain,Nurse_09,0,8.5
173,strain,Nurse_10,1,14.5
173,strain,Nurse_11,1,15.5
173,strain,Nurse_12,0,6.5
173,strain,Nurse_13,0,5.5
173,strain,Nurse_14,1,6.5
173,strain,Nurse_15,2,11.0
173,strain,Nurse_16,2,13.0
173,strain,Nurse_17,1,11.5
173,strain,Nurse_18,3,15.5
173,strain,Nurse_19,2,16.0
173,strain,Nurse_20,1,10.0
173,strain,Nurse_21,3,12.0
173,strain,Nurse_22,0,10.0
173,strain,Nurse_23,2,6.0
173,strain,Nurse_24,1,12.0
173,strain,Nurse_25,1,6.0
173,strain,Nurse_26,2,15.5
173,strain,Nurse_27,2,15.5
173,strain,Nurse_28,1,14.0
173,strain,Nurse_29,1,11.5
173,strain,Nurse_30,0,3.5
173,strain,Nurse_31,1,10.0
173,strain,Nurse_32,2,14.0
173,strain,Nurse_33,3,10.5
173,strain,Nurse_34,0,0.0
173,strain,Nurse_35,1,13.5
173,strain,Nurse_36,2,12.5
173,strain,Nurse_37,2,18.0
173,strain,Nurse_38,1,11.0
173,strain,Nurse_39,3,17.5
173,strain,Nurse_40,1,6.0
173,strain,Nurse_41,1,15.0
173,strain,Nurse_42,3,20.5
173,strain,Nurse_43,0,8.5
173,strain,Nurse_44,2,8.0
173,strain,Nurse_45,1,16.0
173,strain,Nurse_46,2,10.5
173,strain,Nurse_47,3,16.0
173,strain,Nurse_48,1,8.5
173,strain,Nurse_49,4,13.5
173,strain,Nurse_50,0,9.0
173,strain,Nurse_51,3,15.5
173,strain,Nurse_52,0,11.5
173,strain,Nurse_53,5,21.5
173,strain,Nurse_54,3,21.0
173,strain,Nurse_55,3,16.5
173,strain,Nurse_56,4,13.5
173,strain,Nurse_57,0,6.5
173,strain,Nurse_58,2,14.5
173,strain,Nurse_59,3,14.5
173,strain,Nurse_60,0,8.5
173,strain,Nurse_61,1,12.5
173,strain,Nurse_62,2,16.0
173,strain,Nurse_63,0,10.5
173,strain,Nurse_64,4,17.0
173,strain,Nurse_65,2,12.5
173,strain,Nurse_66,4,16.0
173,strain,Nurse_67,2,20.0
173,strain,Nurse_68,2,15.5
173,strain,Nurse_69,4,18.0
173,strain,Nurse_70,1,11.5
174,baseline,Nurse_01,1,3.0
174,baseline,Nurse_02,5,24.5
174,baseline,Nurse_03,3,18.0
174,baseline,Nurse_04,4,20.0
174,baseline,Nurse_05,4,19.5
174,baseline,Nurse_06,1,14.5
174,baseline,Nurse_07,1,5.0
174,baseline,Nurse_08,2,19.0
174,baseline,Nurse_09,3,19.5
174,baseline,Nurse_10,3,21.0
174,baseline,Nurse_11,5,22.5
174,baseline,Nurse_12,1,13.0
174,baseline,Nurse_13,5,27.0
174,baseline,Nurse_14,2,20.5
174,baseline,Nurse_15,1,11.5
174,baseline,Nurse_16,2,16.0
174,baseline,Nurse_17,4,20.5
174,baseline,Nurse_18,5,20.0
174,baseline,Nurse_19,5,20.5
174,baseline,Nurse_20,1,8.5
174,baseline,Nurse_21,3,10.5
174,baseline,Nurse_22,0,4.0
174,baseline,Nurse_23,1,9.5
174,baseline,Nurse_24,2,9.0
174,baseline,Nurse_25,4,13.5
174,baseline,Nurse_26,5,22.5
174,baseline,Nurse_27,3,9.0
174,baseline,Nurse_28,2,14.0
174,baseline,Nurse_29,3,14.5
174,baseline,Nurse_30,2,13.0
174,baseline,Nurse_31,1,7.0
174,baseline,Nurse_32,5,17.5
174,baseline,Nurse_33,2,11.0
174,baseline,Nurse_34,5,18.0
174,baseline,Nurse_35,3,17.0
174,baseline,Nurse_36,2,17.5
174,baseline,Nurse_37,4,18.0
174,baseline,Nurse_38,2,15.5
174,baseline,Nurse_39,1,10.0
174,baseline,Nurse_40,0,0.0
174,baseline,Nurse_41,0,7.0
174,baseline,Nurse_42,1,8.5
174,baseline,Nurse_43,5,25.5
174,baseline,Nurse_44,5,24.5
174,baseline,Nurse_45,3,17.0
174,baseline,Nurse_46,2,10.5
174,baseline,Nurse_47,4,13.5
174,baseline,Nurse_48,2,14.0
174,baseline,Nurse_49,0,5.0
174,baseline,Nurse_50,3,16.0
174,baseline,Nurse_51,2,12.5
174,baseline,Nurse_52,3,17.0
174,baseline,Nurse_53,4,15.0
174,baseline,Nurse_54,7,25.5
174,baseline,Nurse_55,3,17.0
174,baseline,Nurse_56,2,6.0
174,baseline,Nurse_57,0,3.5
174,baseline,Nurse_58,1,12.0
174,baseline,Nurse_59,1,9.5
174,baseline,Nurse_60,1,12.0
174,baseline,Nurse_61,4,20.5
174,baseline,Nurse_62,1,11.0
174,baseline,Nurse_63,3,15.5
174,baseline,Nurse_64,2,14.5
174,baseline,Nurse_65,0,6.0
174,baseline,Nurse_66,1,15.0
174,baseline,Nurse_67,2,12.0
174,baseline,Nurse_68,2,13.0
174,baseline,Nurse_69,3,14.5
174,baseline,Nurse_70,3,16.0
174,strain,Nurse_01,1,6.0
174,strain,Nurse_02,2,17.5
174,strain,Nurse_03,1,16.5
174,strain,Nurse_04,1,11.0
174,strain,Nurse_05,2,17.0
174,strain,Nurse_06,1,12.0
174,strain,Nurse_07,1,7.5
174,strain,Nurse_08,0,12.5
174,strain,Nurse_09,2,16.5
174,strain,Nurse_10,0,11.5
174,strain,Nurse_11,2,17.0
174,strain,Nurse_12,0,10.5
174,strain,Nurse_13,1,18.5
174,strain,Nurse_14,1,13.5
174,strain,Nurse_15,1,10.0
174,strain,Nurse_16,1,14.0
174,strain,Nurse_17,3,17.0
174,strain,Nurse_18,4,18.5
174,strain,Nurse_19,5,19.0
174,strain,Nurse_20,1,7.0
174,strain,Nurse_21,2,9.0
174,strain,Nurse_22,0,9.0
174,strain,Nurse_23,1,11.0
174,strain,Nurse_24,1,9.0
174,strain,Nurse_25,3,13.5
174,strain,Nurse_26,3,17.0
174,strain,Nurse_27,3,12.0
174,strain,Nurse_28,1,12.5
174,strain,Nurse_29,1,12.5
174,strain,Nurse_30,2,10.0
174,strain,Nurse_31,1,11.5
174,strain,Nurse_32,4,16.0
174,strain,Nurse_33,2,11.0
174,strain,Nurse_34,3,17.5
174,strain,Nurse_35,2,18.0
174,strain,Nurse_36,1,13.0
174,strain,Nurse_37,3,16.5
174,strain,Nurse_38,2,15.5
174,strain,Nurse_39,0,5.5
174,strain,Nurse_40,0,1.5
174,strain,Nurse_41,0,7.0
174,strain,Nurse_42,1,7.0
174,strain,Nurse_43,2,20.5
174,strain,Nurse_44,2,15.5
174,strain,Nurse_45,2,15.5
174,strain,Nurse_46,1,9.5
174,strain,Nurse_47,4,13.5
174,strain,Nurse_48,1,11.0
174,strain,Nurse_49,0,5.0
174,strain,Nurse_50,3,15.0
174,strain,Nurse_51,2,12.5
174,strain,Nurse_52,1,16.0
174,strain,Nurse_53,3,13.5
174,strain,Nurse_54,3,16.5
174,strain,Nurse_55,2,15.5
174,strain,Nurse_56,2,6.0
174,strain,Nurse_57,0,5.0
174,strain,Nurse_58,1,10.5
174,strain,Nurse_59,1,7.0
174,strain,Nurse_60,1,12.0
174,strain,Nurse_61,3,18.0
174,strain,Nurse_62,0,8.0
174,strain,Nurse_63,2,15.0
174,strain,Nurse_64,2,15.0
174,strain,Nurse_65,0,8.5
174,strain,Nurse_66,1,15.0
174,strain,Nurse_67,2,18.5
174,strain,Nurse_68,1,12.0
174,strain,Nurse_69,2,11.5
174,strain,Nurse_70,2,16.5
175,baseline,Nurse_01,4,18.5
175,baseline,Nurse_02,0,9.0
175,baseline,Nurse_03,5,22.0
175,baseline,Nurse_04,2,9.5
175,baseline,Nurse_05,3,21.0
175,baseline,Nurse_06,4,23.0
175,baseline,Nurse_07,3,18.5
175,baseline,Nurse_08,4,20.0
175,baseline,Nurse_09,4,19.0
175,baseline,Nurse_10,4,14.5
175,baseline,Nurse_11,4,15.0
175,baseline,Nurse_12,2,17.0
175,baseline,Nurse_13,0,4.5
175,baseline,Nurse_14,2,14.5
175,baseline,Nurse_15,1,9.0
175,baseline,Nurse_16,2,13.5
175,baseline,Nurse_17,4,19.0
175,baseline,Nurse_18,1,8.0
175,baseline,Nurse_19,1,7.5
175,baseline,Nurse_20,0,7.5
175,baseline,Nurse_21,3,10.5
175,baseline,Nurse_22,6,23.0
175,baseline,Nurse_23,3,14.5
175,baseline,Nurse_24,3,13.5
175,baseline,Nurse_25,1,14.0
175,baseline,Nurse_26,2,11.0
175,baseline,Nurse_27,3,17.5
175,baseline,Nurse_28,5,19.0
175,baseline,Nurse_29,0,4.0
175,baseline,Nurse_30,3,14.5
175,baseline,Nurse_31,1,3.0
175,baseline,Nurse_32,1,12.0
175,baseline,Nurse_33,3,19.5
175,baseline,Nurse_34,3,11.5
175,baseline,Nurse_35,3,11.0
175,baseline,Nurse_36,2,6.0
175,baseline,Nurse_37,3,17.5
175,baseline,Nurse_38,1,3.0
175,baseline,Nurse_39,0,9.5
175,baseline,Nurse_40,0,7.0
175,baseline,Nurse_41,0,5.0
175,baseline,Nurse_42,1,8.0
175,baseline,Nurse_43,3,19.5
175,baseline,Nurse_44,2,15.0
175,baseline,Nurse_45,4,24.0
175,baseline,Nurse_46,2,10.0
175,baseline,Nurse_47,0,4.0
175,baseline,Nurse_48,1,11.5
175,baseline,Nurse_49,0,5.5
175,baseline,Nurse_50,0,7.5
175,baseline,Nurse_51,0,5.0
175,baseline,Nurse_52,5,22.5
175,baseline,Nurse_53,3,18.5
175,baseline,Nurse_54,0,7.5
175,baseline,Nurse_55,4,19.0
175,baseline,Nurse_56,3,17.5
175,baseline,Nurse_57,5,24.5
175,baseline,Nurse_58,3,9.0
175,baseline,Nurse_59,2,11.0
175,baseline,Nurse_60,5,15.0
175,baseline,Nurse_61,4,17.5
175,baseline,Nurse_62,4,19.5
175,baseline,Nurse_63,1,14.0
175,baseline,Nurse_64,0,6.0
175,baseline,Nurse_65,4,22.0
175,baseline,Nurse_66,3,11.0
175,baseline,Nurse_67,1,10.0
175,baseline,Nurse_68,4,24.5
175,baseline,Nurse_69,4,23.0
175,baseline,Nurse_70,4,13.5
175,strain,Nurse_01,3,17.5
175,strain,Nurse_02,0,11.5
175,strain,Nurse_03,3,16.0
175,strain,Nurse_04,2,8.0
175,strain,Nurse_05,2,19.5
175,strain,Nurse_06,0,10.5
175,strain,Nurse_07,2,18.5
175,strain,Nurse_08,1,13.0
175,strain,Nurse_09,3,19.0
175,strain,Nurse_10,1,8.5
175,strain,Nurse_11,3,10.5
175,strain,Nurse_12,2,13.0
175,strain,Nurse_13,0,7.0
175,strain,Nurse_14,1,11.5
175,strain,Nurse_15,1,13.5
175,strain,Nurse_16,1,12.0
175,strain,Nurse_17,4,18.0
175,strain,Nurse_18,0,6.0
175,strain,Nurse_19,1,6.0
175,strain,Nurse_20,0,10.5
175,strain,Nurse_21,3,12.0
175,strain,Nurse_22,3,16.0
175,strain,Nurse_23,2,13.0
175,strain,Nurse_24,1,12.0
175,strain,Nurse_25,0,10.5
175,strain,Nurse_26,1,10.5
175,strain,Nurse_27,1,15.5
175,strain,Nurse_28,4,17.5
175,strain,Nurse_29,0,6.5
175,strain,Nurse_30,3,14.5
175,strain,Nurse_31,0,4.5
175,strain,Nurse_32,0,6.5
175,strain,Nurse_33,2,14.0
175,strain,Nurse_34,2,8.5
175,strain,Nurse_35,4,14.0
175,strain,Nurse_36,1,10.5
175,strain,Nurse_37,1,15.5
175,strain,Nurse_38,1,6.0
175,strain,Nurse_39,0,8.5
175,strain,Nurse_40,0,7.5
175,strain,Nurse_41,0,6.0
175,strain,Nurse_42,1,8.5
175,strain,Nurse_43,2,12.5
175,strain,Nurse_44,2,15.0
175,strain,Nurse_45,3,18.5
175,strain,Nurse_46,2,10.0
175,strain,Nurse_47,0,7.0
175,strain,Nurse_48,0,7.0
175,strain,Nurse_49,0,9.0
175,strain,Nurse_50,0,9.0
175,strain,Nurse_51,0,5.0
175,strain,Nurse_52,3,19.0
175,strain,Nurse_53,2,14.5
175,strain,Nurse_54,0,7.5
175,strain,Nurse_55,3,14.0
175,strain,Nurse_56,1,12.0
175,strain,Nurse_57,2,16.0
175,strain,Nurse_58,3,9.0
175,strain,Nurse_59,1,9.5
175,strain,Nurse_60,2,10.5
175,strain,Nurse_61,2,11.5
175,strain,Nurse_62,3,16.0
175,strain,Nurse_63,1,12.5
175,strain,Nurse_64,0,7.5
175,strain,Nurse_65,1,14.0
175,strain,Nurse_66,3,11.0
175,strain,Nurse_67,1,12.5
175,strain,Nurse_68,2,18.5
175,strain,Nurse_69,2,18.0
175,strain,Nurse_70,4,12.0
176,baseline,Nurse_01,3,17.5
176,baseline,Nurse_02,0,0.0
176,baseline,Nurse_03,0,8.0
176,baseline,Nurse_04,1,11.5
176,baseline,Nurse_05,3,9.0
176,baseline,Nurse_06,2,10.0
176,baseline,Nurse_07,0,7.5
176,baseline,Nurse_08,3,13.5
176,baseline,Nurse_09,0,10.0
176,baseline,Nurse_10,2,6.0
176,baseline,Nurse_11,3,10.5
176,baseline,Nurse_12,3,23.5
176,baseline,Nurse_13,6,24.0
176,baseline,Nurse_14,6,26.0
176,baseline,Nurse_15,3,16.5
176,baseline,Nurse_16,2,16.0
176,baseline,Nurse_17,2,11.5
176,baseline,Nurse_18,1,10.5
176,baseline,Nurse_19,2,13.5
176,baseline,Nurse_20,3,16.0
176,baseline,Nurse_21,2,10.5
176,baseline,Nurse_22,1,7.5
176,baseline,Nurse_23,2,11.0
176,baseline,Nurse_24,1,8.0
176,baseline,Nurse_25,0,3.0
176,baseline,Nurse_26,1,10.5
176,baseline,Nurse_27,2,13.5
176,baseline,Nurse_28,0,3.5
176,baseline,Nurse_29,2,11.5
176,baseline,Nurse_30,1,9.5
176,baseline,Nurse_31,2,12.5
176,baseline,Nurse_32,0,11.5
176,baseline,Nurse_33,5,22.0
176,baseline,Nurse_34,5,23.0
176,baseline,Nurse_35,5,25.5
176,baseline,Nurse_36,1,11.0
176,baseline,Nurse_37,2,12.5
176,baseline,Nurse_38,2,9.5
176,baseline,Nurse_39,4,22.0
176,baseline,Nurse_40,1,9.5
176,baseline,Nurse_41,0,7.0
176,baseline,Nurse_42,0,2.0
176,baseline,Nurse_43,3,18.5
176,baseline,Nurse_44,1,8.5
176,baseline,Nurse_45,5,23.5
176,baseline,Nurse_46,6,21.5
176,baseline,Nurse_47,0,3.0
176,baseline,Nurse_48,5,21.5
176,baseline,Nurse_49,5,23.0
176,baseline,Nurse_50,3,14.0
176,baseline,Nurse_51,1,4.5
176,baseline,Nurse_52,3,21.5
176,baseline,Nurse_53,4,17.5
176,baseline,Nurse_54,7,31.0
176,baseline,Nurse_55,1,12.5
176,baseline,Nurse_56,3,17.5
176,baseline,Nurse_57,7,29.5
176,baseline,Nurse_58,4,13.5
176,baseline,Nurse_59,4,25.0
176,baseline,Nurse_60,2,16.5
176,baseline,Nurse_61,1,10.5
176,baseline,Nurse_62,4,17.0
176,baseline,Nurse_63,2,13.5
176,baseline,Nurse_64,4,23.5
176,baseline,Nurse_65,2,7.5
176,baseline,Nurse_66,3,11.0
176,baseline,Nurse_67,1,18.5
176,baseline,Nurse_68,5,19.0
176,baseline,Nurse_69,6,18.0
176,baseline,Nurse_70,4,24.0
176,strain,Nurse_01,1,11.0
176,strain,Nurse_02,0,1.5
176,strain,Nurse_03,0,6.5
176,strain,Nurse_04,0,10.5
176,strain,Nurse_05,3,9.0
176,strain,Nurse_06,1,8.5
176,strain,Nurse_07,0,7.5
176,strain,Nurse_08,3,12.0
176,strain,Nurse_09,0,6.0
176,strain,Nurse_10,1,6.0
176,strain,Nurse_11,2,9.0
176,strain,Nurse_12,1,13.5
176,strain,Nurse_13,5,22.5
176,strain,Nurse_14,2,17.0
176,strain,Nurse_15,3,15.0
176,strain,Nurse_16,1,15.5
176,strain,Nurse_17,2,14.5
176,strain,Nurse_18,0,8.5
176,strain,Nurse_19,2,11.5
176,strain,Nurse_20,1,17.5
176,strain,Nurse_21,1,7.5
176,strain,Nurse_22,0,4.5
176,strain,Nurse_23,1,12.0
176,strain,Nurse_24,0,7.5
176,strain,Nurse_25,0,9.5
176,strain,Nurse_26,0,7.5
176,strain,Nurse_27,1,13.5
176,strain,Nurse_28,0,5.5
176,strain,Nurse_29,1,11.0
176,strain,Nurse_30,0,8.0
176,strain,Nurse_31,1,11.0
176,strain,Nurse_32,0,12.5
176,strain,Nurse_33,1,17.5
176,strain,Nurse_34,4,21.5
176,strain,Nurse_35,2,17.0
176,strain,Nurse_36,1,7.5
176,strain,Nurse_37,1,7.5
176,strain,Nurse_38,1,11.0
176,strain,Nurse_39,3,17.5
176,strain,Nurse_40,1,9.5
176,strain,Nurse_41,0,8.0
176,strain,Nurse_42,0,3.5
176,strain,Nurse_43,2,19.0
176,strain,Nurse_44,1,7.5
176,strain,Nurse_45,2,16.0
176,strain,Nurse_46,4,17.0
176,strain,Nurse_47,0,6.0
176,strain,Nurse_48,3,19.0
176,strain,Nurse_49,4,19.0
176,strain,Nurse_50,2,12.5
176,strain,Nurse_51,2,10.5
176,strain,Nurse_52,2,19.0
176,strain,Nurse_53,2,11.5
176,strain,Nurse_54,0,17.0
176,strain,Nurse_55,0,9.0
176,strain,Nurse_56,2,16.0
176,strain,Nurse_57,4,23.5
176,strain,Nurse_58,3,12.0
176,strain,Nurse_59,1,16.5
176,strain,Nurse_60,2,17.0
176,strain,Nurse_61,1,13.0
176,strain,Nurse_62,3,17.0
176,strain,Nurse_63,1,10.5
176,strain,Nurse_64,2,16.5
176,strain,Nurse_65,2,7.5
176,strain,Nurse_66,3,14.0
176,strain,Nurse_67,0,13.5
176,strain,Nurse_68,1,14.5
176,strain,Nurse_69,5,16.5
176,strain,Nurse_70,2,20.0
177,baseline,Nurse_01,4,12.0
177,baseline,Nurse_02,1,8.5
177,baseline,Nurse_03,1,10.0
177,baseline,Nurse_04,4,20.5
177,baseline,Nurse_05,3,17.0
177,baseline,Nurse_06,5,23.5
177,baseline,Nurse_07,3,17.5
177,baseline,Nurse_08,0,5.5
177,baseline,Nurse_09,2,8.0
177,baseline,Nurse_10,0,11.5
177,baseline,Nurse_11,5,22.0
177,baseline,Nurse_12,4,19.5
177,baseline,Nurse_13,3,12.0
177,baseline,Nurse_14,2,14.0
177,baseline,Nurse_15,0,9.5
177,baseline,Nurse_16,4,17.0
177,baseline,Nurse_17,4,23.5
177,baseline,Nurse_18,4,17.5
177,baseline,Nurse_19,0,3.0
177,baseline,Nurse_20,2,13.0
177,baseline,Nurse_21,5,25.5
177,baseline,Nurse_22,0,5.0
177,baseline,Nurse_23,4,18.5
177,baseline,Nurse_24,1,8.0
177,baseline,Nurse_25,4,18.5
177,baseline,Nurse_26,1,8.0
177,baseline,Nurse_27,5,20.5
177,baseline,Nurse_28,0,5.5
177,baseline,Nurse_29,4,18.5
177,baseline,Nurse_30,4,18.5
177,baseline,Nurse_31,1,8.0
177,baseline,Nurse_32,4,20.5
177,baseline,Nurse_33,1,14.0
177,baseline,Nurse_34,2,15.5
177,baseline,Nurse_35,5,23.0
177,baseline,Nurse_36,2,13.5
177,baseline,Nurse_37,4,21.5
177,baseline,Nurse_38,0,15.5
177,baseline,Nurse_39,2,11.0
177,baseline,Nurse_40,6,31.0
177,baseline,Nurse_41,4,19.0
177,baseline,Nurse_42,3,18.5
177,baseline,Nurse_43,2,6.0
177,baseline,Nurse_44,1,11.5
177,baseline,Nurse_45,3,20.5
177,baseline,Nurse_46,4,22.0
177,baseline,Nurse_47,2,6.0
177,baseline,Nurse_48,3,18.5
177,baseline,Nurse_49,2,9.0
177,baseline,Nurse_50,0,5.5
177,baseline,Nurse_51,4,14.0
177,baseline,Nurse_52,3,9.0
177,baseline,Nurse_53,0,6.0
177,baseline,Nurse_54,4,14.0
177,baseline,Nurse_55,3,11.0
177,baseline,Nurse_56,4,16.0
177,baseline,Nurse_57,0,4.5
177,baseline,Nurse_58,4,19.0
177,baseline,Nurse_59,5,19.5
177,baseline,Nurse_60,1,8.5
177,baseline,Nurse_61,2,10.0
177,baseline,Nurse_62,1,12.0
177,baseline,Nurse_63,1,6.0
177,baseline,Nurse_64,4,22.5
177,baseline,Nurse_65,1,15.0
177,baseline,Nurse_66,3,19.5
177,baseline,Nurse_67,2,14.0
177,baseline,Nurse_68,3,9.0
177,baseline,Nurse_69,0,5.5
177,baseline,Nurse_70,2,11.0
177,strain,Nurse_01,2,12.0
177,strain,Nurse_02,1,7.0
177,strain,Nurse_03,1,13.5
177,strain,Nurse_04,1,11.5
177,strain,Nurse_05,2,15.5
177,strain,Nurse_06,2,16.0
177,strain,Nurse_07,2,18.5
177,strain,Nurse_08,0,8.0
177,strain,Nurse_09,1,8.0
177,strain,Nurse_10,0,11.5
177,strain,Nurse_11,2,16.5
177,strain,Nurse_12,1,13.5
177,strain,Nurse_13,2,10.5
177,strain,Nurse_14,2,11.0
177,strain,Nurse_15,0,11.5
177,strain,Nurse_16,2,15.0
177,strain,Nurse_17,2,16.0
177,strain,Nurse_18,3,14.5
177,strain,Nurse_19,0,8.0
177,strain,Nurse_20,2,10.0
177,strain,Nurse_21,2,18.0
177,strain,Nurse_22,0,9.0
177,strain,Nurse_23,2,13.0
177,strain,Nurse_24,0,6.5
177,strain,Nurse_25,3,18.5
177,strain,Nurse_26,1,14.0
177,strain,Nurse_27,2,15.5
177,strain,Nurse_28,0,5.5
177,strain,Nurse_29,4,15.5
177,strain,Nurse_30,3,18.0
177,strain,Nurse_31,1,10.5
177,strain,Nurse_32,3,17.0
177,strain,Nurse_33,0,13.0
177,strain,Nurse_34,1,14.5
177,strain,Nurse_35,3,16.5
177,strain,Nurse_36,2,12.0
177,strain,Nurse_37,2,18.5
177,strain,Nurse_38,0,14.5
177,strain,Nurse_39,2,11.0
177,strain,Nurse_40,2,22.5
177,strain,Nurse_41,3,17.0
177,strain,Nurse_42,2,14.5
177,strain,Nurse_43,2,7.5
177,strain,Nurse_44,1,10.0
177,strain,Nurse_45,2,17.5
177,strain,Nurse_46,2,17.5
177,strain,Nurse_47,2,7.5
177,strain,Nurse_48,2,15.5
177,strain,Nurse_49,1,6.0
177,strain,Nurse_50,0,7.0
177,strain,Nurse_51,2,11.0
177,strain,Nurse_52,2,6.0
177,strain,Nurse_53,0,10.0
177,strain,Nurse_54,3,12.5
177,strain,Nurse_55,3,11.0
177,strain,Nurse_56,3,13.5
177,strain,Nurse_57,0,4.5
177,strain,Nurse_58,3,12.5
177,strain,Nurse_59,3,15.0
177,strain,Nurse_60,1,7.0
177,strain,Nurse_61,2,12.0
177,strain,Nurse_62,0,10.5
177,strain,Nurse_63,1,6.0
177,strain,Nurse_64,3,19.5
177,strain,Nurse_65,1,14.5
177,strain,Nurse_66,2,19.5
177,strain,Nurse_67,1,11.5
177,strain,Nurse_68,2,10.5
177,strain,Nurse_69,0,5.5
177,strain,Nurse_70,2,9.5
178,baseline,Nurse_01,1,6.0
178,baseline,Nurse_02,6,26.0
178,baseline,Nurse_03,3,20.0
178,baseline,Nurse_04,1,6.0
178,baseline,Nurse_05,2,10.0
178,baseline,Nurse_06,4,20.5
178,baseline,Nurse_07,1,8.0
178,baseline,Nurse_08,2,20.0
178,baseline,Nurse_09,6,28.0
178,baseline,Nurse_10,1,10.5
178,baseline,Nurse_11,3,17.5
178,baseline,Nurse_12,0,8.0
178,baseline,Nurse_13,2,12.0
178,baseline,Nurse_14,1,12.0
178,baseline,Nurse_15,4,18.5
178,baseline,Nurse_16,4,15.0
178,baseline,Nurse_17,3,18.5
178,baseline,Nurse_18,3,19.0
178,baseline,Nurse_19,4,20.0
178,baseline,Nurse_20,0,0.0
178,baseline,Nurse_21,1,11.0
178,baseline,Nurse_22,0,1.0
178,baseline,Nurse_23,1,3.0
178,baseline,Nurse_24,4,19.0
178,baseline,Nurse_25,3,12.0
178,baseline,Nurse_26,2,14.5
178,baseline,Nurse_27,2,10.5
178,baseline,Nurse_28,4,12.0
178,baseline,Nurse_29,2,14.0
178,baseline,Nurse_30,2,11.5
178,baseline,Nurse_31,6,26.5
178,baseline,Nurse_32,0,7.0
178,baseline,Nurse_33,2,10.5
178,baseline,Nurse_34,1,12.5
178,baseline,Nurse_35,1,14.0
178,baseline,Nurse_36,5,25.5
178,baseline,Nurse_37,3,10.5
178,baseline,Nurse_38,0,13.0
178,baseline,Nurse_39,3,14.0
178,baseline,Nurse_40,2,7.5
178,baseline,Nurse_41,1,12.5
178,baseline,Nurse_42,4,17.0
178,baseline,Nurse_43,0,7.0
178,baseline,Nurse_44,4,18.0
178,baseline,Nurse_45,2,13.5
178,baseline,Nurse_46,3,15.0
178,baseline,Nurse_47,2,18.0
178,baseline,Nurse_48,3,20.0
178,baseline,Nurse_49,3,10.5
178,baseline,Nurse_50,4,16.5
178,baseline,Nurse_51,4,15.5
178,baseline,Nurse_52,4,17.0
178,baseline,Nurse_53,5,19.0
178,baseline,Nurse_54,2,10.5
178,baseline,Nurse_55,1,4.5
178,baseline,Nurse_56,5,18.0
178,baseline,Nurse_57,3,16.5
178,baseline,Nurse_58,0,13.5
178,baseline,Nurse_59,2,13.0
178,baseline,Nurse_60,7,27.0
178,baseline,Nurse_61,3,17.0
178,baseline,Nurse_62,3,16.0
178,baseline,Nurse_63,6,26.0
178,baseline,Nurse_64,1,11.5
178,baseline,Nurse_65,0,0.0
178,baseline,Nurse_66,1,9.0
178,baseline,Nurse_67,6,22.0
178,baseline,Nurse_68,1,10.0
178,baseline,Nurse_69,2,12.5
178,baseline,Nurse_70,0,3.0
178,strain,Nurse_01,1,7.5
178,strain,Nurse_02,3,21.5
178,strain,Nurse_03,1,13.0
178,strain,Nurse_04,1,8.5
178,strain,Nurse_05,2,11.5
178,strain,Nurse_06,2,12.5
178,strain,Nurse_07,1,9.5
178,strain,Nurse_08,2,18.0
178,strain,Nurse_09,3,21.5
178,strain,Nurse_10,1,11.5
178,strain,Nurse_11,3,16.0
178,strain,Nurse_12,0,9.5
178,strain,Nurse_13,2,13.5
178,strain,Nurse_14,1,12.0
178,strain,Nurse_15,3,15.5
178,strain,Nurse_16,2,14.0
178,strain,Nurse_17,1,12.5
178,strain,Nurse_18,3,16.0
178,strain,Nurse_19,2,14.5
178,strain,Nurse_20,0,1.5
178,strain,Nurse_21,0,7.5
178,strain,Nurse_22,0,1.0
178,strain,Nurse_23,1,6.0
178,strain,Nurse_24,2,13.0
178,strain,Nurse_25,2,14.5
178,strain,Nurse_26,1,7.5
178,strain,Nurse_27,2,9.0
178,strain,Nurse_28,3,13.5
178,strain,Nurse_29,1,11.5
178,strain,Nurse_30,1,8.5
178,strain,Nurse_31,1,16.5
178,strain,Nurse_32,0,8.5
178,strain,Nurse_33,1,10.5
178,strain,Nurse_34,1,11.0
178,strain,Nurse_35,1,16.5
178,strain,Nurse_36,3,19.5
178,strain,Nurse_37,3,12.0
178,strain,Nurse_38,0,10.0
178,strain,Nurse_39,2,11.0
178,strain,Nurse_40,2,7.5
178,strain,Nurse_41,1,13.5
178,strain,Nurse_42,3,14.5
178,strain,Nurse_43,0,6.0
178,strain,Nurse_44,2,10.0
178,strain,Nurse_45,0,12.0
178,strain,Nurse_46,2,15.5
178,strain,Nurse_47,1,13.5
178,strain,Nurse_48,1,15.5
178,strain,Nurse_49,1,6.0
178,strain,Nurse_50,3,15.0
178,strain,Nurse_51,3,15.0
178,strain,Nurse_52,1,11.0
178,strain,Nurse_53,2,12.0
178,strain,Nurse_54,1,9.0
178,strain,Nurse_55,1,7.5
178,strain,Nurse_56,4,15.0
178,strain,Nurse_57,3,15.0
178,strain,Nurse_58,0,14.5
178,strain,Nurse_59,2,13.0
178,strain,Nurse_60,3,13.5
178,strain,Nurse_61,1,8.5
178,strain,Nurse_62,2,15.5
178,strain,Nurse_63,3,21.5
178,strain,Nurse_64,0,10.0
178,strain,Nurse_65,1,7.5
178,strain,Nurse_66,1,8.5
178,strain,Nurse_67,3,13.0
178,strain,Nurse_68,1,11.5
178,strain,Nurse_69,1,9.5
178,strain,Nurse_70,0,6.0
179,baseline,Nurse_01,0,4.5
179,baseline,Nurse_02,1,8.0
179,baseline,Nurse_03,1,12.0
179,baseline,Nurse_04,6,27.0
179,baseline,Nurse_05,3,18.0
179,baseline,Nurse_06,0,1.5
179,baseline,Nurse_07,1,11.0
179,baseline,Nurse_08,1,13.5
179,baseline,Nurse_09,2,6.0
179,baseline,Nurse_10,2,13.5
179,baseline,Nurse_11,3,13.5
179,baseline,Nurse_12,3,14.0
179,baseline,Nurse_13,3,16.5
179,baseline,Nurse_14,3,17.5
179,baseline,Nurse_15,3,19.0
179,baseline,Nurse_16,2,13.5
179,baseline,Nurse_17,1,8.5
179,baseline,Nurse_18,4,23.5
179,baseline,Nurse_19,1,7.5
179,baseline,Nurse_20,4,20.5
179,baseline,Nurse_21,5,25.0
179,baseline,Nurse_22,0,6.0
179,baseline,Nurse_23,2,18.0
179,baseline,Nurse_24,1,9.0
179,baseline,Nurse_25,1,10.5
179,baseline,Nurse_26,5,21.0
179,baseline,Nurse_27,0,12.0
179,baseline,Nurse_28,4,13.5
179,baseline,Nurse_29,3,19.0
179,baseline,Nurse_30,4,20.5
179,baseline,Nurse_31,1,8.5
179,baseline,Nurse_32,4,19.5
179,baseline,Nurse_33,5,22.5
179,baseline,Nurse_34,3,13.0
179,baseline,Nurse_35,0,1.5
179,baseline,Nurse_36,5,15.0
179,baseline,Nurse_37,4,19.0
179,baseline,Nurse_38,2,12.0
179,baseline,Nurse_39,4,17.5
179,baseline,Nurse_40,1,6.0
179,baseline,Nurse_41,3,16.5
179,baseline,Nurse_42,0,6.0
179,baseline,Nurse_43,2,13.0
179,baseline,Nurse_44,4,16.0
179,baseline,Nurse_45,2,7.5
179,baseline,Nurse_46,1,12.5
179,baseline,Nurse_47,4,21.5
179,baseline,Nurse_48,2,14.0
179,baseline,Nurse_49,6,25.5
179,baseline,Nurse_50,4,18.5
179,baseline,Nurse_51,0,11.0
179,baseline,Nurse_52,2,14.5
179,baseline,Nurse_53,5,23.0
179,baseline,Nurse_54,2,10.5
179,baseline,Nurse_55,1,9.5
179,baseline,Nurse_56,2,11.5
179,baseline,Nurse_57,6,26.0
179,baseline,Nurse_58,2,13.5
179,baseline,Nurse_59,2,10.5
179,baseline,Nurse_60,5,21.5
179,baseline,Nurse_61,0,4.0
179,baseline,Nurse_62,4,21.0
179,baseline,Nurse_63,4,18.0
179,baseline,Nurse_64,1,3.0
179,baseline,Nurse_65,2,15.5
179,baseline,Nurse_66,4,22.0
179,baseline,Nurse_67,4,15.0
179,baseline,Nurse_68,3,16.0
179,baseline,Nurse_69,5,16.5
179,baseline,Nurse_70,3,13.0
179,strain,Nurse_01,0,4.5
179,strain,Nurse_02,1,12.0
179,strain,Nurse_03,1,15.0
179,strain,Nurse_04,3,21.5
179,strain,Nurse_05,3,17.5
179,strain,Nurse_06,0,3.0
179,strain,Nurse_07,1,15.0
179,strain,Nurse_08,1,13.5
179,strain,Nurse_09,3,12.0
179,strain,Nurse_10,2,13.5
179,strain,Nurse_11,2,11.5
179,strain,Nurse_12,2,13.5
179,strain,Nurse_13,2,15.0
179,strain,Nurse_14,2,14.5
179,strain,Nurse_15,1,13.5
179,strain,Nurse_16,0,9.0
179,strain,Nurse_17,1,7.0
179,strain,Nurse_18,2,16.5
179,strain,Nurse_19,1,7.5
179,strain,Nurse_20,2,16.0
179,strain,Nurse_21,3,24.0
179,strain,Nurse_22,0,6.0
179,strain,Nurse_23,1,9.0
179,strain,Nurse_24,1,9.0
179,strain,Nurse_25,1,13.0
179,strain,Nurse_26,2,16.5
179,strain,Nurse_27,0,8.5
179,strain,Nurse_28,3,10.5
179,strain,Nurse_29,2,11.0
179,strain,Nurse_30,2,19.0
179,strain,Nurse_31,0,8.5
179,strain,Nurse_32,2,16.5
179,strain,Nurse_33,2,13.0
179,strain,Nurse_34,3,14.5
179,strain,Nurse_35,0,7.5
179,strain,Nurse_36,4,13.5
179,strain,Nurse_37,2,16.0
179,strain,Nurse_38,1,10.5
179,strain,Nurse_39,1,13.0
179,strain,Nurse_40,1,8.5
179,strain,Nurse_41,3,15.0
179,strain,Nurse_42,0,7.5
179,strain,Nurse_43,1,11.5
179,strain,Nurse_44,2,13.5
179,strain,Nurse_45,2,10.5
179,strain,Nurse_46,0,16.0
179,strain,Nurse_47,1,14.5
179,strain,Nurse_48,1,12.5
179,strain,Nurse_49,1,15.5
179,strain,Nurse_50,3,14.5
179,strain,Nurse_51,0,11.0
179,strain,Nurse_52,1,11.5
179,strain,Nurse_53,3,16.5
179,strain,Nurse_54,1,4.5
179,strain,Nurse_55,0,3.0
179,strain,Nurse_56,1,7.5
179,strain,Nurse_57,4,23.5
179,strain,Nurse_58,0,11.0
179,strain,Nurse_59,1,9.0
179,strain,Nurse_60,3,14.5
179,strain,Nurse_61,0,9.0
179,strain,Nurse_62,3,16.5
179,strain,Nurse_63,3,15.5
179,strain,Nurse_64,0,1.5
179,strain,Nurse_65,1,7.0
179,strain,Nurse_66,1,12.0
179,strain,Nurse_67,3,9.0
179,strain,Nurse_68,3,16.0
179,strain,Nurse_69,3,12.0
179,strain,Nurse_70,3,14.5
180,baseline,Nurse_01,6,25.5
180,baseline,Nurse_02,1,6.0
180,baseline,Nurse_03,5,21.5
180,baseline,Nurse_04,3,16.0
180,baseline,Nurse_05,3,15.5
180,baseline,Nurse_06,0,3.0
180,baseline,Nurse_07,2,8.0
180,baseline,Nurse_08,0,11.0
180,baseline,Nurse_09,0,10.0
180,baseline,Nurse_10,5,23.0
180,baseline,Nurse_11,4,19.0
180,baseline,Nurse_12,4,17.5
180,baseline,Nurse_13,4,21.0
180,baseline,Nurse_14,2,16.0
180,baseline,Nurse_15,1,10.5
180,baseline,Nurse_16,5,20.0
180,baseline,Nurse_17,1,7.5
180,baseline,Nurse_18,3,14.5
180,baseline,Nurse_19,4,18.0
180,baseline,Nurse_20,4,18.5
180,baseline,Nurse_21,4,14.0
180,baseline,Nurse_22,4,20.0
180,baseline,Nurse_23,4,16.0
180,baseline,Nurse_24,2,12.5
180,baseline,Nurse_25,4,19.0
180,baseline,Nurse_26,2,19.5
180,baseline,Nurse_27,4,21.5
180,baseline,Nurse_28,2,11.5
180,baseline,Nurse_29,4,18.5
180,baseline,Nurse_30,1,6.0
180,baseline,Nurse_31,4,20.5
180,baseline,Nurse_32,1,5.5
180,baseline,Nurse_33,2,6.0
180,baseline,Nurse_34,3,12.0
180,baseline,Nurse_35,3,14.0
180,baseline,Nurse_36,1,12.0
180,baseline,Nurse_37,3,12.0
180,baseline,Nurse_38,4,18.0
180,baseline,Nurse_39,3,20.5
180,baseline,Nurse_40,4,19.0
180,baseline,Nurse_41,5,24.0
180,baseline,Nurse_42,2,16.0
180,baseline,Nurse_43,2,11.0
180,baseline,Nurse_44,1,14.0
180,baseline,Nurse_45,0,8.5
180,baseline,Nurse_46,5,22.0
180,baseline,Nurse_47,2,11.5
180,baseline,Nurse_48,0,4.5
180,baseline,Nurse_49,1,10.0
180,baseline,Nurse_50,1,12.5
180,baseline,Nurse_51,4,12.0
180,baseline,Nurse_52,0,7.5
180,baseline,Nurse_53,3,14.0
180,baseline,Nurse_54,1,14.0
180,baseline,Nurse_55,2,7.5
180,baseline,Nurse_56,1,8.0
180,baseline,Nurse_57,3,15.5
180,baseline,Nurse_58,4,23.5
180,baseline,Nurse_59,4,24.5
180,baseline,Nurse_60,3,13.0
180,baseline,Nurse_61,3,10.5
180,baseline,Nurse_62,1,12.5
180,baseline,Nurse_63,2,15.0
180,baseline,Nurse_64,4,17.0
180,baseline,Nurse_65,2,9.0
180,baseline,Nurse_66,3,16.0
180,baseline,Nurse_67,5,18.5
180,baseline,Nurse_68,0,11.0
180,baseline,Nurse_69,6,23.0
180,baseline,Nurse_70,1,6.0
180,strain,Nurse_01,2,17.5
180,strain,Nurse_02,2,15.0
180,strain,Nurse_03,3,18.0
180,strain,Nurse_04,2,11.5
180,strain,Nurse_05,1,9.5
180,strain,Nurse_06,0,3.0
180,strain,Nurse_07,1,6.5
180,strain,Nurse_08,0,13.5
180,strain,Nurse_09,0,10.0
180,strain,Nurse_10,4,21.5
180,strain,Nurse_11,3,16.0
180,strain,Nurse_12,1,13.5
180,strain,Nurse_13,3,21.0
180,strain,Nurse_14,1,11.5
180,strain,Nurse_15,0,6.5
180,strain,Nurse_16,4,20.5
180,strain,Nurse_17,1,9.0
180,strain,Nurse_18,3,14.0
180,strain,Nurse_19,3,17.5
180,strain,Nurse_20,3,17.0
180,strain,Nurse_21,4,16.5
180,strain,Nurse_22,3,18.0
180,strain,Nurse_23,3,16.0
180,strain,Nurse_24,1,11.0
180,strain,Nurse_25,4,16.5
180,strain,Nurse_26,0,11.5
180,strain,Nurse_27,2,17.5
180,strain,Nurse_28,1,9.5
180,strain,Nurse_29,4,17.0
180,strain,Nurse_30,1,8.5
180,strain,Nurse_31,2,12.5
180,strain,Nurse_32,1,4.0
180,strain,Nurse_33,1,7.5
180,strain,Nurse_34,3,13.5
180,strain,Nurse_35,3,15.0
180,strain,Nurse_36,1,13.0
180,strain,Nurse_37,2,6.0
180,strain,Nurse_38,2,18.5
180,strain,Nurse_39,2,16.5
180,strain,Nurse_40,3,15.0
180,strain,Nurse_41,3,18.0
180,strain,Nurse_42,1,13.0
180,strain,Nurse_43,1,9.5
180,strain,Nurse_44,0,13.5
180,strain,Nurse_45,0,10.0
180,strain,Nurse_46,1,15.0
180,strain,Nurse_47,2,11.5
180,strain,Nurse_48,0,7.0
180,strain,Nurse_49,1,12.0
180,strain,Nurse_50,0,10.5
180,strain,Nurse_51,4,12.0
180,strain,Nurse_52,0,7.5
180,strain,Nurse_53,3,14.0
180,strain,Nurse_54,1,14.5
180,strain,Nurse_55,2,6.0
180,strain,Nurse_56,1,9.0
180,strain,Nurse_57,3,14.0
180,strain,Nurse_58,4,21.0
180,strain,Nurse_59,3,20.0
180,strain,Nurse_60,2,13.0
180,strain,Nurse_61,3,9.0
180,strain,Nurse_62,1,15.5
180,strain,Nurse_63,1,11.0
180,strain,Nurse_64,2,12.5
180,strain,Nurse_65,2,10.5
180,strain,Nurse_66,1,11.5
180,strain,Nurse_67,4,17.0
180,strain,Nurse_68,0,9.5
180,strain,Nurse_69,2,16.0
180,strain,Nurse_70,1,6.0
181,baseline,Nurse_01,3,16.0
181,baseline,Nurse_02,5,21.5
181,baseline,Nurse_03,2,11.5
181,baseline,Nurse_04,3,18.5
181,baseline,Nurse_05,1,10.5
181,baseline,Nurse_06,2,6.0
181,baseline,Nurse_07,1,10.5
181,baseline,Nurse_08,2,12.0
181,baseline,Nurse_09,2,19.0
181,baseline,Nurse_10,6,21.5
181,baseline,Nurse_11,3,20.0
181,baseline,Nurse_12,0,2.0
181,baseline,Nurse_13,6,21.0
181,baseline,Nurse_14,1,14.0
181,baseline,Nurse_15,0,10.0
181,baseline,Nurse_16,0,3.0
181,baseline,Nurse_17,1,15.5
181,baseline,Nurse_18,4,15.0
181,baseline,Nurse_19,4,19.5
181,baseline,Nurse_20,3,12.5
181,baseline,Nurse_21,3,16.5
181,baseline,Nurse_22,1,12.5
181,baseline,Nurse_23,4,20.0
181,baseline,Nurse_24,5,24.5
181,baseline,Nurse_25,4,17.0
181,baseline,Nurse_26,1,16.0
181,baseline,Nurse_27,3,16.0
181,baseline,Nurse_28,3,19.0
181,baseline,Nurse_29,2,14.5
181,baseline,Nurse_30,0,8.5
181,baseline,Nurse_31,3,15.0
181,baseline,Nurse_32,3,14.5
181,baseline,Nurse_33,1,14.0
181,baseline,Nurse_34,4,15.0
181,baseline,Nurse_35,1,14.5
181,baseline,Nurse_36,0,4.5
181,baseline,Nurse_37,1,3.0
181,baseline,Nurse_38,5,18.0
181,baseline,Nurse_39,2,11.5
181,baseline,Nurse_40,0,9.5
181,baseline,Nurse_41,2,17.0
181,baseline,Nurse_42,2,8.0
181,baseline,Nurse_43,4,13.5
181,baseline,Nurse_44,0,0.0
181,baseline,Nurse_45,0,6.5
181,baseline,Nurse_46,6,25.0
181,baseline,Nurse_47,5,23.5
181,baseline,Nurse_48,3,16.0
181,baseline,Nurse_49,3,19.5
181,baseline,Nurse_50,0,9.5
181,baseline,Nurse_51,5,23.0
181,baseline,Nurse_52,2,12.0
181,baseline,Nurse_53,4,15.0
181,baseline,Nurse_54,2,6.0
181,baseline,Nurse_55,5,26.5
181,baseline,Nurse_56,0,6.0
181,baseline,Nurse_57,2,11.0
181,baseline,Nurse_58,5,25.5
181,baseline,Nurse_59,2,15.5
181,baseline,Nurse_60,1,12.0
181,baseline,Nurse_61,2,15.5
181,baseline,Nurse_62,2,14.5
181,baseline,Nurse_63,4,12.0
181,baseline,Nurse_64,2,12.0
181,baseline,Nurse_65,3,10.5
181,baseline,Nurse_66,1,4.5
181,baseline,Nurse_67,2,11.5
181,baseline,Nurse_68,5,16.5
181,baseline,Nurse_69,4,22.0
181,baseline,Nurse_70,2,13.5
181,strain,Nurse_01,3,15.0
181,strain,Nurse_02,3,12.5
181,strain,Nurse_03,2,13.0
181,strain,Nurse_04,2,18.5
181,strain,Nurse_05,0,11.0
181,strain,Nurse_06,2,9.0
181,strain,Nurse_07,1,12.0
181,strain,Nurse_08,1,12.0
181,strain,Nurse_09,0,11.5
181,strain,Nurse_10,2,15.5
181,strain,Nurse_11,2,15.5
181,strain,Nurse_12,0,3.5
181,strain,Nurse_13,3,16.0
181,strain,Nurse_14,1,12.5
181,strain,Nurse_15,0,14.0
181,strain,Nurse_16,0,6.0
181,strain,Nurse_17,1,14.5
181,strain,Nurse_18,2,13.5
181,strain,Nurse_19,3,18.0
181,strain,Nurse_20,1,6.5
181,strain,Nurse_21,3,15.0
181,strain,Nurse_22,1,11.0
181,strain,Nurse_23,2,11.5
181,strain,Nurse_24,4,19.5
181,strain,Nurse_25,4,15.5
181,strain,Nurse_26,0,10.5
181,strain,Nurse_27,2,14.5
181,strain,Nurse_28,3,17.5
181,strain,Nurse_29,1,12.5
181,strain,Nurse_30,0,12.0
181,strain,Nurse_31,3,15.0
181,strain,Nurse_32,2,11.5
181,strain,Nurse_33,0,12.0
181,strain,Nurse_34,3,12.0
181,strain,Nurse_35,1,16.0
181,strain,Nurse_36,0,9.5
181,strain,Nurse_37,0,3.0
181,strain,Nurse_38,3,15.0
181,strain,Nurse_39,1,11.5
181,strain,Nurse_40,0,12.0
181,strain,Nurse_41,1,12.5
181,strain,Nurse_42,2,9.5
181,strain,Nurse_43,2,9.0
181,strain,Nurse_44,1,6.0
181,strain,Nurse_45,0,5.5
181,strain,Nurse_46,3,18.0
181,strain,Nurse_47,1,15.5
181,strain,Nurse_48,2,15.5
181,strain,Nurse_49,3,18.5
181,strain,Nurse_50,0,10.0
181,strain,Nurse_51,4,20.5
181,strain,Nurse_52,2,10.5
181,strain,Nurse_53,2,13.5
181,strain,Nurse_54,2,7.5
181,strain,Nurse_55,1,15.0
181,strain,Nurse_56,0,6.0
181,strain,Nurse_57,2,11.0
181,strain,Nurse_58,3,21.0
181,strain,Nurse_59,2,16.0
181,strain,Nurse_60,0,8.0
181,strain,Nurse_61,2,14.0
181,strain,Nurse_62,1,10.5
181,strain,Nurse_63,4,12.0
181,strain,Nurse_64,2,14.5
181,strain,Nurse_65,2,12.0
181,strain,Nurse_66,1,6.0
181,strain,Nurse_67,1,9.5
181,strain,Nurse_68,4,15.0
181,strain,Nurse_69,3,19.5
181,strain,Nurse_70,1,13.0
182,baseline,Nurse_01,4,16.5
182,baseline,Nurse_02,3,21.5
182,baseline,Nurse_03,0,5.5
182,baseline,Nurse_04,4,15.0
182,baseline,Nurse_05,1,8.0
182,baseline,Nurse_06,4,13.5
182,baseline,Nurse_07,4,22.0
182,baseline,Nurse_08,5,24.0
182,baseline,Nurse_09,2,14.5
182,baseline,Nurse_10,0,9.5
182,baseline,Nurse_11,4,18.5
182,baseline,Nurse_12,3,13.5
182,baseline,Nurse_13,1,14.0
182,baseline,Nurse_14,0,9.0
182,baseline,Nurse_15,1,6.0
182,baseline,Nurse_16,4,14.0
182,baseline,Nurse_17,2,13.0
182,baseline,Nurse_18,4,18.0
182,baseline,Nurse_19,0,5.0
182,baseline,Nurse_20,2,12.0
182,baseline,Nurse_21,5,21.0
182,baseline,Nurse_22,4,12.0
182,baseline,Nurse_23,3,11.0
182,baseline,Nurse_24,3,12.0
182,baseline,Nurse_25,3,17.5
182,baseline,Nurse_26,5,21.5
182,baseline,Nurse_27,0,10.5
182,baseline,Nurse_28,2,9.5
182,baseline,Nurse_29,0,1.5
182,baseline,Nurse_30,2,15.0
182,baseline,Nurse_31,3,20.0
182,baseline,Nurse_32,0,9.0
182,baseline,Nurse_33,2,14.0
182,baseline,Nurse_34,2,6.0
182,baseline,Nurse_35,2,12.0
182,baseline,Nurse_36,4,24.0
182,baseline,Nurse_37,0,5.5
182,baseline,Nurse_38,2,15.0
182,baseline,Nurse_39,1,3.0
182,baseline,Nurse_40,3,14.0
182,baseline,Nurse_41,3,18.5
182,baseline,Nurse_42,4,20.5
182,baseline,Nurse_43,0,6.0
182,baseline,Nurse_44,1,12.0
182,baseline,Nurse_45,4,17.0
182,baseline,Nurse_46,1,6.0
182,baseline,Nurse_47,4,17.5
182,baseline,Nurse_48,3,16.5
182,baseline,Nurse_49,4,22.5
182,baseline,Nurse_50,4,15.0
182,baseline,Nurse_51,4,17.0
182,baseline,Nurse_52,2,17.5
182,baseline,Nurse_53,2,11.0
182,baseline,Nurse_54,1,6.0
182,baseline,Nurse_55,2,15.0
182,baseline,Nurse_56,4,16.0
182,baseline,Nurse_57,2,13.0
182,baseline,Nurse_58,1,7.5
182,baseline,Nurse_59,4,19.5
182,baseline,Nurse_60,0,6.5
182,baseline,Nurse_61,0,7.5
182,baseline,Nurse_62,5,26.0
182,baseline,Nurse_63,3,13.0
182,baseline,Nurse_64,3,20.5
182,baseline,Nurse_65,3,14.0
182,baseline,Nurse_66,2,19.5
182,baseline,Nurse_67,0,2.0
182,baseline,Nurse_68,3,15.0
182,baseline,Nurse_69,0,8.0
182,baseline,Nurse_70,1,15.0
182,strain,Nurse_01,3,13.5
182,strain,Nurse_02,2,17.5
182,strain,Nurse_03,0,7.5
182,strain,Nurse_04,3,13.5
182,strain,Nurse_05,0,5.0
182,strain,Nurse_06,3,9.0
182,strain,Nurse_07,2,19.0
182,strain,Nurse_08,2,18.5
182,strain,Nurse_09,1,13.0
182,strain,Nurse_10,0,11.0
182,strain,Nurse_11,2,11.5
182,strain,Nurse_12,3,14.0
182,strain,Nurse_13,1,11.0
182,strain,Nurse_14,0,9.0
182,strain,Nurse_15,1,9.0
182,strain,Nurse_16,4,14.0
182,strain,Nurse_17,2,9.0
182,strain,Nurse_18,1,12.0
182,strain,Nurse_19,1,13.0
182,strain,Nurse_20,1,10.5
182,strain,Nurse_21,2,15.5
182,strain,Nurse_22,2,9.0
182,strain,Nurse_23,3,11.0
182,strain,Nurse_24,2,12.5
182,strain,Nurse_25,1,14.5
182,strain,Nurse_26,4,18.0
182,strain,Nurse_27,0,10.0
182,strain,Nurse_28,2,11.0
182,strain,Nurse_29,0,1.5
182,strain,Nurse_30,2,14.0
182,strain,Nurse_31,2,17.0
182,strain,Nurse_32,0,9.5
182,strain,Nurse_33,1,14.5
182,strain,Nurse_34,2,9.0
182,strain,Nurse_35,1,7.5
182,strain,Nurse_36,1,13.0
182,strain,Nurse_37,0,10.0
182,strain,Nurse_38,2,11.0
182,strain,Nurse_39,0,4.5
182,strain,Nurse_40,1,11.0
182,strain,Nurse_41,3,15.0
182,strain,Nurse_42,1,14.0
182,strain,Nurse_43,0,6.0
182,strain,Nurse_44,1,13.0
182,strain,Nurse_45,3,14.5
182,strain,Nurse_46,1,6.0
182,strain,Nurse_47,3,14.5
182,strain,Nurse_48,3,13.5
182,strain,Nurse_49,1,15.5
182,strain,Nurse_50,3,9.0
182,strain,Nurse_51,2,18.0
182,strain,Nurse_52,1,10.5
182,strain,Nurse_53,2,12.0
182,strain,Nurse_54,1,7.5
182,strain,Nurse_55,1,16.0
182,strain,Nurse_56,2,12.0
182,strain,Nurse_57,2,13.0
182,strain,Nurse_58,0,7.5
182,strain,Nurse_59,2,15.5
182,strain,Nurse_60,0,8.5
182,strain,Nurse_61,0,7.5
182,strain,Nurse_62,2,18.0
182,strain,Nurse_63,2,12.0
182,strain,Nurse_64,3,18.0
182,strain,Nurse_65,2,13.5
182,strain,Nurse_66,2,15.0
182,strain,Nurse_67,0,8.5
182,strain,Nurse_68,2,13.5
182,strain,Nurse_69,0,12.0
182,strain,Nurse_70,1,15.0
183,baseline,Nurse_01,2,14.0
183,baseline,Nurse_02,0,5.5
183,baseline,Nurse_03,1,9.5
183,baseline,Nurse_04,1,8.0
183,baseline,Nurse_05,5,22.0
183,baseline,Nurse_06,1,9.5
183,baseline,Nurse_07,2,12.5
183,baseline,Nurse_08,0,4.5
183,baseline,Nurse_09,3,9.0
183,baseline,Nurse_10,4,22.5
183,baseline,Nurse_11,2,16.0
183,baseline,Nurse_12,5,22.5
183,baseline,Nurse_13,0,8.0
183,baseline,Nurse_14,2,13.0
183,baseline,Nurse_15,2,7.5
183,baseline,Nurse_16,3,18.0
183,baseline,Nurse_17,4,21.0
183,baseline,Nurse_18,5,17.0
183,baseline,Nurse_19,2,18.0
183,baseline,Nurse_20,2,15.5
183,baseline,Nurse_21,2,12.5
183,baseline,Nurse_22,1,12.0
183,baseline,Nurse_23,2,10.0
183,baseline,Nurse_24,2,19.0
183,baseline,Nurse_25,0,3.0
183,baseline,Nurse_26,6,27.0
183,baseline,Nurse_27,3,15.0
183,baseline,Nurse_28,5,22.0
183,baseline,Nurse_29,3,14.0
183,baseline,Nurse_30,1,6.0
183,baseline,Nurse_31,3,13.5
183,baseline,Nurse_32,4,17.0
183,baseline,Nurse_33,2,9.0
183,baseline,Nurse_34,3,17.0
183,baseline,Nurse_35,0,10.5
183,baseline,Nurse_36,1,15.5
183,baseline,Nurse_37,2,10.5
183,baseline,Nurse_38,2,7.5
183,baseline,Nurse_39,5,15.0
183,baseline,Nurse_40,5,21.5
183,baseline,Nurse_41,3,16.5
183,baseline,Nurse_42,4,20.0
183,baseline,Nurse_43,3,19.5
183,baseline,Nurse_44,4,20.5
183,baseline,Nurse_45,3,16.5
183,baseline,Nurse_46,3,19.0
183,baseline,Nurse_47,1,9.5
183,baseline,Nurse_48,5,18.0
183,baseline,Nurse_49,1,6.0
183,baseline,Nurse_50,0,6.5
183,baseline,Nurse_51,2,13.5
183,baseline,Nurse_52,0,12.0
183,baseline,Nurse_53,3,13.5
183,baseline,Nurse_54,5,15.0
183,baseline,Nurse_55,1,6.0
183,baseline,Nurse_56,0,10.0
183,baseline,Nurse_57,1,10.0
183,baseline,Nurse_58,1,8.0
183,baseline,Nurse_59,3,18.0
183,baseline,Nurse_60,0,1.0
183,baseline,Nurse_61,2,12.5
183,baseline,Nurse_62,2,17.0
183,baseline,Nurse_63,3,14.0
183,baseline,Nurse_64,3,19.5
183,baseline,Nurse_65,5,22.0
183,baseline,Nurse_66,6,25.0
183,baseline,Nurse_67,1,8.0
183,baseline,Nurse_68,4,29.0
183,baseline,Nurse_69,2,7.5
183,baseline,Nurse_70,0,5.0
183,strain,Nurse_01,1,15.0
183,strain,Nurse_02,0,8.0
183,strain,Nurse_03,0,8.0
183,strain,Nurse_04,2,13.0
183,strain,Nurse_05,2,20.0
183,strain,Nurse_06,0,7.0
183,strain,Nurse_07,1,9.5
183,strain,Nurse_08,0,7.0
183,strain,Nurse_09,2,13.5
183,strain,Nurse_10,2,19.0
183,strain,Nurse_11,1,10.0
183,strain,Nurse_12,3,18.0
183,strain,Nurse_13,0,6.5
183,strain,Nurse_14,1,9.5
183,strain,Nurse_15,2,9.0
183,strain,Nurse_16,1,12.0
183,strain,Nurse_17,3,18.5
183,strain,Nurse_18,3,15.5
183,strain,Nurse_19,1,13.5
183,strain,Nurse_20,2,14.0
183,strain,Nurse_21,2,12.5
183,strain,Nurse_22,1,13.0
183,strain,Nurse_23,2,10.0
183,strain,Nurse_24,1,11.5
183,strain,Nurse_25,0,3.0
183,strain,Nurse_26,3,20.5
183,strain,Nurse_27,2,11.5
183,strain,Nurse_28,1,14.5
183,strain,Nurse_29,3,16.5
183,strain,Nurse_30,1,7.5
183,strain,Nurse_31,1,13.0
183,strain,Nurse_32,2,15.0
183,strain,Nurse_33,2,11.5
183,strain,Nurse_34,1,15.0
183,strain,Nurse_35,0,12.0
183,strain,Nurse_36,0,9.5
183,strain,Nurse_37,2,10.5
183,strain,Nurse_38,1,9.0
183,strain,Nurse_39,3,12.0
183,strain,Nurse_40,4,18.5
183,strain,Nurse_41,1,11.0
183,strain,Nurse_42,2,13.5
183,strain,Nurse_43,1,16.0
183,strain,Nurse_44,2,18.5
183,strain,Nurse_45,3,18.0
183,strain,Nurse_46,1,11.5
183,strain,Nurse_47,0,9.0
183,strain,Nurse_48,5,16.5
183,strain,Nurse_49,0,2.0
183,strain,Nurse_50,0,9.0
183,strain,Nurse_51,1,11.0
183,strain,Nurse_52,0,10.5
183,strain,Nurse_53,1,11.5
183,strain,Nurse_54,4,15.0
183,strain,Nurse_55,0,6.0
183,strain,Nurse_56,0,9.0
183,strain,Nurse_57,1,10.0
183,strain,Nurse_58,1,9.5
183,strain,Nurse_59,2,15.5
183,strain,Nurse_60,0,1.0
183,strain,Nurse_61,2,11.5
183,strain,Nurse_62,2,14.0
183,strain,Nurse_63,3,14.0
183,strain,Nurse_64,2,17.5
183,strain,Nurse_65,3,18.0
183,strain,Nurse_66,4,19.0
183,strain,Nurse_67,1,8.0
183,strain,Nurse_68,2,24.5
183,strain,Nurse_69,2,6.0
183,strain,Nurse_70,0,6.0
184,baseline,Nurse_01,3,15.0
184,baseline,Nurse_02,5,20.5
184,baseline,Nurse_03,1,10.5
184,baseline,Nurse_04,3,23.0
184,baseline,Nurse_05,0,5.0
184,baseline,Nurse_06,4,12.0
184,baseline,Nurse_07,4,18.5
184,baseline,Nurse_08,5,18.0
184,baseline,Nurse_09,4,14.5
184,baseline,Nurse_10,2,15.0
184,baseline,Nurse_11,2,16.5
184,baseline,Nurse_12,2,7.5
184,baseline,Nurse_13,1,11.5
184,baseline,Nurse_14,3,16.5
184,baseline,Nurse_15,4,16.0
184,baseline,Nurse_16,3,20.0
184,baseline,Nurse_17,2,14.0
184,baseline,Nurse_18,3,13.5
184,baseline,Nurse_19,4,21.0
184,baseline,Nurse_20,1,7.5
184,baseline,Nurse_21,0,9.0
184,baseline,Nurse_22,3,13.0
184,baseline,Nurse_23,0,3.0
184,baseline,Nurse_24,3,15.0
184,baseline,Nurse_25,1,4.5
184,baseline,Nurse_26,1,10.0
184,baseline,Nurse_27,1,9.5
184,baseline,Nurse_28,2,16.5
184,baseline,Nurse_29,0,9.5
184,baseline,Nurse_30,5,22.0
184,baseline,Nurse_31,4,22.5
184,baseline,Nurse_32,0,11.0
184,baseline,Nurse_33,2,18.0
184,baseline,Nurse_34,2,6.0
184,baseline,Nurse_35,3,13.0
184,baseline,Nurse_36,2,15.0
184,baseline,Nurse_37,3,15.0
184,baseline,Nurse_38,5,19.0
184,baseline,Nurse_39,0,4.5
184,baseline,Nurse_40,3,17.0
184,baseline,Nurse_41,4,17.5
184,baseline,Nurse_42,0,5.5
184,baseline,Nurse_43,1,3.0
184,baseline,Nurse_44,4,21.0
184,baseline,Nurse_45,6,21.0
184,baseline,Nurse_46,3,13.0
184,baseline,Nurse_47,4,17.0
184,baseline,Nurse_48,2,18.0
184,baseline,Nurse_49,0,7.5
184,baseline,Nurse_50,2,17.0
184,baseline,Nurse_51,4,23.5
184,baseline,Nurse_52,2,15.0
184,baseline,Nurse_53,3,17.0
184,baseline,Nurse_54,5,20.5
184,baseline,Nurse_55,1,6.5
184,baseline,Nurse_56,4,15.0
184,baseline,Nurse_57,6,31.0
184,baseline,Nurse_58,3,16.5
184,baseline,Nurse_59,4,18.5
184,baseline,Nurse_60,5,23.0
184,baseline,Nurse_61,2,15.5
184,baseline,Nurse_62,3,14.5
184,baseline,Nurse_63,2,6.0
184,baseline,Nurse_64,2,6.0
184,baseline,Nurse_65,5,24.5
184,baseline,Nurse_66,5,22.5
184,baseline,Nurse_67,6,28.5
184,baseline,Nurse_68,3,18.0
184,baseline,Nurse_69,2,10.0
184,baseline,Nurse_70,3,9.0
184,strain,Nurse_01,2,9.0
184,strain,Nurse_02,4,15.0
184,strain,Nurse_03,0,7.5
184,strain,Nurse_04,3,19.5
184,strain,Nurse_05,0,4.5
184,strain,Nurse_06,4,12.0
184,strain,Nurse_07,4,17.0
184,strain,Nurse_08,3,13.5
184,strain,Nurse_09,1,11.0
184,strain,Nurse_10,1,15.0
184,strain,Nurse_11,2,15.0
184,strain,Nurse_12,2,9.0
184,strain,Nurse_13,0,7.0
184,strain,Nurse_14,2,16.0
184,strain,Nurse_15,2,12.5
184,strain,Nurse_16,3,16.0
184,strain,Nurse_17,1,9.5
184,strain,Nurse_18,2,13.0
184,strain,Nurse_19,3,22.0
184,strain,Nurse_20,1,7.5
184,strain,Nurse_21,0,9.0
184,strain,Nurse_22,3,14.5
184,strain,Nurse_23,0,7.5
184,strain,Nurse_24,2,12.5
184,strain,Nurse_25,1,4.5
184,strain,Nurse_26,1,8.5
184,strain,Nurse_27,1,8.0
184,strain,Nurse_28,2,16.5
184,strain,Nurse_29,0,13.0
184,strain,Nurse_30,1,16.5
184,strain,Nurse_31,2,16.0
184,strain,Nurse_32,0,11.0
184,strain,Nurse_33,0,18.5
184,strain,Nurse_34,2,9.0
184,strain,Nurse_35,3,14.5
184,strain,Nurse_36,1,14.0
184,strain,Nurse_37,3,15.0
184,strain,Nurse_38,3,15.0
184,strain,Nurse_39,0,7.0
184,strain,Nurse_40,1,10.0
184,strain,Nurse_41,3,13.0
184,strain,Nurse_42,0,7.0
184,strain,Nurse_43,1,4.5
184,strain,Nurse_44,4,19.5
184,strain,Nurse_45,5,22.0
184,strain,Nurse_46,3,13.0
184,strain,Nurse_47,2,14.0
184,strain,Nurse_48,1,17.0
184,strain,Nurse_49,0,8.0
184,strain,Nurse_50,1,13.0
184,strain,Nurse_51,2,13.5
184,strain,Nurse_52,2,18.0
184,strain,Nurse_53,3,15.5
184,strain,Nurse_54,2,16.5
184,strain,Nurse_55,1,8.0
184,strain,Nurse_56,2,12.0
184,strain,Nurse_57,4,25.5
184,strain,Nurse_58,0,11.5
184,strain,Nurse_59,2,12.5
184,strain,Nurse_60,2,18.0
184,strain,Nurse_61,2,13.0
184,strain,Nurse_62,3,14.5
184,strain,Nurse_63,1,6.0
184,strain,Nurse_64,1,7.5
184,strain,Nurse_65,3,19.0
184,strain,Nurse_66,3,17.5
184,strain,Nurse_67,3,22.5
184,strain,Nurse_68,1,14.5
184,strain,Nurse_69,2,11.5
184,strain,Nurse_70,2,10.5
185,baseline,Nurse_01,3,18.5
185,baseline,Nurse_02,4,20.5
185,baseline,Nurse_03,3,19.5
185,baseline,Nurse_04,6,23.5
185,baseline,Nurse_05,0,8.5
185,baseline,Nurse_06,4,17.5
185,baseline,Nurse_07,4,18.0
185,baseline,Nurse_08,4,19.0
185,baseline,Nurse_09,5,24.5
185,baseline,Nurse_10,0,3.0
185,baseline,Nurse_11,5,18.0
185,baseline,Nurse_12,2,13.5
185,baseline,Nurse_13,2,17.0
185,baseline,Nurse_14,1,12.0
185,baseline,Nurse_15,0,8.0
185,baseline,Nurse_16,1,12.0
185,baseline,Nurse_17,1,19.5
185,baseline,Nurse_18,5,15.0
185,baseline,Nurse_19,1,7.0
185,baseline,Nurse_20,4,16.5
185,baseline,Nurse_21,3,20.5
185,baseline,Nurse_22,1,6.5
185,baseline,Nurse_23,4,20.0
185,baseline,Nurse_24,0,10.0
185,baseline,Nurse_25,6,26.0
185,baseline,Nurse_26,3,18.5
185,baseline,Nurse_27,4,16.5
185,baseline,Nurse_28,1,11.5
185,baseline,Nurse_29,1,9.5
185,baseline,Nurse_30,3,16.0
185,baseline,Nurse_31,3,19.5
185,baseline,Nurse_32,1,7.0
185,baseline,Nurse_33,2,15.0
185,baseline,Nurse_34,5,18.0
185,baseline,Nurse_35,5,17.0
185,baseline,Nurse_36,0,7.5
185,baseline,Nurse_37,0,5.5
185,baseline,Nurse_38,1,3.0
185,baseline,Nurse_39,1,4.5
185,baseline,Nurse_40,4,20.0
185,baseline,Nurse_41,1,12.0
185,baseline,Nurse_42,3,18.0
185,baseline,Nurse_43,2,13.5
185,baseline,Nurse_44,1,11.0
185,baseline,Nurse_45,4,23.0
185,baseline,Nurse_46,0,0.0
185,baseline,Nurse_47,3,15.5
185,baseline,Nurse_48,4,19.5
185,baseline,Nurse_49,2,12.0
185,baseline,Nurse_50,2,9.0
185,baseline,Nurse_51,3,20.0
185,baseline,Nurse_52,1,14.0
185,baseline,Nurse_53,1,8.5
185,baseline,Nurse_54,2,18.0
185,baseline,Nurse_55,2,13.0
185,baseline,Nurse_56,6,20.0
185,baseline,Nurse_57,6,22.5
185,baseline,Nurse_58,1,4.5
185,baseline,Nurse_59,6,24.5
185,baseline,Nurse_60,0,0.0
185,baseline,Nurse_61,3,15.5
185,baseline,Nurse_62,4,13.5
185,baseline,Nurse_63,0,10.0
185,baseline,Nurse_64,3,10.5
185,baseline,Nurse_65,4,18.0
185,baseline,Nurse_66,2,15.5
185,baseline,Nurse_67,4,15.0
185,baseline,Nurse_68,1,3.0
185,baseline,Nurse_69,4,17.5
185,baseline,Nurse_70,1,8.5
185,strain,Nurse_01,2,14.0
185,strain,Nurse_02,3,19.0
185,strain,Nurse_03,1,17.0
185,strain,Nurse_04,2,17.5
185,strain,Nurse_05,0,11.5
185,strain,Nurse_06,2,14.0
185,strain,Nurse_07,3,12.5
185,strain,Nurse_08,3,17.5
185,strain,Nurse_09,3,17.5
185,strain,Nurse_10,0,4.5
185,strain,Nurse_11,5,18.0
185,strain,Nurse_12,1,12.0
185,strain,Nurse_13,1,17.0
185,strain,Nurse_14,0,7.5
185,strain,Nurse_15,0,8.0
185,strain,Nurse_16,1,9.5
185,strain,Nurse_17,0,11.5
185,strain,Nurse_18,4,12.0
185,strain,Nurse_19,1,8.5
185,strain,Nurse_20,2,12.0
185,strain,Nurse_21,2,20.5
185,strain,Nurse_22,0,8.5
185,strain,Nurse_23,3,18.5
185,strain,Nurse_24,0,8.5
185,strain,Nurse_25,2,20.5
185,strain,Nurse_26,1,13.0
185,strain,Nurse_27,2,9.0
185,strain,Nurse_28,0,9.0
185,strain,Nurse_29,1,8.5
185,strain,Nurse_30,1,11.0
185,strain,Nurse_31,1,14.0
185,strain,Nurse_32,1,12.0
185,strain,Nurse_33,1,13.5
185,strain,Nurse_34,5,18.0
185,strain,Nurse_35,4,14.0
185,strain,Nurse_36,0,6.0
185,strain,Nurse_37,0,9.0
185,strain,Nurse_38,1,6.0
185,strain,Nurse_39,1,3.0
185,strain,Nurse_40,3,17.0
185,strain,Nurse_41,1,12.0
185,strain,Nurse_42,1,13.5
185,strain,Nurse_43,1,9.5
185,strain,Nurse_44,0,14.5
185,strain,Nurse_45,2,19.0
185,strain,Nurse_46,0,0.0
185,strain,Nurse_47,3,13.0
185,strain,Nurse_48,2,16.5
185,strain,Nurse_49,1,7.5
185,strain,Nurse_50,2,11.5
185,strain,Nurse_51,2,15.0
185,strain,Nurse_52,0,11.0
185,strain,Nurse_53,1,11.0
185,strain,Nurse_54,0,9.5
185,strain,Nurse_55,1,8.5
185,strain,Nurse_56,2,12.5
185,strain,Nurse_57,3,16.0
185,strain,Nurse_58,1,3.0
185,strain,Nurse_59,3,19.5
185,strain,Nurse_60,0,4.5
185,strain,Nurse_61,2,12.5
185,strain,Nurse_62,4,18.0
185,strain,Nurse_63,0,14.0
185,strain,Nurse_64,2,7.5
185,strain,Nurse_65,2,17.0
185,strain,Nurse_66,1,12.5
185,strain,Nurse_67,2,12.0
185,strain,Nurse_68,1,6.0
185,strain,Nurse_69,2,14.5
185,strain,Nurse_70,1,10.0
186,baseline,Nurse_01,4,18.0
186,baseline,Nurse_02,5,18.0
186,baseline,Nurse_03,2,19.5
186,baseline,Nurse_04,4,20.5
186,baseline,Nurse_05,1,13.0
186,baseline,Nurse_06,1,9.5
186,baseline,Nurse_07,5,22.0
186,baseline,Nurse_08,2,12.5
186,baseline,Nurse_09,0,6.0
186,baseline,Nurse_10,1,4.5
186,baseline,Nurse_11,1,3.0
186,baseline,Nurse_12,0,4.5
186,baseline,Nurse_13,2,9.0
186,baseline,Nurse_14,5,17.0
186,baseline,Nurse_15,4,13.5
186,baseline,Nurse_16,1,14.5
186,baseline,Nurse_17,2,10.0
186,baseline,Nurse_18,4,23.0
186,baseline,Nurse_19,2,16.5
186,baseline,Nurse_20,2,12.0
186,baseline,Nurse_21,4,12.0
186,baseline,Nurse_22,5,27.0
186,baseline,Nurse_23,0,6.5
186,baseline,Nurse_24,3,18.0
186,baseline,Nurse_25,3,19.5
186,baseline,Nurse_26,2,16.5
186,baseline,Nurse_27,4,19.0
186,baseline,Nurse_28,1,9.5
186,baseline,Nurse_29,1,4.5
186,baseline,Nurse_30,2,13.5
186,baseline,Nurse_31,2,14.5
186,baseline,Nurse_32,5,23.5
186,baseline,Nurse_33,1,10.0
186,baseline,Nurse_34,5,21.5
186,baseline,Nurse_35,2,18.5
186,baseline,Nurse_36,3,14.5
186,baseline,Nurse_37,1,10.5
186,baseline,Nurse_38,4,18.0
186,baseline,Nurse_39,0,7.0
186,baseline,Nurse_40,1,5.0
186,baseline,Nurse_41,0,2.0
186,baseline,Nurse_42,4,17.5
186,baseline,Nurse_43,5,23.5
186,baseline,Nurse_44,2,10.0
186,baseline,Nurse_45,4,19.0
186,baseline,Nurse_46,5,23.5
186,baseline,Nurse_47,3,9.0
186,baseline,Nurse_48,3,17.5
186,baseline,Nurse_49,5,21.0
186,baseline,Nurse_50,4,15.0
186,baseline,Nurse_51,1,10.0
186,baseline,Nurse_52,2,14.5
186,baseline,Nurse_53,0,8.0
186,baseline,Nurse_54,3,18.0
186,baseline,Nurse_55,0,7.0
186,baseline,Nurse_56,5,20.0
186,baseline,Nurse_57,1,8.5
186,baseline,Nurse_58,3,18.0
186,baseline,Nurse_59,3,10.5
186,baseline,Nurse_60,2,11.0
186,baseline,Nurse_61,2,7.5
186,baseline,Nurse_62,2,18.0
186,baseline,Nurse_63,1,7.0
186,baseline,Nurse_64,3,14.5
186,baseline,Nurse_65,4,23.0
186,baseline,Nurse_66,1,15.0
186,baseline,Nurse_67,1,9.5
186,baseline,Nurse_68,1,10.5
186,baseline,Nurse_69,2,11.0
186,baseline,Nurse_70,0,9.0
186,strain,Nurse_01,2,12.5
186,strain,Nurse_02,4,16.5
186,strain,Nurse_03,2,18.0
186,strain,Nurse_04,3,22.5
186,strain,Nurse_05,1,10.5
186,strain,Nurse_06,0,8.0
186,strain,Nurse_07,2,16.5
186,strain,Nurse_08,2,11.0
186,strain,Nurse_09,0,8.5
186,strain,Nurse_10,1,6.0
186,strain,Nurse_11,1,3.0
186,strain,Nurse_12,0,4.5
186,strain,Nurse_13,2,9.0
186,strain,Nurse_14,3,14.0
186,strain,Nurse_15,3,10.5
186,strain,Nurse_16,1,12.5
186,strain,Nurse_17,1,10.0
186,strain,Nurse_18,3,21.0
186,strain,Nurse_19,2,15.0
186,strain,Nurse_20,1,13.0
186,strain,Nurse_21,3,10.5
186,strain,Nurse_22,3,21.0
186,strain,Nurse_23,0,7.5
186,strain,Nurse_24,3,19.5
186,strain,Nurse_25,2,17.5
186,strain,Nurse_26,1,15.5
186,strain,Nurse_27,4,16.0
186,strain,Nurse_28,1,9.5
186,strain,Nurse_29,2,10.5
186,strain,Nurse_30,1,11.0
186,strain,Nurse_31,2,17.0
186,strain,Nurse_32,1,11.5
186,strain,Nurse_33,1,11.0
186,strain,Nurse_34,2,14.5
186,strain,Nurse_35,0,11.0
186,strain,Nurse_36,2,12.0
186,strain,Nurse_37,1,13.5
186,strain,Nurse_38,3,17.0
186,strain,Nurse_39,0,8.0
186,strain,Nurse_40,1,6.0
186,strain,Nurse_41,0,3.5
186,strain,Nurse_42,2,15.5
186,strain,Nurse_43,3,17.0
186,strain,Nurse_44,1,11.0
186,strain,Nurse_45,3,15.0
186,strain,Nurse_46,2,15.5
186,strain,Nurse_47,3,9.0
186,strain,Nurse_48,1,10.0
186,strain,Nurse_49,3,17.5
186,strain,Nurse_50,3,12.0
186,strain,Nurse_51,1,11.5
186,strain,Nurse_52,2,17.0
186,strain,Nurse_53,0,8.0
186,strain,Nurse_54,2,16.5
186,strain,Nurse_55,0,8.5
186,strain,Nurse_56,3,17.0
186,strain,Nurse_57,1,9.5
186,strain,Nurse_58,2,15.5
186,strain,Nurse_59,1,6.0
186,strain,Nurse_60,2,14.0
186,strain,Nurse_61,2,7.5
186,strain,Nurse_62,1,12.5
186,strain,Nurse_63,1,8.5
186,strain,Nurse_64,3,17.0
186,strain,Nurse_65,1,16.0
186,strain,Nurse_66,0,12.5
186,strain,Nurse_67,0,9.5
186,strain,Nurse_68,1,6.0
186,strain,Nurse_69,2,11.0
186,strain,Nurse_70,0,10.5
187,baseline,Nurse_01,2,11.5
187,baseline,Nurse_02,4,21.0
187,baseline,Nurse_03,1,4.5
187,baseline,Nurse_04,0,4.5
187,baseline,Nurse_05,0,3.0
187,baseline,Nurse_06,2,9.0
187,baseline,Nurse_07,3,18.0
187,baseline,Nurse_08,3,16.5
187,baseline,Nurse_09,1,10.0
187,baseline,Nurse_10,4,18.0
187,baseline,Nurse_11,1,4.5
187,baseline,Nurse_12,0,5.5
187,baseline,Nurse_13,1,11.0
187,baseline,Nurse_14,0,5.0
187,baseline,Nurse_15,2,16.0
187,baseline,Nurse_16,2,13.0
187,baseline,Nurse_17,5,17.5
187,baseline,Nurse_18,2,11.0
187,baseline,Nurse_19,1,13.5
187,baseline,Nurse_20,6,26.0
187,baseline,Nurse_21,2,16.5
187,baseline,Nurse_22,5,18.5
187,baseline,Nurse_23,1,10.5
187,baseline,Nurse_24,2,19.0
187,baseline,Nurse_25,2,16.0
187,baseline,Nurse_26,4,21.5
187,baseline,Nurse_27,2,9.0
187,baseline,Nurse_28,4,13.5
187,baseline,Nurse_29,1,7.5
187,baseline,Nurse_30,1,14.5
187,baseline,Nurse_31,1,6.5
187,baseline,Nurse_32,2,6.0
187,baseline,Nurse_33,4,18.5
187,baseline,Nurse_34,5,26.5
187,baseline,Nurse_35,1,10.5
187,baseline,Nurse_36,0,6.0
187,baseline,Nurse_37,3,15.5
187,baseline,Nurse_38,1,9.0
187,baseline,Nurse_39,2,12.5
187,baseline,Nurse_40,4,21.0
187,baseline,Nurse_41,4,17.5
187,baseline,Nurse_42,2,13.0
187,baseline,Nurse_43,1,9.5
187,baseline,Nurse_44,3,10.5
187,baseline,Nurse_45,4,21.0
187,baseline,Nurse_46,4,16.0
187,baseline,Nurse_47,3,12.0
187,baseline,Nurse_48,4,12.0
187,baseline,Nurse_49,3,16.0
187,baseline,Nurse_50,0,6.0
187,baseline,Nurse_51,3,17.0
187,baseline,Nurse_52,0,2.0
187,baseline,Nurse_53,3,12.0
187,baseline,Nurse_54,3,24.0
187,baseline,Nurse_55,3,15.0
187,baseline,Nurse_56,1,9.5
187,baseline,Nurse_57,2,15.0
187,baseline,Nurse_58,2,12.5
187,baseline,Nurse_59,3,11.5
187,baseline,Nurse_60,1,13.0
187,baseline,Nurse_61,3,16.5
187,baseline,Nurse_62,5,23.0
187,baseline,Nurse_63,2,19.5
187,baseline,Nurse_64,1,9.5
187,baseline,Nurse_65,5,20.0
187,baseline,Nurse_66,2,6.0
187,baseline,Nurse_67,2,11.5
187,baseline,Nurse_68,4,23.0
187,baseline,Nurse_69,2,15.5
187,baseline,Nurse_70,1,11.5
187,strain,Nurse_01,2,10.0
187,strain,Nurse_02,1,15.0
187,strain,Nurse_03,1,6.0
187,strain,Nurse_04,0,5.5
187,strain,Nurse_05,0,6.0
187,strain,Nurse_06,1,11.5
187,strain,Nurse_07,3,18.0
187,strain,Nurse_08,2,15.0
187,strain,Nurse_09,1,12.5
187,strain,Nurse_10,2,9.5
187,strain,Nurse_11,0,4.5
187,strain,Nurse_12,0,9.5
187,strain,Nurse_13,1,13.5
187,strain,Nurse_14,0,11.0
187,strain,Nurse_15,1,9.5
187,strain,Nurse_16,2,14.5
187,strain,Nurse_17,4,16.0
187,strain,Nurse_18,1,8.0
187,strain,Nurse_19,1,12.0
187,strain,Nurse_20,4,21.0
187,strain,Nurse_21,1,15.0
187,strain,Nurse_22,3,14.5
187,strain,Nurse_23,1,9.0
187,strain,Nurse_24,1,14.0
187,strain,Nurse_25,2,12.5
187,strain,Nurse_26,2,16.0
187,strain,Nurse_27,2,9.0
187,strain,Nurse_28,3,12.0
187,strain,Nurse_29,1,10.5
187,strain,Nurse_30,1,14.5
187,strain,Nurse_31,0,5.0
187,strain,Nurse_32,2,7.5
187,strain,Nurse_33,2,15.0
187,strain,Nurse_34,2,16.5
187,strain,Nurse_35,1,16.0
187,strain,Nurse_36,0,6.0
187,strain,Nurse_37,2,12.5
187,strain,Nurse_38,1,9.5
187,strain,Nurse_39,1,11.0
187,strain,Nurse_40,1,16.0
187,strain,Nurse_41,3,14.0
187,strain,Nurse_42,0,5.5
187,strain,Nurse_43,1,12.5
187,strain,Nurse_44,3,12.0
187,strain,Nurse_45,1,15.5
187,strain,Nurse_46,3,14.5
187,strain,Nurse_47,1,13.5
187,strain,Nurse_48,4,12.0
187,strain,Nurse_49,2,15.0
187,strain,Nurse_50,0,4.5
187,strain,Nurse_51,2,12.5
187,strain,Nurse_52,0,7.0
187,strain,Nurse_53,2,9.0
187,strain,Nurse_54,1,14.5
187,strain,Nurse_55,3,15.0
187,strain,Nurse_56,1,9.5
187,strain,Nurse_57,1,12.5
187,strain,Nurse_58,1,11.0
187,strain,Nurse_59,2,8.5
187,strain,Nurse_60,0,9.0
187,strain,Nurse_61,2,13.5
187,strain,Nurse_62,2,12.5
187,strain,Nurse_63,2,14.0
187,strain,Nurse_64,0,7.0
187,strain,Nurse_65,4,19.5
187,strain,Nurse_66,2,7.5
187,strain,Nurse_67,1,8.5
187,strain,Nurse_68,3,19.5
187,strain,Nurse_69,2,15.5
187,strain,Nurse_70,1,14.5
188,baseline,Nurse_01,3,18.5
188,baseline,Nurse_02,3,20.0
188,baseline,Nurse_03,1,6.0
188,baseline,Nurse_04,2,11.5
188,baseline,Nurse_05,1,10.5
188,baseline,Nurse_06,4,15.0
188,baseline,Nurse_07,1,4.5
188,baseline,Nurse_08,3,20.0
188,baseline,Nurse_09,2,12.5
188,baseline,Nurse_10,1,3.0
188,baseline,Nurse_11,3,19.0
188,baseline,Nurse_12,4,22.0
188,baseline,Nurse_13,2,12.5
188,baseline,Nurse_14,1,9.5
188,baseline,Nurse_15,5,22.0
188,baseline,Nurse_16,4,19.5
188,baseline,Nurse_17,3,18.5
188,baseline,Nurse_18,5,29.0
188,baseline,Nurse_19,3,13.0
188,baseline,Nurse_20,0,1.5
188,baseline,Nurse_21,5,22.0
188,baseline,Nurse_22,4,19.5
188,baseline,Nurse_23,1,9.5
188,baseline,Nurse_24,2,13.0
188,baseline,Nurse_25,1,10.0
188,baseline,Nurse_26,0,10.0
188,baseline,Nurse_27,4,13.5
188,baseline,Nurse_28,2,12.5
188,baseline,Nurse_29,2,16.0
188,baseline,Nurse_30,2,11.5
188,baseline,Nurse_31,2,16.0
188,baseline,Nurse_32,5,22.5
188,baseline,Nurse_33,4,15.5
188,baseline,Nurse_34,5,25.5
188,baseline,Nurse_35,5,22.0
188,baseline,Nurse_36,4,12.0
188,baseline,Nurse_37,1,12.0
188,baseline,Nurse_38,6,28.5
188,baseline,Nurse_39,6,25.5
188,baseline,Nurse_40,2,12.0
188,baseline,Nurse_41,2,15.0
188,baseline,Nurse_42,3,14.0
188,baseline,Nurse_43,2,12.0
188,baseline,Nurse_44,0,5.5
188,baseline,Nurse_45,0,8.5
188,baseline,Nurse_46,3,10.5
188,baseline,Nurse_47,5,15.0
188,baseline,Nurse_48,2,13.0
188,baseline,Nurse_49,1,14.0
188,baseline,Nurse_50,1,10.0
188,baseline,Nurse_51,1,4.0
188,baseline,Nurse_52,0,6.5
188,baseline,Nurse_53,4,16.0
188,baseline,Nurse_54,3,14.0
188,baseline,Nurse_55,3,16.0
188,baseline,Nurse_56,1,11.5
188,baseline,Nurse_57,2,14.5
188,baseline,Nurse_58,4,13.5
188,baseline,Nurse_59,3,19.0
188,baseline,Nurse_60,2,11.0
188,baseline,Nurse_61,3,17.5
188,baseline,Nurse_62,4,20.0
188,baseline,Nurse_63,2,13.0
188,baseline,Nurse_64,0,6.0
188,baseline,Nurse_65,3,14.5
188,baseline,Nurse_66,3,18.5
188,baseline,Nurse_67,2,11.5
188,baseline,Nurse_68,0,6.0
188,baseline,Nurse_69,4,18.5
188,baseline,Nurse_70,0,3.0
188,strain,Nurse_01,0,10.0
188,strain,Nurse_02,1,15.0
188,strain,Nurse_03,1,4.5
188,strain,Nurse_04,1,14.5
188,strain,Nurse_05,0,8.5
188,strain,Nurse_06,3,12.0
188,strain,Nurse_07,1,7.5
188,strain,Nurse_08,3,16.0
188,strain,Nurse_09,1,12.0
188,strain,Nurse_10,1,3.0
188,strain,Nurse_11,1,11.5
188,strain,Nurse_12,2,15.5
188,strain,Nurse_13,2,11.0
188,strain,Nurse_14,1,11.0
188,strain,Nurse_15,4,23.0
188,strain,Nurse_16,3,17.5
188,strain,Nurse_17,3,17.5
188,strain,Nurse_18,1,17.5
188,strain,Nurse_19,1,11.5
188,strain,Nurse_20,0,3.0
188,strain,Nurse_21,4,18.0
188,strain,Nurse_22,2,17.0
188,strain,Nurse_23,0,8.0
188,strain,Nurse_24,0,13.0
188,strain,Nurse_25,0,7.0
188,strain,Nurse_26,0,9.0
188,strain,Nurse_27,3,10.5
188,strain,Nurse_28,2,12.5
188,strain,Nurse_29,2,12.0
188,strain,Nurse_30,2,10.5
188,strain,Nurse_31,1,14.0
188,strain,Nurse_32,2,16.5
188,strain,Nurse_33,3,14.0
188,strain,Nurse_34,3,22.0
188,strain,Nurse_35,2,16.0
188,strain,Nurse_36,2,10.5
188,strain,Nurse_37,1,11.0
188,strain,Nurse_38,2,16.0
188,strain,Nurse_39,4,21.0
188,strain,Nurse_40,1,11.5
188,strain,Nurse_41,1,10.5
188,strain,Nurse_42,0,9.0
188,strain,Nurse_43,1,12.5
188,strain,Nurse_44,0,9.5
188,strain,Nurse_45,0,10.0
188,strain,Nurse_46,3,12.0
188,strain,Nurse_47,4,13.5
188,strain,Nurse_48,2,14.5
188,strain,Nurse_49,1,13.0
188,strain,Nurse_50,0,5.5
188,strain,Nurse_51,1,5.0
188,strain,Nurse_52,0,9.0
188,strain,Nurse_53,4,16.0
188,strain,Nurse_54,3,14.0
188,strain,Nurse_55,2,18.5
188,strain,Nurse_56,1,12.0
188,strain,Nurse_57,2,12.0
188,strain,Nurse_58,1,9.0
188,strain,Nurse_59,2,16.5
188,strain,Nurse_60,2,10.0
188,strain,Nurse_61,2,14.5
188,strain,Nurse_62,2,15.5
188,strain,Nurse_63,2,16.0
188,strain,Nurse_64,0,7.5
188,strain,Nurse_65,3,13.5
188,strain,Nurse_66,2,14.0
188,strain,Nurse_67,1,10.0
188,strain,Nurse_68,0,10.0
188,strain,Nurse_69,2,13.5
188,strain,Nurse_70,0,4.5
189,baseline,Nurse_01,2,10.0
189,baseline,Nurse_02,5,22.0
189,baseline,Nurse_03,5,20.0
189,baseline,Nurse_04,4,17.5
189,baseline,Nurse_05,5,22.0
189,baseline,Nurse_06,1,3.0
189,baseline,Nurse_07,5,26.5
189,baseline,Nurse_08,4,16.5
189,baseline,Nurse_09,1,4.5
189,baseline,Nurse_10,2,6.0
189,baseline,Nurse_11,3,15.0
189,baseline,Nurse_12,5,22.5
189,baseline,Nurse_13,3,20.5
189,baseline,Nurse_14,4,20.0
189,baseline,Nurse_15,4,12.0
189,baseline,Nurse_16,2,10.5
189,baseline,Nurse_17,3,11.0
189,baseline,Nurse_18,2,10.5
189,baseline,Nurse_19,4,18.0
189,baseline,Nurse_20,5,28.0
189,baseline,Nurse_21,1,9.5
189,baseline,Nurse_22,1,9.0
189,baseline,Nurse_23,2,15.0
189,baseline,Nurse_24,1,6.0
189,baseline,Nurse_25,2,11.5
189,baseline,Nurse_26,4,15.0
189,baseline,Nurse_27,3,19.0
189,baseline,Nurse_28,5,25.0
189,baseline,Nurse_29,1,3.0
189,baseline,Nurse_30,0,0.0
189,baseline,Nurse_31,1,8.5
189,baseline,Nurse_32,4,19.0
189,baseline,Nurse_33,3,16.5
189,baseline,Nurse_34,5,23.5
189,baseline,Nurse_35,1,6.5
189,baseline,Nurse_36,1,4.0
189,baseline,Nurse_37,0,7.0
189,baseline,Nurse_38,2,14.5
189,baseline,Nurse_39,2,14.0
189,baseline,Nurse_40,4,19.5
189,baseline,Nurse_41,5,23.0
189,baseline,Nurse_42,3,14.0
189,baseline,Nurse_43,3,14.5
189,baseline,Nurse_44,0,9.5
189,baseline,Nurse_45,3,21.5
189,baseline,Nurse_46,4,22.0
189,baseline,Nurse_47,3,17.5
189,baseline,Nurse_48,2,14.0
189,baseline,Nurse_49,1,11.0
189,baseline,Nurse_50,1,3.0
189,baseline,Nurse_51,2,14.0
189,baseline,Nurse_52,0,6.0
189,baseline,Nurse_53,0,8.5
189,baseline,Nurse_54,4,13.5
189,baseline,Nurse_55,3,17.5
189,baseline,Nurse_56,3,17.5
189,baseline,Nurse_57,4,19.0
189,baseline,Nurse_58,1,12.0
189,baseline,Nurse_59,4,15.0
189,baseline,Nurse_60,3,18.5
189,baseline,Nurse_61,0,6.0
189,baseline,Nurse_62,1,10.5
189,baseline,Nurse_63,1,10.5
189,baseline,Nurse_64,2,14.5
189,baseline,Nurse_65,3,13.5
189,baseline,Nurse_66,3,20.5
189,baseline,Nurse_67,5,23.0
189,baseline,Nurse_68,2,19.5
189,baseline,Nurse_69,0,7.5
189,baseline,Nurse_70,3,14.0
189,strain,Nurse_01,1,7.0
189,strain,Nurse_02,2,14.5
189,strain,Nurse_03,3,14.5
189,strain,Nurse_04,2,12.5
189,strain,Nurse_05,3,18.0
189,strain,Nurse_06,1,3.0
189,strain,Nurse_07,3,19.5
189,strain,Nurse_08,2,11.5
189,strain,Nurse_09,1,6.0
189,strain,Nurse_10,1,6.0
189,strain,Nurse_11,2,10.5
189,strain,Nurse_12,3,17.0
189,strain,Nurse_13,2,20.0
189,strain,Nurse_14,2,15.5
189,strain,Nurse_15,2,9.0
189,strain,Nurse_16,2,9.0
189,strain,Nurse_17,3,12.5
189,strain,Nurse_18,2,12.0
189,strain,Nurse_19,4,18.0
189,strain,Nurse_20,3,20.5
189,strain,Nurse_21,0,10.5
189,strain,Nurse_22,0,7.0
189,strain,Nurse_23,2,14.5
189,strain,Nurse_24,1,7.0
189,strain,Nurse_25,2,13.0
189,strain,Nurse_26,2,12.0
189,strain,Nurse_27,3,16.5
189,strain,Nurse_28,2,19.5
189,strain,Nurse_29,1,3.0
189,strain,Nurse_30,0,1.5
189,strain,Nurse_31,1,7.0
189,strain,Nurse_32,2,16.5
189,strain,Nurse_33,3,18.0
189,strain,Nurse_34,3,19.0
189,strain,Nurse_35,1,7.5
189,strain,Nurse_36,1,5.5
189,strain,Nurse_37,0,8.0
189,strain,Nurse_38,0,10.0
189,strain,Nurse_39,1,12.0
189,strain,Nurse_40,4,19.5
189,strain,Nurse_41,4,20.5
189,strain,Nurse_42,1,11.5
189,strain,Nurse_43,2,13.0
189,strain,Nurse_44,0,12.5
189,strain,Nurse_45,2,19.0
189,strain,Nurse_46,2,16.5
189,strain,Nurse_47,3,17.5
189,strain,Nurse_48,2,12.5
189,strain,Nurse_49,0,10.5
189,strain,Nurse_50,1,9.0
189,strain,Nurse_51,1,12.5
189,strain,Nurse_52,0,4.5
189,strain,Nurse_53,0,9.5
189,strain,Nurse_54,4,12.0
189,strain,Nurse_55,2,12.0
189,strain,Nurse_56,2,13.5
189,strain,Nurse_57,1,14.5
189,strain,Nurse_58,0,12.5
189,strain,Nurse_59,2,9.0
189,strain,Nurse_60,2,17.0
189,strain,Nurse_61,0,6.0
189,strain,Nurse_62,0,10.0
189,strain,Nurse_63,0,11.5
189,strain,Nurse_64,1,13.0
189,strain,Nurse_65,2,10.5
189,strain,Nurse_66,2,14.5
189,strain,Nurse_67,5,23.0
189,strain,Nurse_68,2,21.0
189,strain,Nurse_69,0,7.5
189,strain,Nurse_70,2,12.5
190,baseline,Nurse_01,4,17.0
190,baseline,Nurse_02,4,19.0
190,baseline,Nurse_03,1,12.0
190,baseline,Nurse_04,4,19.5
190,baseline,Nurse_05,6,25.5
190,baseline,Nurse_06,0,15.5
190,baseline,Nurse_07,3,14.0
190,baseline,Nurse_08,2,10.0
190,baseline,Nurse_09,4,20.0
190,baseline,Nurse_10,0,5.5
190,baseline,Nurse_11,5,21.5
190,baseline,Nurse_12,2,13.5
190,baseline,Nurse_13,3,18.5
190,baseline,Nurse_14,0,3.0
190,baseline,Nurse_15,1,9.5
190,baseline,Nurse_16,4,20.5
190,baseline,Nurse_17,4,20.0
190,baseline,Nurse_18,5,20.5
190,baseline,Nurse_19,4,23.5
190,baseline,Nurse_20,4,12.0
190,baseline,Nurse_21,1,16.0
190,baseline,Nurse_22,5,25.0
190,baseline,Nurse_23,1,12.5
190,baseline,Nurse_24,3,17.5
190,baseline,Nurse_25,2,15.0
190,baseline,Nurse_26,5,20.5
190,baseline,Nurse_27,5,18.0
190,baseline,Nurse_28,2,10.5
190,baseline,Nurse_29,3,18.0
190,baseline,Nurse_30,6,30.0
190,baseline,Nurse_31,4,18.5
190,baseline,Nurse_32,1,7.5
190,baseline,Nurse_33,5,23.0
190,baseline,Nurse_34,1,9.5
190,baseline,Nurse_35,0,6.5
190,baseline,Nurse_36,3,17.0
190,baseline,Nurse_37,1,7.5
190,baseline,Nurse_38,0,9.5
190,baseline,Nurse_39,3,16.5
190,baseline,Nurse_40,1,13.0
190,baseline,Nurse_41,6,24.0
190,baseline,Nurse_42,6,25.5
190,baseline,Nurse_43,1,10.5
190,baseline,Nurse_44,3,9.0
190,baseline,Nurse_45,4,12.0
190,baseline,Nurse_46,1,7.5
190,baseline,Nurse_47,0,5.0
190,baseline,Nurse_48,4,13.5
190,baseline,Nurse_49,1,7.5
190,baseline,Nurse_50,5,21.0
190,baseline,Nurse_51,4,20.0
190,baseline,Nurse_52,1,8.5
190,baseline,Nurse_53,0,7.5
190,baseline,Nurse_54,1,6.0
190,baseline,Nurse_55,4,21.0
190,baseline,Nurse_56,5,20.0
190,baseline,Nurse_57,4,14.0
190,baseline,Nurse_58,3,18.5
190,baseline,Nurse_59,2,7.5
190,baseline,Nurse_60,1,5.0
190,baseline,Nurse_61,0,11.5
190,baseline,Nurse_62,1,9.0
190,baseline,Nurse_63,1,10.0
190,baseline,Nurse_64,0,6.0
190,baseline,Nurse_65,5,18.5
190,baseline,Nurse_66,1,9.0
190,baseline,Nurse_67,3,15.0
190,baseline,Nurse_68,1,8.0
190,baseline,Nurse_69,5,19.5
190,baseline,Nurse_70,0,6.0
190,strain,Nurse_01,4,14.0
190,strain,Nurse_02,3,16.5
190,strain,Nurse_03,0,11.5
190,strain,Nurse_04,3,18.0
190,strain,Nurse_05,2,16.0
190,strain,Nurse_06,0,14.0
190,strain,Nurse_07,3,14.0
190,strain,Nurse_08,2,10.0
190,strain,Nurse_09,3,18.0
190,strain,Nurse_10,0,5.5
190,strain,Nurse_11,3,15.0
190,strain,Nurse_12,1,10.5
190,strain,Nurse_13,2,18.5
190,strain,Nurse_14,0,4.5
190,strain,Nurse_15,1,9.5
190,strain,Nurse_16,2,12.5
190,strain,Nurse_17,2,15.5
190,strain,Nurse_18,3,18.5
190,strain,Nurse_19,1,17.5
190,strain,Nurse_20,4,12.0
190,strain,Nurse_21,1,12.0
190,strain,Nurse_22,3,19.5
190,strain,Nurse_23,1,14.0
190,strain,Nurse_24,3,18.5
190,strain,Nurse_25,0,10.0
190,strain,Nurse_26,4,19.0
190,strain,Nurse_27,3,15.0
190,strain,Nurse_28,1,9.0
190,strain,Nurse_29,2,13.0
190,strain,Nurse_30,3,24.0
190,strain,Nurse_31,2,15.0
190,strain,Nurse_32,0,7.5
190,strain,Nurse_33,2,18.5
190,strain,Nurse_34,1,9.5
190,strain,Nurse_35,0,8.0
190,strain,Nurse_36,3,17.0
190,strain,Nurse_37,1,6.0
190,strain,Nurse_38,0,8.5
190,strain,Nurse_39,0,10.0
190,strain,Nurse_40,1,12.0
190,strain,Nurse_41,5,22.5
190,strain,Nurse_42,3,17.0
190,strain,Nurse_43,1,13.5
190,strain,Nurse_44,3,12.0
190,strain,Nurse_45,4,12.0
190,strain,Nurse_46,0,5.5
190,strain,Nurse_47,0,6.5
190,strain,Nurse_48,4,13.5
190,strain,Nurse_49,0,3.0
190,strain,Nurse_50,5,21.0
190,strain,Nurse_51,3,18.5
190,strain,Nurse_52,0,7.0
190,strain,Nurse_53,0,7.5
190,strain,Nurse_54,1,7.5
190,strain,Nurse_55,1,16.0
190,strain,Nurse_56,3,18.0
190,strain,Nurse_57,2,12.5
190,strain,Nurse_58,3,18.5
190,strain,Nurse_59,2,9.0
190,strain,Nurse_60,1,5.0
190,strain,Nurse_61,0,10.0
190,strain,Nurse_62,1,10.5
190,strain,Nurse_63,1,11.0
190,strain,Nurse_64,0,6.0
190,strain,Nurse_65,3,14.5
190,strain,Nurse_66,0,8.5
190,strain,Nurse_67,2,15.0
190,strain,Nurse_68,1,8.0
190,strain,Nurse_69,4,18.0
190,strain,Nurse_70,0,4.5
191,baseline,Nurse_01,0,1.5
191,baseline,Nurse_02,1,10.5
191,baseline,Nurse_03,4,12.0
191,baseline,Nurse_04,4,16.5
191,baseline,Nurse_05,0,7.5
191,baseline,Nurse_06,0,9.0
191,baseline,Nurse_07,1,9.5
191,baseline,Nurse_08,0,6.5
191,baseline,Nurse_09,5,21.0
191,baseline,Nurse_10,2,12.5
191,baseline,Nurse_11,2,10.5
191,baseline,Nurse_12,3,19.0
191,baseline,Nurse_13,1,14.0
191,baseline,Nurse_14,0,6.0
191,baseline,Nurse_15,3,18.5
191,baseline,Nurse_16,3,24.0
191,baseline,Nurse_17,5,20.0
191,baseline,Nurse_18,1,7.5
191,baseline,Nurse_19,1,8.0
191,baseline,Nurse_20,5,23.5
191,baseline,Nurse_21,5,20.5
191,baseline,Nurse_22,3,14.0
191,baseline,Nurse_23,4,13.5
191,baseline,Nurse_24,0,7.5
191,baseline,Nurse_25,0,4.0
191,baseline,Nurse_26,4,18.5
191,baseline,Nurse_27,1,3.0
191,baseline,Nurse_28,2,14.5
191,baseline,Nurse_29,5,26.5
191,baseline,Nurse_30,3,18.5
191,baseline,Nurse_31,0,5.0
191,baseline,Nurse_32,3,17.0
191,baseline,Nurse_33,3,19.0
191,baseline,Nurse_34,5,19.0
191,baseline,Nurse_35,5,22.5
191,baseline,Nurse_36,2,10.5
191,baseline,Nurse_37,3,17.5
191,baseline,Nurse_38,4,19.5
191,baseline,Nurse_39,4,24.0
191,baseline,Nurse_40,4,26.0
191,baseline,Nurse_41,4,17.0
191,baseline,Nurse_42,4,20.5
191,baseline,Nurse_43,0,8.5
191,baseline,Nurse_44,1,13.0
191,baseline,Nurse_45,0,7.5
191,baseline,Nurse_46,4,18.0
191,baseline,Nurse_47,4,19.0
191,baseline,Nurse_48,0,3.0
191,baseline,Nurse_49,0,2.0
191,baseline,Nurse_50,3,14.5
191,baseline,Nurse_51,2,7.5
191,baseline,Nurse_52,6,21.5
191,baseline,Nurse_53,0,9.0
191,baseline,Nurse_54,3,15.0
191,baseline,Nurse_55,2,6.0
191,baseline,Nurse_56,1,10.0
191,baseline,Nurse_57,3,20.0
191,baseline,Nurse_58,3,19.0
191,baseline,Nurse_59,3,19.5
191,baseline,Nurse_60,5,19.0
191,baseline,Nurse_61,1,10.0
191,baseline,Nurse_62,1,8.0
191,baseline,Nurse_63,4,23.0
191,baseline,Nurse_64,0,1.5
191,baseline,Nurse_65,4,18.5
191,baseline,Nurse_66,0,8.0
191,baseline,Nurse_67,4,17.0
191,baseline,Nurse_68,2,7.5
191,baseline,Nurse_69,0,5.5
191,baseline,Nurse_70,2,13.0
191,strain,Nurse_01,0,6.0
191,strain,Nurse_02,1,10.5
191,strain,Nurse_03,4,13.5
191,strain,Nurse_04,3,16.5
191,strain,Nurse_05,0,9.0
191,strain,Nurse_06,0,11.0
191,strain,Nurse_07,1,9.5
191,strain,Nurse_08,0,6.5
191,strain,Nurse_09,4,20.0
191,strain,Nurse_10,2,12.0
191,strain,Nurse_11,2,10.0
191,strain,Nurse_12,3,16.5
191,strain,Nurse_13,1,10.5
191,strain,Nurse_14,0,6.0
191,strain,Nurse_15,2,14.5
191,strain,Nurse_16,2,20.5
191,strain,Nurse_17,3,15.0
191,strain,Nurse_18,1,6.0
191,strain,Nurse_19,1,8.0
191,strain,Nurse_20,2,19.0
191,strain,Nurse_21,2,17.0
191,strain,Nurse_22,1,10.5
191,strain,Nurse_23,3,12.0
191,strain,Nurse_24,0,10.0
191,strain,Nurse_25,0,5.5
191,strain,Nurse_26,4,17.0
191,strain,Nurse_27,1,3.0
191,strain,Nurse_28,1,14.0
191,strain,Nurse_29,2,17.0
191,strain,Nurse_30,2,16.0
191,strain,Nurse_31,0,5.0
191,strain,Nurse_32,1,9.5
191,strain,Nurse_33,3,19.0
191,strain,Nurse_34,1,11.5
191,strain,Nurse_35,2,14.5
191,strain,Nurse_36,2,10.5
191,strain,Nurse_37,3,17.5
191,strain,Nurse_38,3,17.0
191,strain,Nurse_39,3,17.5
191,strain,Nurse_40,1,20.0
191,strain,Nurse_41,1,12.5
191,strain,Nurse_42,3,20.0
191,strain,Nurse_43,0,8.5
191,strain,Nurse_44,1,11.5
191,strain,Nurse_45,0,8.5
191,strain,Nurse_46,2,12.5
191,strain,Nurse_47,4,16.0
191,strain,Nurse_48,0,3.0
191,strain,Nurse_49,0,6.0
191,strain,Nurse_50,2,15.5
191,strain,Nurse_51,2,9.0
191,strain,Nurse_52,3,15.5
191,strain,Nurse_53,0,10.0
191,strain,Nurse_54,1,12.0
191,strain,Nurse_55,2,6.0
191,strain,Nurse_56,0,9.5
191,strain,Nurse_57,2,17.0
191,strain,Nurse_58,1,15.0
191,strain,Nurse_59,3,19.5
191,strain,Nurse_60,3,15.5
191,strain,Nurse_61,0,9.5
191,strain,Nurse_62,1,9.5
191,strain,Nurse_63,2,20.5
191,strain,Nurse_64,0,4.5
191,strain,Nurse_65,2,16.5
191,strain,Nurse_66,0,7.0
191,strain,Nurse_67,2,8.0
191,strain,Nurse_68,2,9.0
191,strain,Nurse_69,0,6.5
191,strain,Nurse_70,1,11.5
192,baseline,Nurse_01,0,12.5
192,baseline,Nurse_02,4,13.5
192,baseline,Nurse_03,3,10.0
192,baseline,Nurse_04,4,20.5
192,baseline,Nurse_05,3,17.0
192,baseline,Nurse_06,1,10.5
192,baseline,Nurse_07,4,19.5
192,baseline,Nurse_08,5,16.5
192,baseline,Nurse_09,1,12.0
192,baseline,Nurse_10,5,17.0
192,baseline,Nurse_11,0,7.0
192,baseline,Nurse_12,5,25.0
192,baseline,Nurse_13,4,20.5
192,baseline,Nurse_14,3,18.0
192,baseline,Nurse_15,5,18.0
192,baseline,Nurse_16,3,18.0
192,baseline,Nurse_17,0,5.0
192,baseline,Nurse_18,5,21.5
192,baseline,Nurse_19,3,19.0
192,baseline,Nurse_20,1,10.5
192,baseline,Nurse_21,3,13.5
192,baseline,Nurse_22,1,10.0
192,baseline,Nurse_23,1,10.0
192,baseline,Nurse_24,5,19.0
192,baseline,Nurse_25,3,9.0
192,baseline,Nurse_26,0,5.0
192,baseline,Nurse_27,2,14.5
192,baseline,Nurse_28,3,16.5
192,baseline,Nurse_29,1,10.5
192,baseline,Nurse_30,0,8.0
192,baseline,Nurse_31,3,12.5
192,baseline,Nurse_32,4,14.0
192,baseline,Nurse_33,4,19.5
192,baseline,Nurse_34,3,17.5
192,baseline,Nurse_35,3,15.5
192,baseline,Nurse_36,1,10.5
192,baseline,Nurse_37,3,17.5
192,baseline,Nurse_38,2,18.5
192,baseline,Nurse_39,1,7.0
192,baseline,Nurse_40,3,13.5
192,baseline,Nurse_41,0,7.5
192,baseline,Nurse_42,0,3.5
192,baseline,Nurse_43,5,23.5
192,baseline,Nurse_44,5,15.0
192,baseline,Nurse_45,4,18.5
192,baseline,Nurse_46,2,11.5
192,baseline,Nurse_47,2,15.5
192,baseline,Nurse_48,1,14.0
192,baseline,Nurse_49,4,17.0
192,baseline,Nurse_50,4,23.0
192,baseline,Nurse_51,4,17.0
192,baseline,Nurse_52,3,23.5
192,baseline,Nurse_53,3,13.5
192,baseline,Nurse_54,5,20.0
192,baseline,Nurse_55,4,20.0
192,baseline,Nurse_56,2,12.5
192,baseline,Nurse_57,1,4.5
192,baseline,Nurse_58,3,9.0
192,baseline,Nurse_59,1,6.0
192,baseline,Nurse_60,3,12.0
192,baseline,Nurse_61,5,22.0
192,baseline,Nurse_62,0,4.5
192,baseline,Nurse_63,1,12.0
192,baseline,Nurse_64,4,19.0
192,baseline,Nurse_65,2,10.0
192,baseline,Nurse_66,5,22.5
192,baseline,Nurse_67,3,17.5
192,baseline,Nurse_68,2,17.0
192,baseline,Nurse_69,0,8.0
192,baseline,Nurse_70,1,4.5
192,strain,Nurse_01,0,11.5
192,strain,Nurse_02,4,16.5
192,strain,Nurse_03,3,10.0
192,strain,Nurse_04,2,16.5
192,strain,Nurse_05,3,16.0
192,strain,Nurse_06,0,7.0
192,strain,Nurse_07,2,16.0
192,strain,Nurse_08,4,16.5
192,strain,Nurse_09,1,10.0
192,strain,Nurse_10,5,17.0
192,strain,Nurse_11,0,7.0
192,strain,Nurse_12,1,17.0
192,strain,Nurse_13,2,15.0
192,strain,Nurse_14,2,16.0
192,strain,Nurse_15,4,16.5
192,strain,Nurse_16,3,18.0
192,strain,Nurse_17,0,5.0
192,strain,Nurse_18,2,15.0
192,strain,Nurse_19,2,14.0
192,strain,Nurse_20,0,7.5
192,strain,Nurse_21,2,13.5
192,strain,Nurse_22,1,10.0
192,strain,Nurse_23,1,8.5
192,strain,Nurse_24,4,16.0
192,strain,Nurse_25,3,12.0
192,strain,Nurse_26,0,10.5
192,strain,Nurse_27,2,12.0
192,strain,Nurse_28,2,17.5
192,strain,Nurse_29,1,10.5
192,strain,Nurse_30,0,5.5
192,strain,Nurse_31,3,11.0
192,strain,Nurse_32,1,10.0
192,strain,Nurse_33,2,16.5
192,strain,Nurse_34,2,14.5
192,strain,Nurse_35,2,14.0
192,strain,Nurse_36,1,9.0
192,strain,Nurse_37,3,18.5
192,strain,Nurse_38,0,12.0
192,strain,Nurse_39,1,9.5
192,strain,Nurse_40,3,13.0
192,strain,Nurse_41,0,9.0
192,strain,Nurse_42,1,8.0
192,strain,Nurse_43,4,18.0
192,strain,Nurse_44,3,12.0
192,strain,Nurse_45,4,17.5
192,strain,Nurse_46,1,8.5
192,strain,Nurse_47,2,15.5
192,strain,Nurse_48,0,7.5
192,strain,Nurse_49,1,13.5
192,strain,Nurse_50,2,17.0
192,strain,Nurse_51,3,14.0
192,strain,Nurse_52,0,11.0
192,strain,Nurse_53,2,11.5
192,strain,Nurse_54,3,18.0
192,strain,Nurse_55,2,13.0
192,strain,Nurse_56,1,12.0
192,strain,Nurse_57,0,4.5
192,strain,Nurse_58,3,10.5
192,strain,Nurse_59,1,10.5
192,strain,Nurse_60,2,10.5
192,strain,Nurse_61,1,17.0
192,strain,Nurse_62,0,6.0
192,strain,Nurse_63,0,11.0
192,strain,Nurse_64,3,14.5
192,strain,Nurse_65,1,12.0
192,strain,Nurse_66,3,17.0
192,strain,Nurse_67,1,12.0
192,strain,Nurse_68,1,11.5
192,strain,Nurse_69,0,10.5
192,strain,Nurse_70,1,11.0
193,baseline,Nurse_01,4,18.5
193,baseline,Nurse_02,1,10.0
193,baseline,Nurse_03,4,22.0
193,baseline,Nurse_04,4,17.5
193,baseline,Nurse_05,1,8.0
193,baseline,Nurse_06,6,22.0
193,baseline,Nurse_07,3,20.5
193,baseline,Nurse_08,5,29.0
193,baseline,Nurse_09,4,16.0
193,baseline,Nurse_10,1,12.5
193,baseline,Nurse_11,2,10.0
193,baseline,Nurse_12,1,12.5
193,baseline,Nurse_13,4,18.0
193,baseline,Nurse_14,5,22.0
193,baseline,Nurse_15,1,10.0
193,baseline,Nurse_16,2,11.5
193,baseline,Nurse_17,0,6.0
193,baseline,Nurse_18,4,21.0
193,baseline,Nurse_19,2,14.5
193,baseline,Nurse_20,3,17.5
193,baseline,Nurse_21,2,15.5
193,baseline,Nurse_22,6,23.5
193,baseline,Nurse_23,3,9.0
193,baseline,Nurse_24,2,21.0
193,baseline,Nurse_25,3,16.5
193,baseline,Nurse_26,2,13.5
193,baseline,Nurse_27,0,0.0
193,baseline,Nurse_28,5,20.0
193,baseline,Nurse_29,2,7.5
193,baseline,Nurse_30,1,13.0
193,baseline,Nurse_31,3,15.5
193,baseline,Nurse_32,0,10.5
193,baseline,Nurse_33,2,14.0
193,baseline,Nurse_34,0,5.0
193,baseline,Nurse_35,1,6.5
193,baseline,Nurse_36,4,12.0
193,baseline,Nurse_37,4,13.5
193,baseline,Nurse_38,2,16.5
193,baseline,Nurse_39,1,10.0
193,baseline,Nurse_40,2,10.0
193,baseline,Nurse_41,1,6.0
193,baseline,Nurse_42,5,21.5
193,baseline,Nurse_43,4,21.0
193,baseline,Nurse_44,1,8.5
193,baseline,Nurse_45,1,7.5
193,baseline,Nurse_46,1,6.5
193,baseline,Nurse_47,1,14.5
193,baseline,Nurse_48,2,16.5
193,baseline,Nurse_49,3,18.5
193,baseline,Nurse_50,1,5.0
193,baseline,Nurse_51,1,9.5
193,baseline,Nurse_52,5,22.5
193,baseline,Nurse_53,3,15.5
193,baseline,Nurse_54,6,24.5
193,baseline,Nurse_55,2,11.0
193,baseline,Nurse_56,4,23.0
193,baseline,Nurse_57,4,21.0
193,baseline,Nurse_58,1,12.5
193,baseline,Nurse_59,1,3.0
193,baseline,Nurse_60,2,14.5
193,baseline,Nurse_61,1,3.0
193,baseline,Nurse_62,4,12.0
193,baseline,Nurse_63,2,14.5
193,baseline,Nurse_64,1,6.0
193,baseline,Nurse_65,4,13.5
193,baseline,Nurse_66,1,12.5
193,baseline,Nurse_67,2,7.5
193,baseline,Nurse_68,4,19.0
193,baseline,Nurse_69,3,18.0
193,baseline,Nurse_70,3,15.0
193,strain,Nurse_01,3,15.5
193,strain,Nurse_02,1,10.0
193,strain,Nurse_03,4,17.0
193,strain,Nurse_04,3,17.0
193,strain,Nurse_05,1,10.0
193,strain,Nurse_06,3,17.5
193,strain,Nurse_07,2,15.5
193,strain,Nurse_08,3,23.5
193,strain,Nurse_09,2,14.0
193,strain,Nurse_10,0,7.5
193,strain,Nurse_11,2,11.5
193,strain,Nurse_12,0,12.5
193,strain,Nurse_13,2,18.0
193,strain,Nurse_14,4,21.5
193,strain,Nurse_15,0,9.0
193,strain,Nurse_16,1,11.0
193,strain,Nurse_17,0,8.5
193,strain,Nurse_18,1,12.0
193,strain,Nurse_19,2,13.0
193,strain,Nurse_20,2,14.5
193,strain,Nurse_21,1,10.0
193,strain,Nurse_22,2,14.5
193,strain,Nurse_23,2,7.5
193,strain,Nurse_24,2,19.5
193,strain,Nurse_25,3,15.0
193,strain,Nurse_26,2,15.0
193,strain,Nurse_27,0,1.5
193,strain,Nurse_28,3,15.5
193,strain,Nurse_29,1,7.5
193,strain,Nurse_30,1,11.5
193,strain,Nurse_31,2,16.0
193,strain,Nurse_32,0,12.0
193,strain,Nurse_33,1,10.5
193,strain,Nurse_34,0,9.0
193,strain,Nurse_35,1,8.0
193,strain,Nurse_36,4,15.0
193,strain,Nurse_37,2,10.0
193,strain,Nurse_38,1,13.5
193,strain,Nurse_39,1,10.0
193,strain,Nurse_40,2,11.5
193,strain,Nurse_41,1,7.5
193,strain,Nurse_42,2,17.5
193,strain,Nurse_43,2,13.5
193,strain,Nurse_44,0,5.5
193,strain,Nurse_45,1,7.5
193,strain,Nurse_46,0,7.0
193,strain,Nurse_47,1,15.5
193,strain,Nurse_48,1,11.0
193,strain,Nurse_49,3,20.0
193,strain,Nurse_50,1,9.5
193,strain,Nurse_51,1,8.0
193,strain,Nurse_52,3,16.5
193,strain,Nurse_53,1,11.0
193,strain,Nurse_54,5,23.0
193,strain,Nurse_55,1,9.5
193,strain,Nurse_56,1,12.5
193,strain,Nurse_57,2,17.0
193,strain,Nurse_58,0,11.0
193,strain,Nurse_59,1,7.5
193,strain,Nurse_60,1,12.0
193,strain,Nurse_61,1,3.0
193,strain,Nurse_62,2,9.0
193,strain,Nurse_63,2,12.0
193,strain,Nurse_64,1,4.5
193,strain,Nurse_65,4,13.5
193,strain,Nurse_66,0,13.0
193,strain,Nurse_67,2,7.5
193,strain,Nurse_68,3,16.0
193,strain,Nurse_69,2,12.5
193,strain,Nurse_70,2,11.5
194,baseline,Nurse_01,1,13.5
194,baseline,Nurse_02,1,10.0
194,baseline,Nurse_03,4,15.0
194,baseline,Nurse_04,4,21.0
194,baseline,Nurse_05,0,4.5
194,baseline,Nurse_06,1,9.5
194,baseline,Nurse_07,4,18.5
194,baseline,Nurse_08,5,21.5
194,baseline,Nurse_09,0,7.5
194,baseline,Nurse_10,5,20.0
194,baseline,Nurse_11,1,15.0
194,baseline,Nurse_12,6,28.5
194,baseline,Nurse_13,4,23.0
194,baseline,Nurse_14,1,9.0
194,baseline,Nurse_15,0,5.0
194,baseline,Nurse_16,1,4.5
194,baseline,Nurse_17,1,6.0
194,baseline,Nurse_18,1,9.5
194,baseline,Nurse_19,0,8.5
194,baseline,Nurse_20,2,11.5
194,baseline,Nurse_21,4,12.0
194,baseline,Nurse_22,4,17.0
194,baseline,Nurse_23,2,18.0
194,baseline,Nurse_24,3,14.0
194,baseline,Nurse_25,3,18.0
194,baseline,Nurse_26,2,11.0
194,baseline,Nurse_27,2,9.0
194,baseline,Nurse_28,3,15.5
194,baseline,Nurse_29,1,11.5
194,baseline,Nurse_30,3,15.0
194,baseline,Nurse_31,1,3.0
194,baseline,Nurse_32,5,22.0
194,baseline,Nurse_33,5,22.5
194,baseline,Nurse_34,0,4.5
194,baseline,Nurse_35,3,9.0
194,baseline,Nurse_36,1,6.5
194,baseline,Nurse_37,0,9.5
194,baseline,Nurse_38,3,15.5
194,baseline,Nurse_39,2,14.0
194,baseline,Nurse_40,1,12.0
194,baseline,Nurse_41,4,18.0
194,baseline,Nurse_42,1,10.0
194,baseline,Nurse_43,4,20.5
194,baseline,Nurse_44,4,15.5
194,baseline,Nurse_45,0,9.5
194,baseline,Nurse_46,3,16.5
194,baseline,Nurse_47,4,22.5
194,baseline,Nurse_48,2,6.0
194,baseline,Nurse_49,4,20.0
194,baseline,Nurse_50,3,17.0
194,baseline,Nurse_51,2,14.0
194,baseline,Nurse_52,5,17.0
194,baseline,Nurse_53,0,10.5
194,baseline,Nurse_54,5,18.5
194,baseline,Nurse_55,1,9.5
194,baseline,Nurse_56,5,15.0
194,baseline,Nurse_57,3,23.0
194,baseline,Nurse_58,4,19.0
194,baseline,Nurse_59,2,14.5
194,baseline,Nurse_60,4,20.0
194,baseline,Nurse_61,5,18.5
194,baseline,Nurse_62,3,20.5
194,baseline,Nurse_63,5,21.0
194,baseline,Nurse_64,2,18.0
194,baseline,Nurse_65,2,9.0
194,baseline,Nurse_66,4,20.0
194,baseline,Nurse_67,1,10.5
194,baseline,Nurse_68,4,23.0
194,baseline,Nurse_69,5,22.0
194,baseline,Nurse_70,3,15.0
194,strain,Nurse_01,1,12.0
194,strain,Nurse_02,1,9.5
194,strain,Nurse_03,3,13.5
194,strain,Nurse_04,2,16.0
194,strain,Nurse_05,0,7.0
194,strain,Nurse_06,0,7.5
194,strain,Nurse_07,3,17.0
194,strain,Nurse_08,3,16.0
194,strain,Nurse_09,0,5.0
194,strain,Nurse_10,3,16.0
194,strain,Nurse_11,1,17.5
194,strain,Nurse_12,4,23.0
194,strain,Nurse_13,3,19.0
194,strain,Nurse_14,0,10.5
194,strain,Nurse_15,0,6.5
194,strain,Nurse_16,1,4.5
194,strain,Nurse_17,0,1.5
194,strain,Nurse_18,0,11.5
194,strain,Nurse_19,0,11.0
194,strain,Nurse_20,1,11.0
194,strain,Nurse_21,4,12.0
194,strain,Nurse_22,3,16.5
194,strain,Nurse_23,0,11.0
194,strain,Nurse_24,2,12.5
194,strain,Nurse_25,2,14.5
194,strain,Nurse_26,2,11.0
194,strain,Nurse_27,1,4.5
194,strain,Nurse_28,2,11.0
194,strain,Nurse_29,0,10.0
194,strain,Nurse_30,2,16.5
194,strain,Nurse_31,1,4.5
194,strain,Nurse_32,2,17.5
194,strain,Nurse_33,4,18.0
194,strain,Nurse_34,0,9.0
194,strain,Nurse_35,3,10.5
194,strain,Nurse_36,1,6.5
194,strain,Nurse_37,0,7.0
194,strain,Nurse_38,1,12.5
194,strain,Nurse_39,2,12.5
194,strain,Nurse_40,1,13.5
194,strain,Nurse_41,3,15.5
194,strain,Nurse_42,1,11.5
194,strain,Nurse_43,2,14.0
194,strain,Nurse_44,4,14.0
194,strain,Nurse_45,1,13.5
194,strain,Nurse_46,2,16.5
194,strain,Nurse_47,2,15.0
194,strain,Nurse_48,2,7.5
194,strain,Nurse_49,2,19.0
194,strain,Nurse_50,1,15.0
194,strain,Nurse_51,0,11.5
194,strain,Nurse_52,4,18.0
194,strain,Nurse_53,0,12.0
194,strain,Nurse_54,2,14.0
194,strain,Nurse_55,1,10.5
194,strain,Nurse_56,4,13.5
194,strain,Nurse_57,3,20.5
194,strain,Nurse_58,1,14.0
194,strain,Nurse_59,2,14.5
194,strain,Nurse_60,2,15.5
194,strain,Nurse_61,5,17.5
194,strain,Nurse_62,1,14.5
194,strain,Nurse_63,4,18.5
194,strain,Nurse_64,2,15.0
194,strain,Nurse_65,1,10.5
194,strain,Nurse_66,2,15.5
194,strain,Nurse_67,1,13.0
194,strain,Nurse_68,4,20.0
194,strain,Nurse_69,4,18.0
194,strain,Nurse_70,2,11.0
195,baseline,Nurse_01,0,3.0
195,baseline,Nurse_02,6,21.0
195,baseline,Nurse_03,3,13.0
195,baseline,Nurse_04,2,14.0
195,baseline,Nurse_05,5,18.0
195,baseline,Nurse_06,3,18.0
195,baseline,Nurse_07,3,17.5
195,baseline,Nurse_08,0,7.0
195,baseline,Nurse_09,1,9.5
195,baseline,Nurse_10,0,8.0
195,baseline,Nurse_11,2,14.5
195,baseline,Nurse_12,1,9.5
195,baseline,Nurse_13,1,13.5
195,baseline,Nurse_14,2,11.0
195,baseline,Nurse_15,2,9.0
195,baseline,Nurse_16,2,12.0
195,baseline,Nurse_17,2,12.0
195,baseline,Nurse_18,2,7.5
195,baseline,Nurse_19,5,18.0
195,baseline,Nurse_20,1,8.5
195,baseline,Nurse_21,3,11.0
195,baseline,Nurse_22,2,10.0
195,baseline,Nurse_23,5,27.0
195,baseline,Nurse_24,6,25.5
195,baseline,Nurse_25,1,7.0
195,baseline,Nurse_26,5,21.0
195,baseline,Nurse_27,2,7.5
195,baseline,Nurse_28,0,4.0
195,baseline,Nurse_29,2,12.0
195,baseline,Nurse_30,0,2.0
195,baseline,Nurse_31,3,16.5
195,baseline,Nurse_32,5,20.0
195,baseline,Nurse_33,5,23.5
195,baseline,Nurse_34,1,14.5
195,baseline,Nurse_35,5,21.5
195,baseline,Nurse_36,4,14.0
195,baseline,Nurse_37,1,9.0
195,baseline,Nurse_38,3,17.5
195,baseline,Nurse_39,1,12.0
195,baseline,Nurse_40,1,9.0
195,baseline,Nurse_41,5,29.5
195,baseline,Nurse_42,3,20.5
195,baseline,Nurse_43,0,0.0
195,baseline,Nurse_44,4,23.0
195,baseline,Nurse_45,1,11.0
195,baseline,Nurse_46,0,5.0
195,baseline,Nurse_47,4,18.0
195,baseline,Nurse_48,0,3.0
195,baseline,Nurse_49,4,14.0
195,baseline,Nurse_50,1,13.0
195,baseline,Nurse_51,2,15.5
195,baseline,Nurse_52,3,14.5
195,baseline,Nurse_53,2,14.5
195,baseline,Nurse_54,1,14.5
195,baseline,Nurse_55,0,8.0
195,baseline,Nurse_56,6,28.5
195,baseline,Nurse_57,6,28.0
195,baseline,Nurse_58,2,17.0
195,baseline,Nurse_59,5,21.5
195,baseline,Nurse_60,3,20.5
195,baseline,Nurse_61,3,15.5
195,baseline,Nurse_62,1,6.0
195,baseline,Nurse_63,6,24.0
195,baseline,Nurse_64,0,11.0
195,baseline,Nurse_65,5,22.5
195,baseline,Nurse_66,0,3.5
195,baseline,Nurse_67,6,18.0
195,baseline,Nurse_68,2,14.0
195,baseline,Nurse_69,6,18.0
195,baseline,Nurse_70,0,11.0
195,strain,Nurse_01,0,4.5
195,strain,Nurse_02,4,12.0
195,strain,Nurse_03,0,11.0
195,strain,Nurse_04,2,12.0
195,strain,Nurse_05,3,13.0
195,strain,Nurse_06,2,16.0
195,strain,Nurse_07,1,13.0
195,strain,Nurse_08,0,11.0
195,strain,Nurse_09,1,11.0
195,strain,Nurse_10,0,5.5
195,strain,Nurse_11,0,9.5
195,strain,Nurse_12,1,9.5
195,strain,Nurse_13,1,11.5
195,strain,Nurse_14,2,11.0
195,strain,Nurse_15,1,7.5
195,strain,Nurse_16,0,9.5
195,strain,Nurse_17,1,10.5
195,strain,Nurse_18,2,9.0
195,strain,Nurse_19,3,12.5
195,strain,Nurse_20,0,7.0
195,strain,Nurse_21,3,11.0
195,strain,Nurse_22,2,11.5
195,strain,Nurse_23,3,21.0
195,strain,Nurse_24,2,17.0
195,strain,Nurse_25,1,8.5
195,strain,Nurse_26,2,15.0
195,strain,Nurse_27,1,6.0
195,strain,Nurse_28,0,6.5
195,strain,Nurse_29,1,10.5
195,strain,Nurse_30,0,2.0
195,strain,Nurse_31,2,12.5
195,strain,Nurse_32,3,15.0
195,strain,Nurse_33,3,16.5
195,strain,Nurse_34,0,14.5
195,strain,Nurse_35,3,18.0
195,strain,Nurse_36,2,10.0
195,strain,Nurse_37,1,9.0
195,strain,Nurse_38,2,12.0
195,strain,Nurse_39,1,10.5
195,strain,Nurse_40,1,11.5
195,strain,Nurse_41,2,22.0
195,strain,Nurse_42,3,18.0
195,strain,Nurse_43,0,3.0
195,strain,Nurse_44,3,17.5
195,strain,Nurse_45,1,9.5
195,strain,Nurse_46,0,2.0
195,strain,Nurse_47,3,15.5
195,strain,Nurse_48,0,7.0
195,strain,Nurse_49,4,15.5
195,strain,Nurse_50,1,14.5
195,strain,Nurse_51,2,15.5
195,strain,Nurse_52,2,14.0
195,strain,Nurse_53,2,14.5
195,strain,Nurse_54,0,9.5
195,strain,Nurse_55,0,8.0
195,strain,Nurse_56,5,24.5
195,strain,Nurse_57,3,21.0
195,strain,Nurse_58,1,14.5
195,strain,Nurse_59,4,20.0
195,strain,Nurse_60,3,19.0
195,strain,Nurse_61,3,18.0
195,strain,Nurse_62,1,9.0
195,strain,Nurse_63,5,23.5
195,strain,Nurse_64,0,9.5
195,strain,Nurse_65,3,20.5
195,strain,Nurse_66,0,6.0
195,strain,Nurse_67,5,16.5
195,strain,Nurse_68,2,14.0
195,strain,Nurse_69,5,16.5
195,strain,Nurse_70,0,8.5
196,baseline,Nurse_01,0,5.5
196,baseline,Nurse_02,2,16.0
196,baseline,Nurse_03,2,14.0
196,baseline,Nurse_04,2,6.0
196,baseline,Nurse_05,3,21.0
196,baseline,Nurse_06,3,15.0
196,baseline,Nurse_07,2,6.0
196,baseline,Nurse_08,3,16.0
196,baseline,Nurse_09,4,15.5
196,baseline,Nurse_10,0,4.5
196,baseline,Nurse_11,0,7.5
196,baseline,Nurse_12,1,12.0
196,baseline,Nurse_13,0,4.0
196,baseline,Nurse_14,0,4.0
196,baseline,Nurse_15,0,9.0
196,baseline,Nurse_16,2,14.0
196,baseline,Nurse_17,5,21.5
196,baseline,Nurse_18,1,9.0
196,baseline,Nurse_19,5,23.5
196,baseline,Nurse_20,4,22.5
196,baseline,Nurse_21,1,8.5
196,baseline,Nurse_22,3,9.0
196,baseline,Nurse_23,5,20.0
196,baseline,Nurse_24,3,12.0
196,baseline,Nurse_25,1,13.0
196,baseline,Nurse_26,5,18.0
196,baseline,Nurse_27,4,19.0
196,baseline,Nurse_28,2,18.0
196,baseline,Nurse_29,2,13.5
196,baseline,Nurse_30,3,20.0
196,baseline,Nurse_31,3,12.0
196,baseline,Nurse_32,2,13.5
196,baseline,Nurse_33,4,15.0
196,baseline,Nurse_34,0,3.5
196,baseline,Nurse_35,4,16.0
196,baseline,Nurse_36,4,18.0
196,baseline,Nurse_37,5,20.5
196,baseline,Nurse_38,3,17.5
196,baseline,Nurse_39,2,13.0
196,baseline,Nurse_40,4,16.5
196,baseline,Nurse_41,3,16.5
196,baseline,Nurse_42,2,12.0
196,baseline,Nurse_43,5,24.5
196,baseline,Nurse_44,2,7.5
196,baseline,Nurse_45,5,22.5
196,baseline,Nurse_46,1,12.0
196,baseline,Nurse_47,4,21.5
196,baseline,Nurse_48,1,15.5
196,baseline,Nurse_49,2,11.0
196,baseline,Nurse_50,3,19.5
196,baseline,Nurse_51,4,13.5
196,baseline,Nurse_52,0,12.5
196,baseline,Nurse_53,7,28.0
196,baseline,Nurse_54,1,8.5
196,baseline,Nurse_55,2,9.5
196,baseline,Nurse_56,1,4.5
196,baseline,Nurse_57,5,20.0
196,baseline,Nurse_58,4,15.0
196,baseline,Nurse_59,4,20.5
196,baseline,Nurse_60,0,6.0
196,baseline,Nurse_61,0,7.5
196,baseline,Nurse_62,2,13.0
196,baseline,Nurse_63,3,17.0
196,baseline,Nurse_64,4,19.5
196,baseline,Nurse_65,3,15.0
196,baseline,Nurse_66,1,14.5
196,baseline,Nurse_67,3,14.5
196,baseline,Nurse_68,2,9.0
196,baseline,Nurse_69,4,19.5
196,baseline,Nurse_70,2,11.5
196,strain,Nurse_01,0,8.0
196,strain,Nurse_02,1,13.0
196,strain,Nurse_03,1,12.5
196,strain,Nurse_04,1,6.0
196,strain,Nurse_05,2,16.5
196,strain,Nurse_06,3,16.5
196,strain,Nurse_07,2,7.5
196,strain,Nurse_08,3,17.0
196,strain,Nurse_09,4,14.0
196,strain,Nurse_10,0,8.5
196,strain,Nurse_11,0,12.0
196,strain,Nurse_12,0,13.0
196,strain,Nurse_13,0,4.0
196,strain,Nurse_14,0,5.5
196,strain,Nurse_15,0,13.0
196,strain,Nurse_16,1,10.5
196,strain,Nurse_17,4,18.5
196,strain,Nurse_18,0,9.0
196,strain,Nurse_19,2,20.0
196,strain,Nurse_20,2,17.0
196,strain,Nurse_21,1,11.0
196,strain,Nurse_22,1,9.0
196,strain,Nurse_23,4,16.0
196,strain,Nurse_24,3,12.0
196,strain,Nurse_25,1,14.5
196,strain,Nurse_26,4,17.5
196,strain,Nurse_27,2,15.5
196,strain,Nurse_28,1,7.5
196,strain,Nurse_29,2,13.5
196,strain,Nurse_30,3,16.5
196,strain,Nurse_31,3,13.5
196,strain,Nurse_32,1,12.0
196,strain,Nurse_33,3,10.5
196,strain,Nurse_34,0,5.0
196,strain,Nurse_35,3,17.5
196,strain,Nurse_36,3,15.5
196,strain,Nurse_37,3,15.5
196,strain,Nurse_38,1,14.0
196,strain,Nurse_39,2,13.5
196,strain,Nurse_40,2,9.0
196,strain,Nurse_41,2,14.5
196,strain,Nurse_42,2,13.5
196,strain,Nurse_43,4,20.5
196,strain,Nurse_44,2,9.0
196,strain,Nurse_45,3,19.0
196,strain,Nurse_46,0,10.0
196,strain,Nurse_47,1,15.0
196,strain,Nurse_48,0,11.0
196,strain,Nurse_49,1,9.0
196,strain,Nurse_50,2,13.5
196,strain,Nurse_51,2,10.5
196,strain,Nurse_52,0,12.5
196,strain,Nurse_53,3,21.0
196,strain,Nurse_54,1,8.5
196,strain,Nurse_55,1,12.0
196,strain,Nurse_56,1,4.5
196,strain,Nurse_57,3,17.0
196,strain,Nurse_58,3,13.5
196,strain,Nurse_59,2,17.0
196,strain,Nurse_60,0,9.0
196,strain,Nurse_61,0,8.0
196,strain,Nurse_62,2,12.5
196,strain,Nurse_63,2,13.0
196,strain,Nurse_64,3,17.5
196,strain,Nurse_65,2,12.0
196,strain,Nurse_66,1,12.0
196,strain,Nurse_67,0,11.0
196,strain,Nurse_68,1,7.5
196,strain,Nurse_69,3,15.5
196,strain,Nurse_70,2,9.0
197,baseline,Nurse_01,2,14.5
197,baseline,Nurse_02,2,12.0
197,baseline,Nurse_03,2,11.5
197,baseline,Nurse_04,4,21.0
197,baseline,Nurse_05,4,27.5
197,baseline,Nurse_06,2,16.5
197,baseline,Nurse_07,1,10.0
197,baseline,Nurse_08,0,11.0
197,baseline,Nurse_09,3,13.5
197,baseline,Nurse_10,4,21.5
197,baseline,Nurse_11,2,7.5
197,baseline,Nurse_12,1,9.0
197,baseline,Nurse_13,3,13.5
197,baseline,Nurse_14,2,13.5
197,baseline,Nurse_15,4,22.5
197,baseline,Nurse_16,1,11.5
197,baseline,Nurse_17,2,10.0
197,baseline,Nurse_18,0,2.0
197,baseline,Nurse_19,3,19.0
197,baseline,Nurse_20,6,21.5
197,baseline,Nurse_21,2,16.5
197,baseline,Nurse_22,1,16.0
197,baseline,Nurse_23,3,19.5
197,baseline,Nurse_24,4,23.5
197,baseline,Nurse_25,5,22.0
197,baseline,Nurse_26,4,20.0
197,baseline,Nurse_27,3,15.0
197,baseline,Nurse_28,3,17.0
197,baseline,Nurse_29,3,13.5
197,baseline,Nurse_30,1,8.5
197,baseline,Nurse_31,4,21.0
197,baseline,Nurse_32,0,3.0
197,baseline,Nurse_33,4,15.0
197,baseline,Nurse_34,5,18.5
197,baseline,Nurse_35,1,8.5
197,baseline,Nurse_36,2,14.5
197,baseline,Nurse_37,5,18.0
197,baseline,Nurse_38,1,10.0
197,baseline,Nurse_39,5,22.0
197,baseline,Nurse_40,3,14.0
197,baseline,Nurse_41,1,7.5
197,baseline,Nurse_42,5,16.5
197,baseline,Nurse_43,5,21.5
197,baseline,Nurse_44,0,3.0
197,baseline,Nurse_45,2,14.0
197,baseline,Nurse_46,3,11.0
197,baseline,Nurse_47,1,11.0
197,baseline,Nurse_48,2,9.0
197,baseline,Nurse_49,0,2.0
197,baseline,Nurse_50,5,19.0
197,baseline,Nurse_51,1,10.0
197,baseline,Nurse_52,3,18.5
197,baseline,Nurse_53,1,11.5
197,baseline,Nurse_54,0,5.0
197,baseline,Nurse_55,1,11.0
197,baseline,Nurse_56,3,18.0
197,baseline,Nurse_57,1,8.0
197,baseline,Nurse_58,2,17.5
197,baseline,Nurse_59,2,14.0
197,baseline,Nurse_60,1,4.5
197,baseline,Nurse_61,5,21.5
197,baseline,Nurse_62,4,18.5
197,baseline,Nurse_63,2,19.5
197,baseline,Nurse_64,1,3.0
197,baseline,Nurse_65,3,12.0
197,baseline,Nurse_66,1,8.5
197,baseline,Nurse_67,0,9.5
197,baseline,Nurse_68,3,9.0
197,baseline,Nurse_69,7,31.5
197,baseline,Nurse_70,5,19.0
197,strain,Nurse_01,2,13.0
197,strain,Nurse_02,1,15.0
197,strain,Nurse_03,1,10.5
197,strain,Nurse_04,3,21.0
197,strain,Nurse_05,2,17.0
197,strain,Nurse_06,1,13.5
197,strain,Nurse_07,1,9.0
197,strain,Nurse_08,0,9.5
197,strain,Nurse_09,2,10.5
197,strain,Nurse_10,2,20.0
197,strain,Nurse_11,2,7.5
197,strain,Nurse_12,0,4.5
197,strain,Nurse_13,2,14.0
197,strain,Nurse_14,1,9.5
197,strain,Nurse_15,2,16.0
197,strain,Nurse_16,1,10.0
197,strain,Nurse_17,1,8.0
197,strain,Nurse_18,0,2.0
197,strain,Nurse_19,1,13.5
197,strain,Nurse_20,3,14.0
197,strain,Nurse_21,2,14.5
197,strain,Nurse_22,0,12.0
197,strain,Nurse_23,0,12.5
197,strain,Nurse_24,3,18.5
197,strain,Nurse_25,4,20.5
197,strain,Nurse_26,2,16.5
197,strain,Nurse_27,1,14.5
197,strain,Nurse_28,3,15.5
197,strain,Nurse_29,2,13.0
197,strain,Nurse_30,0,3.0
197,strain,Nurse_31,2,20.0
197,strain,Nurse_32,0,7.5
197,strain,Nurse_33,4,12.0
197,strain,Nurse_34,2,15.0
197,strain,Nurse_35,1,10.0
197,strain,Nurse_36,1,9.5
197,strain,Nurse_37,4,15.5
197,strain,Nurse_38,1,8.5
197,strain,Nurse_39,2,19.0
197,strain,Nurse_40,2,11.0
197,strain,Nurse_41,1,9.0
197,strain,Nurse_42,5,16.5
197,strain,Nurse_43,2,18.5
197,strain,Nurse_44,0,1.5
197,strain,Nurse_45,2,14.0
197,strain,Nurse_46,3,11.0
197,strain,Nurse_47,1,8.0
197,strain,Nurse_48,1,7.5
197,strain,Nurse_49,0,6.5
197,strain,Nurse_50,3,16.0
197,strain,Nurse_51,1,8.0
197,strain,Nurse_52,1,14.0
197,strain,Nurse_53,0,8.5
197,strain,Nurse_54,0,7.5
197,strain,Nurse_55,1,12.5
197,strain,Nurse_56,2,17.5
197,strain,Nurse_57,1,12.5
197,strain,Nurse_58,1,14.0
197,strain,Nurse_59,2,11.5
197,strain,Nurse_60,0,7.5
197,strain,Nurse_61,3,14.5
197,strain,Nurse_62,3,17.0
197,strain,Nurse_63,1,17.0
197,strain,Nurse_64,1,3.0
197,strain,Nurse_65,1,12.5
197,strain,Nurse_66,1,12.0
197,strain,Nurse_67,0,11.5
197,strain,Nurse_68,3,9.0
197,strain,Nurse_69,2,18.5
197,strain,Nurse_70,2,17.0
198,baseline,Nurse_01,1,10.0
198,baseline,Nurse_02,1,9.0
198,baseline,Nurse_03,2,6.0
198,baseline,Nurse_04,5,24.5
198,baseline,Nurse_05,3,15.0
198,baseline,Nurse_06,1,8.5
198,baseline,Nurse_07,2,21.5
198,baseline,Nurse_08,5,18.0
198,baseline,Nurse_09,3,18.5
198,baseline,Nurse_10,1,4.5
198,baseline,Nurse_11,3,17.5
198,baseline,Nurse_12,3,17.0
198,baseline,Nurse_13,0,7.5
198,baseline,Nurse_14,1,12.5
198,baseline,Nurse_15,3,17.5
198,baseline,Nurse_16,4,12.0
198,baseline,Nurse_17,2,6.0
198,baseline,Nurse_18,5,20.0
198,baseline,Nurse_19,5,21.5
198,baseline,Nurse_20,1,13.5
198,baseline,Nurse_21,6,24.5
198,baseline,Nurse_22,6,22.5
198,baseline,Nurse_23,1,10.5
198,baseline,Nurse_24,1,13.5
198,baseline,Nurse_25,2,11.0
198,baseline,Nurse_26,4,23.5
198,baseline,Nurse_27,1,14.0
198,baseline,Nurse_28,5,19.0
198,baseline,Nurse_29,0,5.0
198,baseline,Nurse_30,5,22.5
198,baseline,Nurse_31,2,14.5
198,baseline,Nurse_32,5,16.5
198,baseline,Nurse_33,4,16.5
198,baseline,Nurse_34,3,21.5
198,baseline,Nurse_35,3,14.5
198,baseline,Nurse_36,2,9.0
198,baseline,Nurse_37,3,15.5
198,baseline,Nurse_38,3,15.5
198,baseline,Nurse_39,1,10.0
198,baseline,Nurse_40,1,10.5
198,baseline,Nurse_41,3,14.0
198,baseline,Nurse_42,3,14.0
198,baseline,Nurse_43,2,9.0
198,baseline,Nurse_44,3,15.0
198,baseline,Nurse_45,3,13.0
198,baseline,Nurse_46,1,11.0
198,baseline,Nurse_47,5,21.5
198,baseline,Nurse_48,0,8.5
198,baseline,Nurse_49,6,27.0
198,baseline,Nurse_50,4,19.5
198,baseline,Nurse_51,0,6.0
198,baseline,Nurse_52,1,6.0
198,baseline,Nurse_53,2,13.5
198,baseline,Nurse_54,0,2.0
198,baseline,Nurse_55,3,17.0
198,baseline,Nurse_56,1,9.5
198,baseline,Nurse_57,2,9.0
198,baseline,Nurse_58,4,18.5
198,baseline,Nurse_59,0,4.0
198,baseline,Nurse_60,4,13.5
198,baseline,Nurse_61,5,21.0
198,baseline,Nurse_62,2,15.5
198,baseline,Nurse_63,2,13.0
198,baseline,Nurse_64,3,13.5
198,baseline,Nurse_65,1,9.5
198,baseline,Nurse_66,6,21.0
198,baseline,Nurse_67,3,18.5
198,baseline,Nurse_68,6,23.0
198,baseline,Nurse_69,1,12.0
198,baseline,Nurse_70,5,21.0
198,strain,Nurse_01,1,12.5
198,strain,Nurse_02,0,10.0
198,strain,Nurse_03,2,7.5
198,strain,Nurse_04,2,15.0
198,strain,Nurse_05,3,15.0
198,strain,Nurse_06,1,10.0
198,strain,Nurse_07,1,15.5
198,strain,Nurse_08,5,16.5
198,strain,Nurse_09,2,17.0
198,strain,Nurse_10,1,7.5
198,strain,Nurse_11,3,16.0
198,strain,Nurse_12,2,14.5
198,strain,Nurse_13,0,11.5
198,strain,Nurse_14,1,12.5
198,strain,Nurse_15,3,16.5
198,strain,Nurse_16,4,12.0
198,strain,Nurse_17,2,6.0
198,strain,Nurse_18,4,20.0
198,strain,Nurse_19,3,18.5
198,strain,Nurse_20,0,7.0
198,strain,Nurse_21,2,14.0
198,strain,Nurse_22,4,18.0
198,strain,Nurse_23,0,7.5
198,strain,Nurse_24,1,12.5
198,strain,Nurse_25,2,11.0
198,strain,Nurse_26,3,19.5
198,strain,Nurse_27,0,9.5
198,strain,Nurse_28,4,17.5
198,strain,Nurse_29,0,12.0
198,strain,Nurse_30,4,17.0
198,strain,Nurse_31,0,10.0
198,strain,Nurse_32,3,13.5
198,strain,Nurse_33,2,12.5
198,strain,Nurse_34,0,17.0
198,strain,Nurse_35,1,13.5
198,strain,Nurse_36,2,10.5
198,strain,Nurse_37,2,12.5
198,strain,Nurse_38,1,7.0
198,strain,Nurse_39,0,6.5
198,strain,Nurse_40,1,10.5
198,strain,Nurse_41,1,12.0
198,strain,Nurse_42,2,13.5
198,strain,Nurse_43,1,7.5
198,strain,Nurse_44,3,15.0
198,strain,Nurse_45,3,15.5
198,strain,Nurse_46,1,11.5
198,strain,Nurse_47,3,18.0
198,strain,Nurse_48,0,8.5
198,strain,Nurse_49,1,15.0
198,strain,Nurse_50,2,18.0
198,strain,Nurse_51,0,6.0
198,strain,Nurse_52,1,7.5
198,strain,Nurse_53,2,13.5
198,strain,Nurse_54,0,2.0
198,strain,Nurse_55,2,14.5
198,strain,Nurse_56,1,10.5
198,strain,Nurse_57,1,12.5
198,strain,Nurse_58,3,15.5
198,strain,Nurse_59,0,6.5
198,strain,Nurse_60,4,12.0
198,strain,Nurse_61,4,14.0
198,strain,Nurse_62,0,7.0
198,strain,Nurse_63,1,9.0
198,strain,Nurse_64,2,10.5
198,strain,Nurse_65,1,9.5
198,strain,Nurse_66,4,19.0
198,strain,Nurse_67,2,15.5
198,strain,Nurse_68,3,22.0
198,strain,Nurse_69,1,12.0
198,strain,Nurse_70,2,17.5
199,baseline,Nurse_01,2,15.5
199,baseline,Nurse_02,2,6.0
199,baseline,Nurse_03,3,17.5
199,baseline,Nurse_04,3,18.5
199,baseline,Nurse_05,4,13.5
199,baseline,Nurse_06,0,7.0
199,baseline,Nurse_07,2,12.5
199,baseline,Nurse_08,2,11.0
199,baseline,Nurse_09,3,11.0
199,baseline,Nurse_10,4,16.0
199,baseline,Nurse_11,3,15.5
199,baseline,Nurse_12,3,12.0
199,baseline,Nurse_13,4,20.5
199,baseline,Nurse_14,1,10.5
199,baseline,Nurse_15,2,21.0
199,baseline,Nurse_16,4,14.0
199,baseline,Nurse_17,0,9.5
199,baseline,Nurse_18,1,3.0
199,baseline,Nurse_19,1,12.5
199,baseline,Nurse_20,3,12.5
199,baseline,Nurse_21,6,27.5
199,baseline,Nurse_22,5,16.5
199,baseline,Nurse_23,5,16.0
199,baseline,Nurse_24,3,16.5
199,baseline,Nurse_25,0,5.5
199,baseline,Nurse_26,2,16.0
199,baseline,Nurse_27,4,20.0
199,baseline,Nurse_28,0,9.0
199,baseline,Nurse_29,2,16.0
199,baseline,Nurse_30,2,12.5
199,baseline,Nurse_31,1,6.0
199,baseline,Nurse_32,1,11.5
199,baseline,Nurse_33,2,14.0
199,baseline,Nurse_34,3,12.5
199,baseline,Nurse_35,6,30.0
199,baseline,Nurse_36,1,12.5
199,baseline,Nurse_37,2,17.0
199,baseline,Nurse_38,3,18.5
199,baseline,Nurse_39,2,9.0
199,baseline,Nurse_40,4,20.5
199,baseline,Nurse_41,2,17.0
199,baseline,Nurse_42,6,26.5
199,baseline,Nurse_43,1,10.5
199,baseline,Nurse_44,6,29.5
199,baseline,Nurse_45,4,16.5
199,baseline,Nurse_46,3,18.5
199,baseline,Nurse_47,4,16.0
199,baseline,Nurse_48,2,13.0
199,baseline,Nurse_49,0,12.5
199,baseline,Nurse_50,2,7.5
199,baseline,Nurse_51,2,6.0
199,baseline,Nurse_52,0,3.0
199,baseline,Nurse_53,1,9.0
199,baseline,Nurse_54,2,14.5
199,baseline,Nurse_55,0,1.5
199,baseline,Nurse_56,3,15.0
199,baseline,Nurse_57,1,7.0
199,baseline,Nurse_58,0,3.0
199,baseline,Nurse_59,0,4.0
199,baseline,Nurse_60,1,17.0
199,baseline,Nurse_61,3,17.5
199,baseline,Nurse_62,3,19.5
199,baseline,Nurse_63,3,18.5
199,baseline,Nurse_64,4,25.0
199,baseline,Nurse_65,5,16.5
199,baseline,Nurse_66,5,17.0
199,baseline,Nurse_67,4,20.5
199,baseline,Nurse_68,1,10.0
199,baseline,Nurse_69,1,11.0
199,baseline,Nurse_70,1,11.5
199,strain,Nurse_01,2,14.5
199,strain,Nurse_02,2,6.0
199,strain,Nurse_03,2,13.5
199,strain,Nurse_04,1,13.0
199,strain,Nurse_05,2,10.5
199,strain,Nurse_06,0,10.0
199,strain,Nurse_07,2,11.0
199,strain,Nurse_08,1,9.5
199,strain,Nurse_09,2,9.5
199,strain,Nurse_10,2,14.5
199,strain,Nurse_11,2,14.0
199,strain,Nurse_12,3,10.5
199,strain,Nurse_13,3,14.5
199,strain,Nurse_14,0,11.5
199,strain,Nurse_15,2,20.0
199,strain,Nurse_16,4,14.0
199,strain,Nurse_17,0,12.0
199,strain,Nurse_18,1,4.5
199,strain,Nurse_19,0,8.0
199,strain,Nurse_20,1,10.5
199,strain,Nurse_21,2,15.5
199,strain,Nurse_22,5,16.5
199,strain,Nurse_23,3,14.5
199,strain,Nurse_24,2,12.5
199,strain,Nurse_25,0,9.0
199,strain,Nurse_26,1,12.0
199,strain,Nurse_27,1,10.5
199,strain,Nurse_28,0,10.5
199,strain,Nurse_29,1,10.5
199,strain,Nurse_30,1,11.5
199,strain,Nurse_31,1,6.0
199,strain,Nurse_32,1,14.0
199,strain,Nurse_33,1,10.0
199,strain,Nurse_34,3,12.5
199,strain,Nurse_35,2,18.0
199,strain,Nurse_36,0,11.0
199,strain,Nurse_37,1,10.5
199,strain,Nurse_38,1,12.0
199,strain,Nurse_39,3,14.5
199,strain,Nurse_40,2,19.5
199,strain,Nurse_41,2,17.0
199,strain,Nurse_42,0,16.5
199,strain,Nurse_43,1,10.5
199,strain,Nurse_44,2,21.0
199,strain,Nurse_45,3,12.0
199,strain,Nurse_46,1,18.0
199,strain,Nurse_47,2,13.0
199,strain,Nurse_48,2,11.5
199,strain,Nurse_49,0,14.0
199,strain,Nurse_50,1,6.0
199,strain,Nurse_51,2,6.0
199,strain,Nurse_52,0,4.5
199,strain,Nurse_53,1,11.5
199,strain,Nurse_54,2,14.5
199,strain,Nurse_55,1,6.0
199,strain,Nurse_56,2,11.0
199,strain,Nurse_57,0,13.5
199,strain,Nurse_58,0,4.5
199,strain,Nurse_59,0,4.0
199,strain,Nurse_60,1,17.0
199,strain,Nurse_61,3,15.0
199,strain,Nurse_62,0,15.5
199,strain,Nurse_63,2,18.5
199,strain,Nurse_64,3,17.5
199,strain,Nurse_65,4,12.0
199,strain,Nurse_66,1,10.5
199,strain,Nurse_67,2,17.0
199,strain,Nurse_68,1,14.0
199,strain,Nurse_69,0,12.0
199,strain,Nurse_70,1,13.0
