n_events,unfilled,no_senior_shifts,QR_total,N_total,LR_total,OT_total,SN_total,gini_strain,top10_qr_share,max_qr,nurses_qr_ge3_28d,gini_sn,changes_per_repair,nurses_disturbed,qr_base_roster,qr_from_repairs,qr_base_kept,repair_share_qr,offers_per_fill,config,policy,seed,rate
81,0,0,177,336,4,0.0,69,0.20870866486604878,0.1977401129943503,5,25,0.531055900621118,1.0,49,189,11,166,0.062146892655367235,1.0,baseline@None|[],baseline,0,-1.0
81,0,0,191,336,6,0.0,72,0.24227405247813416,0.18848167539267016,6,25,0.5166666666666666,1.037037037037037,47,190,18,173,0.09424083769633508,1.0,baseline@None|[],baseline,1,-1.0
81,4,1,177,334,6,0.0,68,0.21682474828542242,0.2033898305084746,6,24,0.5331932773109245,1.0129870129870129,46,183,9,168,0.05084745762711865,1.0,baseline@None|[],baseline,2,-1.0
83,2,0,181,336,13,0.0,73,0.22583257058367945,0.19889502762430938,6,23,0.4733855185909981,1.0246913580246915,55,192,12,169,0.06629834254143646,1.0,baseline@None|[],baseline,3,-1.0
81,0,1,186,336,7,0.0,74,0.19691574372634246,0.1989247311827957,7,25,0.41891891891891886,1.0246913580246915,54,194,11,175,0.05913978494623656,1.0,baseline@None|[],baseline,4,-1.0
81,1,0,174,336,10,0.0,70,0.237886935038512,0.20114942528735633,5,23,0.562857142857143,1.0125,42,179,12,162,0.06896551724137931,1.0,baseline@None|[],baseline,5,-1.0
81,1,0,177,335,7,0.0,74,0.2207870837537842,0.20903954802259886,6,24,0.4652509652509653,1.025,51,187,11,166,0.062146892655367235,1.0,baseline@None|[],baseline,6,-1.0
81,1,1,181,336,6,0.0,64,0.23922420031842528,0.19889502762430938,6,31,0.5165178571428573,1.0375,50,187,5,176,0.027624309392265192,1.0,baseline@None|[],baseline,7,-1.0
81,3,0,177,336,3,0.0,67,0.260584048719642,0.20903954802259886,6,22,0.47100213219616216,1.0384615384615385,54,184,13,164,0.07344632768361582,1.0,baseline@None|[],baseline,8,-1.0
81,1,0,171,336,8,0.0,62,0.21783477482851188,0.23391812865497075,6,19,0.5359447004608295,1.0,48,187,3,168,0.017543859649122806,1.0,baseline@None|[],baseline,9,-1.0
81,1,0,174,336,9,0.0,66,0.24183150183150182,0.20689655172413793,6,20,0.525974025974026,1.0,49,175,14,160,0.08045977011494253,1.0,baseline@None|[],baseline,10,-1.0
81,0,0,174,336,7,0.0,71,0.25617198335644953,0.21264367816091953,6,20,0.4903420523138833,1.0123456790123457,49,188,10,164,0.05747126436781609,1.0,baseline@None|[],baseline,11,-1.0
81,1,2,167,335,13,0.0,74,0.24950814858317427,0.2155688622754491,6,22,0.49150579150579166,1.075,50,188,5,162,0.029940119760479042,1.0,baseline@None|[],baseline,12,-1.0
81,0,0,189,336,6,0.0,70,0.24396358543417374,0.20634920634920634,6,26,0.4395918367346938,1.0123456790123457,53,201,7,182,0.037037037037037035,1.0,baseline@None|[],baseline,13,-1.0
81,0,0,176,336,4,0.0,65,0.2621749060635086,0.2159090909090909,6,23,0.5189010989010989,1.0123456790123457,50,187,9,167,0.05113636363636364,1.0,baseline@None|[],baseline,14,-1.0
81,1,0,182,336,6,0.0,73,0.22373834436614715,0.21428571428571427,6,24,0.478082191780822,1.025,49,187,12,170,0.06593406593406594,1.0,baseline@None|[],baseline,15,-1.0
81,0,0,182,336,8,0.0,71,0.2484036123160065,0.21428571428571427,6,25,0.47947686116700217,1.0246913580246915,53,185,9,173,0.04945054945054945,1.0,baseline@None|[],baseline,16,-1.0
81,0,0,174,336,5,0.0,66,0.23569212586792743,0.21264367816091953,6,20,0.545021645021645,1.0123456790123457,49,182,8,166,0.04597701149425287,1.0,baseline@None|[],baseline,17,-1.0
81,0,0,192,336,5,0.0,69,0.2505328411227974,0.21354166666666666,6,28,0.520703933747412,1.0246913580246915,49,199,12,180,0.0625,1.0,baseline@None|[],baseline,18,-1.0
81,0,0,170,336,7,0.0,71,0.21484738748060006,0.21764705882352942,6,23,0.43682092555331997,1.0246913580246915,52,175,16,154,0.09411764705882353,1.0,baseline@None|[],baseline,19,-1.0
81,0,0,190,336,13,0.0,70,0.22387381181981003,0.19473684210526315,6,27,0.4028571428571428,1.0123456790123457,57,197,10,180,0.05263157894736842,1.0,baseline@None|[],baseline,20,-1.0
81,0,0,177,336,5,0.0,76,0.23381865359665577,0.20903954802259886,6,28,0.45902255639097755,1.0740740740740742,56,186,10,167,0.05649717514124294,1.0,baseline@None|[],baseline,21,-1.0
81,0,0,175,336,5,0.0,72,0.2532321610973296,0.22285714285714286,6,19,0.411904761904762,1.0123456790123457,54,189,6,169,0.03428571428571429,1.0,baseline@None|[],baseline,22,-1.0
81,0,0,190,336,7,0.0,66,0.1988924716108229,0.18947368421052632,6,27,0.45670995670995684,1.0,55,191,15,175,0.07894736842105263,1.0,baseline@None|[],baseline,23,-1.0
81,2,0,184,336,4,0.0,68,0.2380618379616377,0.21195652173913043,6,23,0.5247899159663867,1.0126582278481013,48,190,9,175,0.04891304347826087,1.0,baseline@None|[],baseline,24,-1.0
82,0,0,178,336,6,0.0,65,0.24100488587471758,0.21910112359550563,6,25,0.4841758241758243,1.0121951219512195,52,178,18,160,0.10112359550561797,1.0,baseline@None|[],baseline,25,-1.0
81,1,0,180,335,1,5.8,75,0.2292652732193241,0.20555555555555555,6,20,0.4973333333333334,1.0375,49,184,12,168,0.06666666666666667,1.0,baseline@None|[],baseline,26,-1.0
81,2,1,168,334,5,0.0,64,0.2497578692493947,0.21428571428571427,6,19,0.5191964285714286,1.0126582278481013,50,170,12,156,0.07142857142857142,1.0,baseline@None|[],baseline,27,-1.0
82,0,0,174,336,12,0.0,76,0.2839357429718876,0.21264367816091953,7,23,0.4996240601503761,1.024390243902439,49,180,14,160,0.08045977011494253,1.0,baseline@None|[],baseline,28,-1.0
82,0,0,169,336,7,0.0,68,0.20676299716967095,0.20118343195266272,6,20,0.5210084033613447,1.0,47,185,4,165,0.023668639053254437,1.0,baseline@None|[],baseline,29,-1.0
81,0,0,177,336,6,0.0,70,0.2526132404181185,0.22033898305084745,7,25,0.483265306122449,1.0123456790123457,52,192,9,168,0.05084745762711865,1.0,baseline@None|[],baseline,30,-1.0
82,0,0,186,336,6,0.0,66,0.2257569296375268,0.20430107526881722,6,24,0.4311688311688313,1.024390243902439,54,195,12,174,0.06451612903225806,1.0,baseline@None|[],baseline,31,-1.0
81,4,0,180,335,8,0.0,70,0.2433591508892714,0.20555555555555555,6,26,0.47959183673469385,1.051948051948052,48,188,9,171,0.05,1.0,baseline@None|[],baseline,32,-1.0
83,0,0,176,336,8,0.0,70,0.23664974619289336,0.21022727272727273,6,23,0.3951020408163266,1.0120481927710843,56,181,12,164,0.06818181818181818,1.0,baseline@None|[],baseline,33,-1.0
81,2,0,187,336,8,0.0,67,0.22729579251532872,0.1925133689839572,6,28,0.5332622601279318,1.0253164556962024,49,196,11,176,0.058823529411764705,1.0,baseline@None|[],baseline,34,-1.0
81,0,0,177,336,7,0.0,74,0.23362615207373283,0.192090395480226,6,23,0.44440154440154456,1.0493827160493827,53,181,13,164,0.07344632768361582,1.0,baseline@None|[],baseline,35,-1.0
82,0,0,175,336,7,0.0,70,0.24014577259475223,0.21714285714285714,7,23,0.46571428571428575,1.0121951219512195,53,179,14,161,0.08,1.0,baseline@None|[],baseline,36,-1.0
81,0,0,163,336,5,0.0,71,0.2490326985812914,0.22699386503067484,6,20,0.44849094567404424,1.0,55,171,10,153,0.06134969325153374,1.0,baseline@None|[],baseline,37,-1.0
81,1,0,175,335,5,0.0,68,0.24351851851851847,0.21714285714285714,6,24,0.4256302521008404,1.0625,56,188,9,166,0.05142857142857143,1.0,baseline@None|[],baseline,38,-1.0
81,0,0,189,336,7,0.0,70,0.2491613083589601,0.21164021164021163,7,22,0.54,1.0123456790123457,46,194,13,176,0.06878306878306878,1.0,baseline@None|[],baseline,39,-1.0
81,0,0,181,336,8,0.0,66,0.2219459614831849,0.20441988950276244,6,25,0.5073593073593075,1.0,51,189,10,171,0.055248618784530384,1.0,baseline@None|[],baseline,40,-1.0
81,2,0,160,334,11,0.0,70,0.22459389706998634,0.23125,6,19,0.4616326530612245,1.0632911392405062,53,170,10,150,0.0625,1.0,baseline@None|[],baseline,41,-1.0
81,1,0,156,335,7,0.0,66,0.2164379288833438,0.21794871794871795,6,21,0.5294372294372296,1.0,45,174,5,151,0.03205128205128205,1.0,baseline@None|[],baseline,42,-1.0
81,0,0,172,336,9,0.0,70,0.21126739926739924,0.20348837209302326,6,21,0.47959183673469385,1.0123456790123457,50,180,4,168,0.023255813953488372,1.0,baseline@None|[],baseline,43,-1.0
83,0,0,175,336,8,0.0,73,0.25406559988415034,0.2,5,20,0.40567514677103733,1.0120481927710843,55,182,9,166,0.05142857142857143,1.0,baseline@None|[],baseline,44,-1.0
81,4,0,172,335,6,0.0,62,0.22644949193066344,0.20930232558139536,6,21,0.5543778801843318,1.0,47,184,9,163,0.05232558139534884,1.0,baseline@None|[],baseline,45,-1.0
81,0,0,190,336,10,0.0,70,0.21743106553969804,0.19473684210526315,6,20,0.4893877551020409,1.0123456790123457,52,197,7,183,0.03684210526315789,1.0,baseline@None|[],baseline,46,-1.0
82,0,0,191,336,9,0.0,67,0.2195550921098366,0.18848167539267016,6,29,0.49658848614072504,1.0,50,189,16,175,0.08376963350785341,1.0,baseline@None|[],baseline,47,-1.0
81,2,0,182,335,11,0.0,63,0.22803437164339435,0.2032967032967033,6,25,0.4945578231292518,1.0,49,192,6,176,0.03296703296703297,1.0,baseline@None|[],baseline,48,-1.0
81,0,0,187,336,10,0.0,78,0.20494611771207527,0.20855614973262032,8,21,0.5095238095238095,1.037037037037037,50,201,7,180,0.0374331550802139,1.0,baseline@None|[],baseline,49,-1.0
47,0,0,187,336,5,0.0,37,0.24266419294990738,0.1925133689839572,6,29,0.6150579150579152,1.0,38,189,10,177,0.053475935828877004,1.0,baseline@0.03|[],baseline,0,0.03
45,0,0,190,336,7,0.0,44,0.24195885250651994,0.19473684210526315,6,23,0.6025974025974026,1.0222222222222221,34,190,8,182,0.042105263157894736,1.0,baseline@0.03|[],baseline,1,0.03
45,0,0,182,336,6,0.0,40,0.23228511530398332,0.1978021978021978,6,25,0.6335714285714287,1.0222222222222221,34,183,5,177,0.027472527472527472,1.0,baseline@0.03|[],baseline,2,0.03
45,1,0,182,336,14,0.0,38,0.21769833062490762,0.18681318681318682,5,24,0.6849624060150377,1.0227272727272727,33,192,5,177,0.027472527472527472,1.0,baseline@0.03|[],baseline,3,0.03
45,0,1,189,336,8,0.0,38,0.20790398126463705,0.19576719576719576,7,27,0.642857142857143,1.0,35,194,5,184,0.026455026455026454,1.0,baseline@0.03|[],baseline,4,0.03
45,1,0,176,336,10,0.0,36,0.24748705452330189,0.19886363636363635,5,22,0.7301587301587302,1.0,26,179,7,169,0.03977272727272727,1.0,baseline@0.03|[],baseline,5,0.03
45,0,0,181,336,7,0.0,40,0.24597511617448653,0.2154696132596685,6,26,0.5935714285714286,1.0222222222222221,36,187,7,174,0.03867403314917127,1.0,baseline@0.03|[],baseline,6,0.03
45,0,0,183,336,6,0.0,34,0.2391802290536469,0.19672131147540983,6,30,0.6361344537815126,1.0222222222222221,37,187,1,182,0.00546448087431694,1.0,baseline@0.03|[],baseline,7,0.03
46,1,0,181,336,3,0.0,35,0.27665523809523807,0.2154696132596685,6,27,0.676326530612245,1.0,33,184,8,173,0.04419889502762431,1.0,baseline@0.03|[],baseline,8,0.03
45,0,0,178,336,9,0.0,38,0.22783068783068794,0.2247191011235955,6,20,0.642857142857143,1.0,34,187,2,176,0.011235955056179775,1.0,baseline@0.03|[],baseline,9,0.03
45,0,0,180,336,9,0.0,38,0.24996244554604186,0.20555555555555555,6,21,0.6593984962406017,1.0,36,175,13,167,0.07222222222222222,1.0,baseline@0.03|[],baseline,10,0.03
45,0,0,176,336,8,0.0,43,0.27238145655297585,0.2159090909090909,6,23,0.6109634551495018,1.0,34,188,6,170,0.03409090909090909,1.0,baseline@0.03|[],baseline,11,0.03
45,1,2,174,335,14,0.0,40,0.25953136810279664,0.20689655172413793,6,25,0.6685714285714286,1.0454545454545454,31,188,1,173,0.005747126436781609,1.0,baseline@0.03|[],baseline,12,0.03
45,0,0,199,336,6,0.0,39,0.2610648444729162,0.21105527638190955,6,30,0.6553113553113554,1.0,34,201,6,193,0.03015075376884422,1.0,baseline@0.03|[],baseline,13,0.03
47,0,0,183,336,5,0.0,38,0.26944777911164475,0.22404371584699453,6,25,0.6203007518796992,1.0,33,187,5,178,0.0273224043715847,1.0,baseline@0.03|[],baseline,14,0.03
45,1,0,183,336,7,0.0,40,0.23931178310740364,0.21311475409836064,6,23,0.5535714285714286,1.0227272727272727,38,187,5,178,0.0273224043715847,1.0,baseline@0.03|[],baseline,15,0.03
45,0,0,181,336,8,0.0,41,0.2608543051303114,0.22099447513812154,6,23,0.6205574912891987,1.0222222222222221,35,185,4,177,0.022099447513812154,1.0,baseline@0.03|[],baseline,16,0.03
46,0,0,181,336,4,0.0,38,0.2449757869249396,0.2154696132596685,6,21,0.624812030075188,1.0,36,182,6,175,0.03314917127071823,1.0,baseline@0.03|[],baseline,17,0.03
45,0,0,195,336,6,0.0,38,0.2602597402597404,0.21025641025641026,6,28,0.6984962406015038,1.0222222222222221,32,199,8,187,0.041025641025641026,1.0,baseline@0.03|[],baseline,18,0.03
45,0,0,173,336,6,0.0,39,0.23035424866867338,0.20809248554913296,6,24,0.6113553113553114,1.0222222222222221,35,175,10,163,0.057803468208092484,1.0,baseline@0.03|[],baseline,19,0.03
45,0,0,200,336,14,0.0,41,0.23277147036288914,0.2,6,29,0.6031358885017422,1.0222222222222221,36,197,10,190,0.05,1.0,baseline@0.03|[],baseline,20,0.03
45,0,0,177,336,7,0.0,41,0.2604698749526335,0.22033898305084745,6,29,0.5801393728222997,1.0666666666666667,39,186,4,173,0.022598870056497175,1.0,baseline@0.03|[],baseline,21,0.03
45,0,0,177,336,5,0.0,41,0.26188446609330995,0.21468926553672316,6,22,0.5606271777003484,1.0,38,189,1,176,0.005649717514124294,1.0,baseline@0.03|[],baseline,22,0.03
45,0,0,187,336,7,0.0,37,0.21261547557460658,0.1925133689839572,6,27,0.6559845559845561,1.0,34,191,8,179,0.0427807486631016,1.0,baseline@0.03|[],baseline,23,0.03
45,1,0,190,336,4,0.0,37,0.24245929418698897,0.20526315789473684,6,24,0.6150579150579152,1.0,37,190,8,182,0.042105263157894736,1.0,baseline@0.03|[],baseline,24,0.03
45,0,0,178,336,8,0.0,38,0.2426602029995455,0.21910112359550563,6,25,0.6015037593984962,1.0222222222222221,37,178,11,167,0.06179775280898876,1.0,baseline@0.03|[],baseline,25,0.03
45,0,0,186,336,2,0.0,41,0.23198838680860567,0.1989247311827957,6,23,0.6031358885017422,1.0222222222222221,36,184,11,175,0.05913978494623656,1.0,baseline@0.03|[],baseline,26,0.03
45,0,0,171,336,5,0.0,36,0.2835862932248474,0.21052631578947367,6,22,0.6087301587301588,1.0,35,170,8,163,0.04678362573099415,1.0,baseline@0.03|[],baseline,27,0.03
46,0,0,173,336,13,0.0,43,0.2984890836292211,0.21965317919075145,7,24,0.5531561461794021,1.0434782608695652,36,180,10,163,0.057803468208092484,1.0,baseline@0.03|[],baseline,28,0.03
45,0,0,177,336,7,0.0,38,0.22234236978373434,0.2033898305084746,6,21,0.6375939849624062,1.0,33,185,3,174,0.01694915254237288,1.0,baseline@0.03|[],baseline,29,0.03
45,0,0,183,336,6,0.0,41,0.2644384827483419,0.21311475409836064,7,26,0.6149825783972125,1.0222222222222221,37,192,5,178,0.0273224043715847,1.0,baseline@0.03|[],baseline,30,0.03
45,0,0,192,336,7,0.0,35,0.22819913862325714,0.19270833333333334,6,27,0.6975510204081634,1.0222222222222221,32,195,5,187,0.026041666666666668,1.0,baseline@0.03|[],baseline,31,0.03
45,1,0,184,336,8,0.0,40,0.24629519857735627,0.20652173913043478,6,26,0.6335714285714287,1.0227272727272727,35,188,6,178,0.03260869565217391,1.0,baseline@0.03|[],baseline,32,0.03
45,0,0,181,336,8,0.0,40,0.23973074046372478,0.20441988950276244,6,24,0.5742857142857143,1.0,37,181,8,173,0.04419889502762431,1.0,baseline@0.03|[],baseline,33,0.03
45,0,0,193,336,11,0.0,40,0.2423556383436023,0.19170984455958548,6,31,0.6492857142857142,1.0222222222222221,34,196,7,186,0.03626943005181347,1.0,baseline@0.03|[],baseline,34,0.03
45,0,0,181,336,8,0.0,37,0.253212594874878,0.19337016574585636,5,24,0.6559845559845561,1.0,34,181,8,173,0.04419889502762431,1.0,baseline@0.03|[],baseline,35,0.03
45,0,0,174,336,7,0.0,38,0.25294479471013376,0.21839080459770116,7,23,0.6375939849624062,1.0,34,179,7,167,0.040229885057471264,1.0,baseline@0.03|[],baseline,36,0.03
45,0,0,165,336,5,0.0,40,0.26951006817821477,0.22424242424242424,6,20,0.6735714285714287,1.0,32,171,5,160,0.030303030303030304,1.0,baseline@0.03|[],baseline,37,0.03
45,0,0,178,336,5,0.0,40,0.26191489361702125,0.2247191011235955,6,26,0.6035714285714286,1.0666666666666667,37,188,4,174,0.02247191011235955,1.0,baseline@0.03|[],baseline,38,0.03
45,0,0,194,336,9,0.0,38,0.2559343979283557,0.20618556701030927,7,24,0.6593984962406017,1.0,32,194,11,183,0.05670103092783505,1.0,baseline@0.03|[],baseline,39,0.03
46,0,0,187,336,7,0.0,37,0.22423324218461316,0.19786096256684493,6,24,0.6150579150579152,1.0,39,189,7,180,0.0374331550802139,1.0,baseline@0.03|[],baseline,40,0.03
45,0,0,169,336,10,0.0,39,0.24550810014727542,0.21893491124260356,6,19,0.6553113553113554,1.0222222222222221,34,170,8,161,0.047337278106508875,1.0,baseline@0.03|[],baseline,41,0.03
45,0,0,162,336,8,0.0,37,0.2277000559597091,0.2222222222222222,6,21,0.6722007722007723,1.0,32,174,4,158,0.024691358024691357,1.0,baseline@0.03|[],baseline,42,0.03
47,0,0,173,336,9,0.0,40,0.2253559944878274,0.20809248554913296,6,20,0.5742857142857143,1.0,36,180,1,172,0.005780346820809248,1.0,baseline@0.03|[],baseline,43,0.03
45,0,0,180,336,8,0.0,41,0.27527904711963447,0.19444444444444445,5,22,0.5801393728222997,1.0,35,182,5,175,0.027777777777777776,1.0,baseline@0.03|[],baseline,44,0.03
45,2,0,180,336,8,0.0,35,0.2449141647130002,0.20555555555555555,6,23,0.6975510204081634,1.0,31,184,8,172,0.044444444444444446,1.0,baseline@0.03|[],baseline,45,0.03
45,0,0,191,336,11,0.0,39,0.2135494116797807,0.18848167539267016,6,21,0.6992673992673992,1.0222222222222221,31,197,6,185,0.031413612565445025,1.0,baseline@0.03|[],baseline,46,0.03
45,0,0,183,336,10,0.0,37,0.2487469324012792,0.19672131147540983,6,25,0.6150579150579152,1.0,34,189,6,177,0.03278688524590164,1.0,baseline@0.03|[],baseline,47,0.03
45,1,0,189,336,11,0.0,33,0.2383420068899802,0.20634920634920634,6,27,0.6688311688311688,1.0,36,192,7,182,0.037037037037037035,1.0,baseline@0.03|[],baseline,48,0.03
45,0,0,197,336,12,0.0,44,0.22320550639134717,0.20304568527918782,8,22,0.6805194805194805,1.0222222222222221,30,201,6,191,0.030456852791878174,1.0,baseline@0.03|[],baseline,49,0.03
121,1,0,170,335,2,0.0,105,0.2229295294869067,0.21176470588235294,6,25,0.3634013605442177,1.025,61,189,15,155,0.08823529411764706,1.0,baseline@0.08|[],baseline,0,0.08
121,2,0,183,334,6,0.0,107,0.2298639778033431,0.19672131147540983,6,22,0.3961281708945261,1.050420168067227,58,190,19,164,0.10382513661202186,1.0,baseline@0.08|[],baseline,1,0.08
121,5,1,172,333,7,0.0,104,0.21700546754521244,0.20348837209302326,6,23,0.4192307692307693,1.0172413793103448,59,183,11,161,0.06395348837209303,1.0,baseline@0.08|[],baseline,2,0.08
121,2,0,177,336,10,0.0,106,0.2112127833925157,0.1864406779661017,6,22,0.3299191374663073,1.0168067226890756,65,192,14,163,0.07909604519774012,1.0,baseline@0.08|[],baseline,3,0.08
121,0,1,178,336,7,0.0,108,0.18500409724119105,0.20224719101123595,6,23,0.3669312169312169,1.0165289256198347,61,194,15,163,0.08426966292134831,1.0,baseline@0.08|[],baseline,4,0.08
121,1,0,166,336,9,0.0,109,0.22265597524090874,0.20481927710843373,5,21,0.4321100917431193,1.0166666666666666,57,179,13,153,0.0783132530120482,1.0,baseline@0.08|[],baseline,5,0.08
122,3,0,169,335,7,0.0,110,0.22483559535469433,0.21301775147928995,6,22,0.3441558441558441,1.0420168067226891,64,187,14,155,0.08284023668639054,1.0,baseline@0.08|[],baseline,6,0.08
121,3,1,179,335,6,0.0,97,0.22490113092347186,0.19553072625698323,5,31,0.4110456553755524,1.0423728813559323,61,187,12,167,0.0670391061452514,1.0,baseline@0.08|[],baseline,7,0.08
121,8,0,164,335,3,0.0,102,0.25747609388583026,0.21951219512195122,6,21,0.4126050420168068,1.0530973451327434,63,184,9,155,0.054878048780487805,1.0,baseline@0.08|[],baseline,8,0.08
121,6,0,170,334,7,0.0,92,0.21080034423407912,0.22941176470588234,6,18,0.42888198757763973,1.008695652173913,56,187,10,160,0.058823529411764705,1.0,baseline@0.08|[],baseline,9,0.08
121,4,0,171,336,9,0.0,101,0.236334946349674,0.21052631578947367,6,22,0.4074964639321075,1.017094017094017,58,175,18,153,0.10526315789473684,1.0,baseline@0.08|[],baseline,10,0.08
121,0,0,165,336,7,0.0,105,0.2647595297470611,0.22424242424242424,6,20,0.3938775510204082,1.0165289256198347,62,188,13,152,0.07878787878787878,1.0,baseline@0.08|[],baseline,11,0.08
122,2,2,161,334,10,0.0,108,0.24697554697554702,0.21739130434782608,6,20,0.44206349206349205,1.0666666666666667,58,188,9,152,0.055900621118012424,1.0,baseline@0.08|[],baseline,12,0.08
123,2,0,178,335,6,0.0,106,0.24318681318681334,0.20786516853932585,6,22,0.4269541778975743,1.0165289256198347,63,201,11,167,0.06179775280898876,1.0,baseline@0.08|[],baseline,13,0.08
121,0,0,175,336,3,0.0,100,0.23372664700098333,0.21142857142857144,6,22,0.39342857142857146,1.0165289256198347,62,187,14,161,0.08,1.0,baseline@0.08|[],baseline,14,0.08
121,4,0,170,333,5,0.0,109,0.22596444381983005,0.21764705882352942,6,22,0.4148099606815203,1.0341880341880343,58,187,15,155,0.08823529411764706,1.0,baseline@0.08|[],baseline,15,0.08
121,2,1,174,336,7,0.0,108,0.2283780049737496,0.20114942528735633,5,22,0.3952380952380954,1.0252100840336134,60,185,11,163,0.06321839080459771,1.0,baseline@0.08|[],baseline,16,0.08
121,0,0,180,336,4,0.0,100,0.22554573086487983,0.2111111111111111,6,21,0.47,1.0165289256198347,58,182,21,159,0.11666666666666667,1.0,baseline@0.08|[],baseline,17,0.08
123,2,0,180,335,5,0.0,102,0.23340214698596196,0.21666666666666667,6,25,0.423249299719888,1.0495867768595042,58,199,14,166,0.07777777777777778,1.0,baseline@0.08|[],baseline,18,0.08
121,3,1,177,335,6,0.0,105,0.21303028212733666,0.2033898305084746,6,22,0.33455782312925164,1.0338983050847457,65,175,28,149,0.15819209039548024,1.0,baseline@0.08|[],baseline,19,0.08
122,0,0,184,336,11,0.0,105,0.21975911676145876,0.1956521739130435,6,25,0.31605442176870757,1.0081967213114753,65,197,16,168,0.08695652173913043,1.0,baseline@0.08|[],baseline,20,0.08
122,2,0,174,336,5,0.0,107,0.2442322383498854,0.20689655172413793,6,24,0.35420560747663554,1.0583333333333333,63,186,17,157,0.09770114942528736,1.0,baseline@0.08|[],baseline,21,0.08
122,1,0,177,336,3,0.0,105,0.23232134192832898,0.1977401129943503,5,21,0.3402721088435374,1.024793388429752,64,189,17,160,0.096045197740113,1.0,baseline@0.08|[],baseline,22,0.08
121,2,0,183,336,7,0.0,100,0.19948250034046033,0.19672131147540983,6,26,0.4357142857142857,1.0084033613445378,62,191,23,160,0.12568306010928962,1.0,baseline@0.08|[],baseline,23,0.08
121,9,0,172,334,3,0.0,99,0.23992746924553798,0.21511627906976744,6,22,0.44891774891774894,1.0178571428571428,57,190,13,159,0.0755813953488372,1.0,baseline@0.08|[],baseline,24,0.08
122,1,0,177,335,6,0.0,103,0.23384987893462483,0.22033898305084745,6,23,0.41761442441054086,1.024793388429752,61,178,23,154,0.12994350282485875,1.0,baseline@0.08|[],baseline,25,0.08
121,8,0,179,330,1,6.8,103,0.22473881168009124,0.2011173184357542,6,23,0.43203883495145634,1.0265486725663717,57,184,17,162,0.09497206703910614,1.0,baseline@0.08|[],baseline,26,0.08
121,5,1,162,333,4,0.0,97,0.24654425266250457,0.2222222222222222,6,18,0.37422680412371134,1.0172413793103448,61,170,14,148,0.08641975308641975,1.0,baseline@0.08|[],baseline,27,0.08
122,3,0,169,334,11,0.0,112,0.2597339614798393,0.21301775147928995,6,20,0.3839285714285714,1.050420168067227,59,180,18,151,0.10650887573964497,1.0,baseline@0.08|[],baseline,28,0.08
122,0,0,172,336,6,0.0,103,0.1977487902377446,0.19767441860465115,6,20,0.3471567267683773,1.0163934426229508,63,185,14,158,0.08139534883720931,1.0,baseline@0.08|[],baseline,29,0.08
121,0,0,176,336,5,0.0,111,0.24199217409212603,0.2159090909090909,7,23,0.40656370656370666,1.0330578512396693,61,192,14,162,0.07954545454545454,1.0,baseline@0.08|[],baseline,30,0.08
121,0,0,187,336,3,0.0,104,0.2020099824632402,0.19786096256684493,6,23,0.3898351648351648,1.0330578512396693,60,195,24,163,0.12834224598930483,1.0,baseline@0.08|[],baseline,31,0.08
121,4,0,174,335,8,0.0,114,0.23493431855500835,0.19540229885057472,6,25,0.4027568922305764,1.0940170940170941,58,188,15,159,0.08620689655172414,1.0,baseline@0.08|[],baseline,32,0.08
121,0,0,172,336,8,0.0,107,0.2321758455448295,0.21511627906976744,6,21,0.3251001335113486,1.024793388429752,65,181,17,155,0.09883720930232558,1.0,baseline@0.08|[],baseline,33,0.08
121,3,0,189,336,6,0.0,102,0.21330925628678443,0.19576719576719576,6,25,0.4070028011204483,1.0423728813559323,60,196,18,171,0.09523809523809523,1.0,baseline@0.08|[],baseline,34,0.08
121,1,1,175,335,6,0.0,108,0.21389886709035655,0.2057142857142857,6,22,0.4301587301587302,1.0333333333333334,58,181,16,159,0.09142857142857143,1.0,baseline@0.08|[],baseline,35,0.08
121,1,0,171,335,6,0.0,107,0.2305102540771331,0.21637426900584794,7,21,0.4025367156208277,1.0583333333333333,60,179,16,155,0.0935672514619883,1.0,baseline@0.08|[],baseline,36,0.08
121,2,0,163,335,6,0.0,98,0.24096788257520707,0.22699386503067484,6,21,0.3763848396501459,1.0168067226890756,63,171,17,146,0.10429447852760736,1.0,baseline@0.08|[],baseline,37,0.08
121,4,2,174,334,4,0.0,102,0.23036943390925702,0.21264367816091953,6,24,0.38739495798319323,1.0598290598290598,66,188,15,159,0.08620689655172414,1.0,baseline@0.08|[],baseline,38,0.08
122,1,0,183,335,5,0.0,105,0.24156646966918016,0.2185792349726776,7,21,0.418639455782313,1.0165289256198347,57,194,16,167,0.08743169398907104,1.0,baseline@0.08|[],baseline,39,0.08
122,0,0,172,336,9,0.0,105,0.22431004518595765,0.22093023255813954,6,21,0.35251700680272124,1.0163934426229508,64,189,13,159,0.0755813953488372,1.0,baseline@0.08|[],baseline,40,0.08
121,6,0,158,332,11,0.0,101,0.2195945453219572,0.23417721518987342,6,19,0.39759547383309757,1.0347826086956522,60,170,16,142,0.10126582278481013,1.0,baseline@0.08|[],baseline,41,0.08
121,2,0,153,334,7,0.0,102,0.20571428571428574,0.2222222222222222,6,20,0.423249299719888,1.0252100840336134,57,174,9,144,0.058823529411764705,1.0,baseline@0.08|[],baseline,42,0.08
121,2,0,171,335,8,0.0,106,0.19857561793045675,0.1871345029239766,6,19,0.3668463611859838,1.0168067226890756,62,180,10,161,0.05847953216374269,1.0,baseline@0.08|[],baseline,43,0.08
121,0,0,177,336,8,0.0,102,0.23131549917264205,0.1977401129943503,5,20,0.4145658263305323,1.0165289256198347,63,182,18,159,0.1016949152542373,1.0,baseline@0.08|[],baseline,44,0.08
121,7,1,171,334,6,0.7,95,0.22206703313156395,0.19298245614035087,5,20,0.4061654135338346,1.0175438596491229,56,184,17,154,0.09941520467836257,1.0,baseline@0.08|[],baseline,45,0.08
121,1,1,185,335,10,0.0,105,0.21439277350284391,0.2,6,18,0.3933333333333333,1.0166666666666666,64,197,12,173,0.06486486486486487,1.0,baseline@0.08|[],baseline,46,0.08
121,2,0,174,335,9,0.0,102,0.20639244024458048,0.20114942528735633,5,23,0.38431372549019605,1.0168067226890756,62,189,13,161,0.07471264367816093,1.0,baseline@0.08|[],baseline,47,0.08
121,3,0,178,335,11,0.0,100,0.19871003156305744,0.20786516853932585,6,22,0.4414285714285715,1.0084745762711864,56,192,9,169,0.05056179775280899,1.0,baseline@0.08|[],baseline,48,0.08
121,1,0,182,335,9,0.0,115,0.1997000199986667,0.2087912087912088,8,23,0.411552795031056,1.0333333333333334,61,201,14,168,0.07692307692307693,1.0,baseline@0.08|[],baseline,49,0.08
81,0,0,29,336,7,0.0,70,0.27272008434370054,0.3793103448275862,2,0,0.47632653061224506,1.0,52,0,29,0,1.0,1.0,"baseline@None|[('base_qr_pref', 0.0)]",baseline,0,-1.0
81,3,0,16,336,7,0.0,68,0.24902857142857138,0.5,2,0,0.488655462184874,1.0128205128205128,52,0,16,0,1.0,1.0,"baseline@None|[('base_qr_pref', 0.0)]",baseline,1,-1.0
81,0,0,24,336,4,0.0,69,0.3131170081121959,0.4583333333333333,2,0,0.4660455486542443,1.0,51,0,24,0,1.0,1.0,"baseline@None|[('base_qr_pref', 0.0)]",baseline,2,-1.0
81,0,0,22,336,12,0.0,67,0.28068104734771415,0.5,2,0,0.5127931769722816,1.0123456790123457,52,0,22,0,1.0,1.0,"baseline@None|[('base_qr_pref', 0.0)]",baseline,3,-1.0
81,1,0,22,335,7,0.0,66,0.30625347415230686,0.3181818181818182,1,0,0.5129870129870131,1.0,51,0,22,0,1.0,1.0,"baseline@None|[('base_qr_pref', 0.0)]",baseline,4,-1.0
81,1,0,24,336,8,0.0,67,0.32862590221980126,0.5416666666666666,2,0,0.5012793176972281,1.0125,51,0,24,0,1.0,1.0,"baseline@None|[('base_qr_pref', 0.0)]",baseline,5,-1.0
81,0,0,25,336,8,0.0,76,0.29899656720359125,0.44,2,0,0.46917293233082713,1.0617283950617284,52,0,25,0,1.0,1.0,"baseline@None|[('base_qr_pref', 0.0)]",baseline,6,-1.0
81,0,0,28,336,8,0.0,69,0.3315106580166822,0.25,1,0,0.4780538302277433,1.0246913580246915,48,0,28,0,1.0,1.0,"baseline@None|[('base_qr_pref', 0.0)]",baseline,7,-1.0
81,1,0,21,336,3,0.0,64,0.29617907043056757,0.42857142857142855,2,0,0.4821428571428572,1.0,54,0,21,0,1.0,1.0,"baseline@None|[('base_qr_pref', 0.0)]",baseline,8,-1.0
81,1,0,26,336,6,0.0,71,0.2972099262240109,0.34615384615384615,2,0,0.4424547283702214,1.025,51,0,26,0,1.0,1.0,"baseline@None|[('base_qr_pref', 0.0)]",baseline,9,-1.0
81,0,1,21,336,9,0.0,66,0.33715393133997784,0.47619047619047616,2,0,0.5199134199134199,1.0,48,0,21,0,1.0,1.0,"baseline@None|[('base_qr_pref', 0.0)]",baseline,10,-1.0
81,3,0,24,335,8,0.0,62,0.2990586932447399,0.4583333333333333,2,0,0.5184331797235024,1.0128205128205128,53,0,24,0,1.0,1.0,"baseline@None|[('base_qr_pref', 0.0)]",baseline,11,-1.0
81,0,0,28,336,12,0.0,69,0.2691324200913243,0.32142857142857145,2,0,0.41511387163561086,1.0,54,0,28,0,1.0,1.0,"baseline@None|[('base_qr_pref', 0.0)]",baseline,12,-1.0
81,0,0,22,336,5,0.0,62,0.32599717114568594,0.4090909090909091,2,0,0.4663594470046084,1.0,52,0,22,0,1.0,1.0,"baseline@None|[('base_qr_pref', 0.0)]",baseline,13,-1.0
81,0,0,30,336,4,0.0,68,0.28968550106609814,0.26666666666666666,2,0,0.4726890756302522,1.0246913580246915,52,0,30,0,1.0,1.0,"baseline@None|[('base_qr_pref', 0.0)]",baseline,14,-1.0
81,3,0,25,336,3,0.0,67,0.3073982056590754,0.4,3,1,0.4654584221748401,1.0128205128205128,49,0,25,0,1.0,1.0,"baseline@None|[('base_qr_pref', 0.0)]",baseline,15,-1.0
81,2,0,25,335,5,0.0,69,0.32076681675535546,0.44,2,0,0.5368530020703934,1.0253164556962024,47,0,25,0,1.0,1.0,"baseline@None|[('base_qr_pref', 0.0)]",baseline,16,-1.0
81,0,0,29,336,3,0.0,63,0.3030017737754127,0.3448275862068966,2,0,0.5131519274376417,1.0,50,1,28,1,0.9655172413793104,1.0,"baseline@None|[('base_qr_pref', 0.0)]",baseline,17,-1.0
82,0,0,27,336,4,0.0,66,0.28874045801526727,0.3333333333333333,2,0,0.4696969696969697,1.0121951219512195,50,0,27,0,1.0,1.0,"baseline@None|[('base_qr_pref', 0.0)]",baseline,18,-1.0
81,2,0,24,335,5,0.0,69,0.26898586523946766,0.375,2,0,0.4652173913043478,1.0253164556962024,51,0,24,0,1.0,1.0,"baseline@None|[('base_qr_pref', 0.0)]",baseline,19,-1.0
81,1,0,22,335,9,0.0,69,0.28315789473684205,0.3181818181818182,1,0,0.4772256728778468,1.05,51,0,22,0,1.0,1.0,"baseline@None|[('base_qr_pref', 0.0)]",baseline,20,-1.0
81,0,0,25,336,6,0.0,68,0.2792380952380953,0.32,2,0,0.42731092436974794,1.0,55,0,25,0,1.0,1.0,"baseline@None|[('base_qr_pref', 0.0)]",baseline,21,-1.0
81,0,0,21,336,3,0.0,70,0.32795518207282925,0.38095238095238093,2,0,0.46734693877551026,1.0123456790123457,53,0,21,0,1.0,1.0,"baseline@None|[('base_qr_pref', 0.0)]",baseline,22,-1.0
81,0,0,19,336,6,0.0,65,0.2808670931058992,0.42105263157894735,2,0,0.46791208791208794,1.037037037037037,53,0,19,0,1.0,1.0,"baseline@None|[('base_qr_pref', 0.0)]",baseline,23,-1.0
82,0,0,29,336,10,0.0,77,0.26710576800102315,0.3448275862068966,2,0,0.40983302411873845,1.0121951219512195,55,0,29,0,1.0,1.0,"baseline@None|[('base_qr_pref', 0.0)]",baseline,24,-1.0
81,0,0,26,336,6,0.0,59,0.2865333888657504,0.34615384615384615,2,0,0.5363196125907992,1.0123456790123457,53,0,26,0,1.0,1.0,"baseline@None|[('base_qr_pref', 0.0)]",baseline,25,-1.0
81,0,0,29,336,3,0.0,73,0.31437856479639215,0.3103448275862069,2,0,0.5324853228962818,1.0123456790123457,48,0,29,0,1.0,1.0,"baseline@None|[('base_qr_pref', 0.0)]",baseline,26,-1.0
81,1,0,28,335,6,0.0,65,0.2796999594539804,0.32142857142857145,2,0,0.4371428571428573,1.0375,55,0,28,0,1.0,1.0,"baseline@None|[('base_qr_pref', 0.0)]",baseline,27,-1.0
81,1,0,31,335,9,0.0,70,0.3070002592688619,0.41935483870967744,2,0,0.4587755102040816,1.0125,52,0,31,0,1.0,1.0,"baseline@None|[('base_qr_pref', 0.0)]",baseline,28,-1.0
81,0,0,27,336,6,0.0,68,0.3264460586494484,0.4074074074074074,2,0,0.5243697478991598,1.0,50,0,27,0,1.0,1.0,"baseline@None|[('base_qr_pref', 0.0)]",baseline,29,-1.0
81,2,0,28,336,6,0.0,65,0.2926075812761366,0.32142857142857145,2,0,0.46351648351648356,1.0126582278481013,53,0,28,0,1.0,1.0,"baseline@None|[('base_qr_pref', 0.0)]",baseline,30,-1.0
81,0,0,27,336,6,0.0,67,0.3061513557264266,0.4074074074074074,3,0,0.5588486140724946,1.0,48,0,27,0,1.0,1.0,"baseline@None|[('base_qr_pref', 0.0)]",baseline,31,-1.0
81,1,0,26,336,10,0.0,65,0.30120951485015457,0.34615384615384615,2,0,0.5417582417582418,1.0375,50,0,26,0,1.0,1.0,"baseline@None|[('base_qr_pref', 0.0)]",baseline,32,-1.0
81,0,0,22,336,7,0.0,69,0.29667262477657097,0.4090909090909091,2,0,0.5062111801242237,1.0,48,0,22,0,1.0,1.0,"baseline@None|[('base_qr_pref', 0.0)]",baseline,33,-1.0
81,2,0,21,336,9,0.0,64,0.2749930381509329,0.3333333333333333,1,0,0.46562499999999996,1.0126582278481013,54,0,21,0,1.0,1.0,"baseline@None|[('base_qr_pref', 0.0)]",baseline,34,-1.0
82,0,0,23,336,6,0.0,73,0.2823090489757156,0.391304347826087,2,0,0.3970645792563601,1.0,56,0,23,0,1.0,1.0,"baseline@None|[('base_qr_pref', 0.0)]",baseline,35,-1.0
81,0,0,25,336,6,0.0,71,0.3054229057061919,0.4,2,0,0.4774647887323944,1.0123456790123457,52,0,25,0,1.0,1.0,"baseline@None|[('base_qr_pref', 0.0)]",baseline,36,-1.0
82,0,0,21,336,6,0.0,74,0.30544608648056926,0.38095238095238093,2,0,0.42509652509652507,1.024390243902439,53,0,21,0,1.0,1.0,"baseline@None|[('base_qr_pref', 0.0)]",baseline,37,-1.0
82,0,0,23,336,5,0.0,69,0.3050695688111311,0.391304347826087,2,0,0.44741200828157357,1.0121951219512195,54,0,23,0,1.0,1.0,"baseline@None|[('base_qr_pref', 0.0)]",baseline,38,-1.0
83,1,0,24,335,4,0.0,69,0.32019561923129913,0.4583333333333333,2,0,0.48550724637681175,1.0121951219512195,53,0,24,0,1.0,1.0,"baseline@None|[('base_qr_pref', 0.0)]",baseline,39,-1.0
81,0,0,27,336,4,0.0,65,0.29537935748462063,0.2962962962962963,2,0,0.4331868131868133,1.0123456790123457,55,0,27,0,1.0,1.0,"baseline@None|[('base_qr_pref', 0.0)]",baseline,40,-1.0
81,1,0,32,335,12,0.0,66,0.31495616297060347,0.375,2,0,0.5008658008658009,1.0125,48,0,32,0,1.0,1.0,"baseline@None|[('base_qr_pref', 0.0)]",baseline,41,-1.0
81,0,0,26,336,5,0.0,65,0.3389261744966443,0.46153846153846156,2,0,0.5263736263736265,1.0,47,0,26,0,1.0,1.0,"baseline@None|[('base_qr_pref', 0.0)]",baseline,42,-1.0
81,0,0,29,336,6,0.0,69,0.31398063403634446,0.4827586206896552,2,0,0.5347826086956522,1.0246913580246915,47,0,29,0,1.0,1.0,"baseline@None|[('base_qr_pref', 0.0)]",baseline,43,-1.0
81,0,0,27,336,6,0.0,70,0.2506955591225255,0.3333333333333333,2,0,0.4844897959183674,1.0246913580246915,52,0,27,0,1.0,1.0,"baseline@None|[('base_qr_pref', 0.0)]",baseline,44,-1.0
81,0,1,30,336,6,0.0,68,0.2865079365079366,0.3333333333333333,2,0,0.4731092436974791,1.037037037037037,50,0,30,0,1.0,1.0,"baseline@None|[('base_qr_pref', 0.0)]",baseline,45,-1.0
81,0,0,28,336,9,0.0,73,0.3062883235485976,0.39285714285714285,2,0,0.4953033268101761,1.0,48,0,28,0,1.0,1.0,"baseline@None|[('base_qr_pref', 0.0)]",baseline,46,-1.0
83,0,0,31,336,5,0.0,71,0.3083540657326176,0.3225806451612903,2,0,0.48631790744466796,1.0240963855421688,49,0,31,0,1.0,1.0,"baseline@None|[('base_qr_pref', 0.0)]",baseline,47,-1.0
81,0,0,29,336,8,0.0,69,0.31200789993416733,0.3103448275862069,2,0,0.4598343685300208,1.0,51,0,29,0,1.0,1.0,"baseline@None|[('base_qr_pref', 0.0)]",baseline,48,-1.0
81,0,0,22,336,8,0.0,69,0.28948089302835234,0.4090909090909091,2,0,0.5024844720496895,1.0246913580246915,54,0,22,0,1.0,1.0,"baseline@None|[('base_qr_pref', 0.0)]",baseline,49,-1.0
81,0,0,113,336,4,0.0,123,0.17919308357348718,0.23008849557522124,5,9,0.410569105691057,1.8148148148148149,61,189,1,112,0.008849557522123894,1.0,default,strain,0,-1.0
81,0,0,118,336,6,3.0,123,0.19668597168597168,0.2288135593220339,5,6,0.36922183507549367,1.8148148148148149,60,190,1,117,0.00847457627118644,1.0,default,strain,1,-1.0
81,4,0,117,334,6,0.0,117,0.17325419566107247,0.21367521367521367,5,6,0.4076923076923078,1.7792207792207793,60,183,2,115,0.017094017094017096,1.0,default,strain,2,-1.0
83,2,0,106,336,13,0.0,133,0.1658653455697232,0.20754716981132076,4,3,0.387218045112782,1.8888888888888888,61,192,1,105,0.009433962264150943,1.0,default,strain,3,-1.0
81,0,1,121,336,7,0.0,123,0.16903302825308408,0.24793388429752067,5,7,0.36039488966318234,1.7407407407407407,66,194,0,121,0.0,1.0,default,strain,4,-1.0
81,1,0,109,336,10,0.0,120,0.19869226949180607,0.23853211009174313,4,3,0.3907142857142858,1.775,63,179,2,107,0.01834862385321101,1.0,default,strain,5,-1.0
81,1,0,109,335,7,0.0,131,0.19889480147359806,0.25688073394495414,5,8,0.37437295528898584,1.825,61,187,1,108,0.009174311926605505,1.0,default,strain,6,-1.0
81,1,1,124,336,6,0.0,104,0.18679060665362046,0.22580645161290322,5,9,0.357967032967033,1.75,64,187,0,124,0.0,1.0,default,strain,7,-1.0
81,3,0,115,336,3,0.0,114,0.228887778887779,0.23478260869565218,4,8,0.37869674185463653,1.7692307692307692,61,184,1,114,0.008695652173913044,1.0,default,strain,8,-1.0
81,1,0,115,336,8,0.0,105,0.1801471202875533,0.25217391304347825,5,6,0.4319727891156464,1.7625,61,187,0,115,0.0,1.0,default,strain,9,-1.0
81,1,0,100,336,9,0.0,117,0.20688022044260745,0.22,4,2,0.3498168498168499,1.8125,61,175,0,100,0.0,1.0,default,strain,10,-1.0
81,0,0,111,336,7,0.0,121,0.20698174006444692,0.22522522522522523,5,5,0.41168831168831166,1.7654320987654322,64,188,0,111,0.0,1.0,default,strain,11,-1.0
81,1,2,111,335,12,0.0,119,0.19903996061376872,0.22522522522522523,5,6,0.31560624249699876,1.7875,63,188,0,111,0.0,1.0,default,strain,12,-1.0
81,0,0,125,336,6,0.0,118,0.20657142857142863,0.232,5,8,0.42179176755447956,1.7530864197530864,61,201,0,125,0.0,1.0,default,strain,13,-1.0
81,0,0,114,336,4,0.0,110,0.20799059929494712,0.24561403508771928,4,11,0.3859740259740261,1.7654320987654322,64,187,1,113,0.008771929824561403,1.0,default,strain,14,-1.0
81,1,0,121,336,6,0.0,119,0.18626033887416682,0.2396694214876033,5,9,0.3693877551020408,1.7,59,187,1,120,0.008264462809917356,1.0,default,strain,15,-1.0
81,0,0,115,336,8,0.0,121,0.20670786242783978,0.20869565217391303,4,5,0.30495867768595053,1.7901234567901234,68,185,0,115,0.0,1.0,default,strain,16,-1.0
81,0,0,110,336,4,0.0,112,0.18459450288428925,0.22727272727272727,4,5,0.3058673469387756,1.7654320987654322,63,182,1,109,0.00909090909090909,1.0,default,strain,17,-1.0
81,0,0,124,336,5,0.0,122,0.2179483114000318,0.23387096774193547,5,7,0.3592505854800938,1.8271604938271604,65,199,1,123,0.008064516129032258,1.0,default,strain,18,-1.0
81,0,0,100,336,6,0.0,125,0.1702402325382577,0.24,4,6,0.30479999999999996,1.8148148148148149,64,175,4,96,0.04,1.0,default,strain,19,-1.0
81,0,0,129,336,14,0.0,116,0.1783938223938224,0.1937984496124031,5,9,0.3559113300492611,1.7160493827160495,65,197,0,129,0.0,1.0,default,strain,20,-1.0
81,0,0,115,336,5,0.0,121,0.20041751944330755,0.20869565217391303,4,6,0.34321133412042504,1.7654320987654322,61,186,1,114,0.008695652173913044,1.0,default,strain,21,-1.0
81,0,0,115,336,4,0.0,127,0.19292617558677816,0.2608695652173913,5,6,0.37266591676040495,1.8148148148148149,66,189,1,114,0.008695652173913044,1.0,default,strain,22,-1.0
81,0,0,120,336,7,0.0,114,0.18511431814496526,0.225,4,7,0.4080200501253133,1.7777777777777777,62,191,0,120,0.0,1.0,default,strain,23,-1.0
81,2,0,126,336,4,0.0,110,0.19969399259139964,0.23015873015873015,5,10,0.4002597402597403,1.6962025316455696,62,190,1,125,0.007936507936507936,1.0,default,strain,24,-1.0
82,0,0,108,336,6,0.0,114,0.21104897475004236,0.25,5,7,0.34686716791979966,1.8048780487804879,63,178,1,107,0.009259259259259259,1.0,default,strain,25,-1.0
81,1,0,120,335,1,0.0,121,0.18309618668184413,0.23333333333333334,5,7,0.395159386068477,1.6875,60,184,0,120,0.0,1.0,default,strain,26,-1.0
81,2,1,104,334,5,0.0,109,0.21573258955809305,0.25,5,3,0.4336828309305374,1.7721518987341771,59,170,2,102,0.019230769230769232,1.0,default,strain,27,-1.0
82,0,0,103,336,12,0.0,130,0.2373346560846561,0.2524271844660194,5,4,0.3534065934065935,1.7804878048780488,62,180,0,103,0.0,1.0,default,strain,28,-1.0
82,0,0,112,336,8,0.0,115,0.17693201626961064,0.22321428571428573,4,2,0.39391304347826095,1.7439024390243902,61,185,0,112,0.0,1.0,default,strain,29,-1.0
81,0,0,113,336,6,0.0,121,0.22084875400937576,0.25663716814159293,5,6,0.36186540731995276,1.7777777777777777,63,192,0,113,0.0,1.0,default,strain,30,-1.0
82,0,0,110,336,6,0.0,119,0.19492119089316984,0.23636363636363636,5,5,0.40996398559423786,1.8902439024390243,60,195,0,110,0.0,1.0,default,strain,31,-1.0
81,4,0,117,335,8,1.7,116,0.2150270041300435,0.23931623931623933,4,11,0.3716748768472906,1.7662337662337662,63,188,0,117,0.0,1.0,default,strain,32,-1.0
83,0,1,118,336,7,0.0,115,0.19609648765381804,0.23728813559322035,5,5,0.3800000000000001,1.7108433734939759,61,181,4,114,0.03389830508474576,1.0,default,strain,33,-1.0
81,2,0,128,335,8,0.0,113,0.19691226407644313,0.21875,5,12,0.36523388116308486,1.7721518987341771,63,196,1,127,0.0078125,1.0,default,strain,34,-1.0
81,0,0,107,336,7,0.0,127,0.19005886742392852,0.2336448598130841,4,6,0.3904386951631047,1.8271604938271604,64,181,0,107,0.0,1.0,default,strain,35,-1.0
82,0,0,102,336,7,0.0,123,0.17879663465624218,0.24509803921568626,4,8,0.37781649245063886,1.8170731707317074,68,179,1,101,0.00980392156862745,1.0,default,strain,36,-1.0
81,0,0,103,336,5,0.0,119,0.20287085440054842,0.23300970873786409,4,5,0.36434573829531813,1.7160493827160495,62,171,1,102,0.009708737864077669,1.0,default,strain,37,-1.0
81,1,1,115,335,5,0.0,108,0.219550637156271,0.2608695652173913,5,7,0.40000000000000013,1.7625,63,188,0,115,0.0,1.0,default,strain,38,-1.0
81,0,0,121,336,7,0.0,119,0.20252383623107129,0.24793388429752067,5,8,0.37707082833133265,1.7530864197530864,65,194,0,121,0.0,1.0,default,strain,39,-1.0
81,0,0,115,336,7,0.0,117,0.17722983507015688,0.21739130434782608,5,5,0.3778998778998779,1.8024691358024691,66,189,0,115,0.0,1.0,default,strain,40,-1.0
81,2,0,97,334,10,0.0,115,0.2068763652249892,0.26804123711340205,5,8,0.37254658385093165,1.7974683544303798,64,170,0,97,0.0,1.0,default,strain,41,-1.0
81,1,0,106,335,7,0.0,105,0.17828120939097292,0.2169811320754717,4,6,0.3497959183673469,1.65,65,174,1,105,0.009433962264150943,1.0,default,strain,42,-1.0
81,0,0,109,336,9,0.0,120,0.17069852331176372,0.23853211009174313,4,8,0.32404761904761914,1.7777777777777777,64,180,1,108,0.009174311926605505,1.0,default,strain,43,-1.0
83,0,0,112,336,8,0.0,121,0.19494783537336735,0.21428571428571427,4,6,0.3585596221959859,1.7228915662650603,66,182,0,112,0.0,1.0,default,strain,44,-1.0
81,4,0,114,336,6,0.0,106,0.1902406192158843,0.23684210526315788,4,8,0.4388140161725067,1.7662337662337662,58,184,2,112,0.017543859649122806,1.0,default,strain,45,-1.0
81,0,0,125,336,10,0.0,120,0.16542261251372126,0.184,4,3,0.3754761904761905,1.7777777777777777,62,197,0,125,0.0,1.0,default,strain,46,-1.0
82,0,0,120,336,9,0.0,113,0.1810089740480234,0.20833333333333334,4,4,0.3882427307206069,1.7439024390243902,60,189,0,120,0.0,1.0,default,strain,47,-1.0
81,2,0,115,335,11,0.0,115,0.16325247079964056,0.20869565217391303,4,5,0.35739130434782607,1.8481012658227849,67,192,1,114,0.008695652173913044,1.0,default,strain,48,-1.0
81,0,0,128,336,10,0.0,134,0.1827539092151207,0.2265625,6,5,0.36098081023454154,1.8024691358024691,64,201,2,126,0.015625,1.0,default,strain,49,-1.0
81,0,0,149,336,4,0.0,84,0.18009035675338847,0.21476510067114093,5,20,0.4789115646258504,1.3333333333333333,57,189,1,148,0.006711409395973154,1.0,w_qr_x0.5,strain,0,-1.0
81,0,0,152,336,7,0.0,84,0.19740956468424287,0.20394736842105263,5,17,0.5017006802721089,1.308641975308642,55,190,0,152,0.0,1.0,w_qr_x0.5,strain,1,-1.0
81,4,1,150,334,6,0.0,85,0.1698120504292675,0.22666666666666666,5,15,0.5349579831932774,1.3636363636363635,58,183,3,147,0.02,1.0,w_qr_x0.5,strain,2,-1.0
83,2,0,141,336,13,0.0,96,0.16412425034599432,0.20567375886524822,5,14,0.4208333333333334,1.4197530864197532,58,192,0,141,0.0,1.0,w_qr_x0.5,strain,3,-1.0
81,0,1,160,336,7,0.0,80,0.1817744360902256,0.21875,5,22,0.5128571428571429,1.2098765432098766,52,194,0,160,0.0,1.0,w_qr_x0.5,strain,4,-1.0
81,1,0,141,336,10,0.0,86,0.19117369414726237,0.22695035460992907,5,13,0.47043189368770766,1.35,55,179,1,140,0.0070921985815602835,1.0,w_qr_x0.5,strain,5,-1.0
81,1,0,141,335,7,0.0,98,0.20051297994714767,0.24113475177304963,5,18,0.4454810495626822,1.4125,55,187,1,140,0.0070921985815602835,1.0,w_qr_x0.5,strain,6,-1.0
81,1,1,147,336,6,0.0,81,0.1865772338589473,0.23129251700680273,6,18,0.43932980599647276,1.4625,60,187,0,147,0.0,1.0,w_qr_x0.5,strain,7,-1.0
81,3,0,143,336,3,0.0,84,0.22664437012263106,0.2517482517482518,6,16,0.4527210884353743,1.4102564102564104,61,184,1,142,0.006993006993006993,1.0,w_qr_x0.5,strain,8,-1.0
81,1,0,146,336,8,0.0,72,0.17332166719694575,0.2191780821917808,6,15,0.5158730158730158,1.3375,57,187,0,146,0.0,1.0,w_qr_x0.5,strain,9,-1.0
81,1,0,136,336,8,0.0,80,0.2116883116883117,0.20588235294117646,4,15,0.540357142857143,1.3375,53,175,1,135,0.007352941176470588,1.0,w_qr_x0.5,strain,10,-1.0
81,0,0,142,336,7,0.0,84,0.2118783655369021,0.2112676056338028,5,11,0.4591836734693877,1.308641975308642,58,188,0,142,0.0,1.0,w_qr_x0.5,strain,11,-1.0
81,1,2,141,335,13,0.0,84,0.21026687598116167,0.24113475177304963,5,18,0.4704081632653061,1.35,54,188,1,140,0.0070921985815602835,1.0,w_qr_x0.5,strain,12,-1.0
81,0,0,160,336,6,0.0,83,0.2068166479190101,0.225,6,18,0.5134251290877798,1.3209876543209877,58,201,0,160,0.0,1.0,w_qr_x0.5,strain,13,-1.0
81,0,0,144,336,4,0.0,79,0.20638026032100942,0.24305555555555555,6,16,0.5057866184448463,1.382716049382716,59,187,1,143,0.006944444444444444,1.0,w_qr_x0.5,strain,14,-1.0
81,1,0,155,336,6,0.0,85,0.1895724158882055,0.23870967741935484,6,19,0.4616806722689075,1.275,55,187,0,155,0.0,1.0,w_qr_x0.5,strain,15,-1.0
81,0,0,150,336,8,0.0,86,0.19914070891514513,0.24,6,15,0.48239202657807323,1.3580246913580247,55,185,1,149,0.006666666666666667,1.0,w_qr_x0.5,strain,16,-1.0
81,0,0,139,336,4,0.0,83,0.18582721626199894,0.22302158273381295,5,10,0.3722891566265061,1.4074074074074074,61,182,0,139,0.0,1.0,w_qr_x0.5,strain,17,-1.0
81,0,0,157,336,5,0.0,85,0.21407396203584672,0.2229299363057325,6,17,0.354453781512605,1.3703703703703705,61,199,1,156,0.006369426751592357,1.0,w_qr_x0.5,strain,18,-1.0
81,0,0,137,336,6,0.0,83,0.17281105990783407,0.25547445255474455,5,17,0.48588640275387274,1.2962962962962963,59,175,2,135,0.014598540145985401,1.0,w_qr_x0.5,strain,19,-1.0
81,0,0,157,336,14,0.0,85,0.18397773654916527,0.21019108280254778,5,19,0.46369747899159663,1.3333333333333333,57,197,0,157,0.0,1.0,w_qr_x0.5,strain,20,-1.0
81,0,0,154,336,5,0.0,84,0.19787396757418185,0.2012987012987013,5,22,0.4214285714285715,1.308641975308642,56,186,1,153,0.006493506493506494,1.0,w_qr_x0.5,strain,21,-1.0
81,0,0,150,336,4,0.0,88,0.20450478247454495,0.24,6,16,0.40162337662337677,1.3209876543209877,58,189,0,150,0.0,1.0,w_qr_x0.5,strain,22,-1.0
81,0,0,151,336,8,0.0,79,0.16874468249671293,0.2185430463576159,5,17,0.5242314647377939,1.3333333333333333,58,191,1,150,0.006622516556291391,1.0,w_qr_x0.5,strain,23,-1.0
81,2,0,152,336,4,0.0,87,0.19363629385123216,0.21710526315789475,6,13,0.47766830870279153,1.4050632911392404,57,190,2,150,0.013157894736842105,1.0,w_qr_x0.5,strain,24,-1.0
82,0,0,141,336,6,0.0,81,0.20580232092837147,0.24113475177304963,6,16,0.44885361552028225,1.4024390243902438,61,178,1,140,0.0070921985815602835,1.0,w_qr_x0.5,strain,25,-1.0
81,2,0,152,334,1,0.0,86,0.1838064215914379,0.23026315789473684,6,14,0.46112956810631234,1.2784810126582278,56,184,1,151,0.006578947368421052,1.0,w_qr_x0.5,strain,26,-1.0
81,2,1,136,334,5,0.0,80,0.2105504587155964,0.2426470588235294,5,12,0.48464285714285715,1.4177215189873418,55,170,2,134,0.014705882352941176,1.0,w_qr_x0.5,strain,27,-1.0
82,0,0,132,336,12,0.0,99,0.2452578377951513,0.25757575757575757,6,13,0.4050505050505051,1.4024390243902438,59,180,1,131,0.007575757575757576,1.0,w_qr_x0.5,strain,28,-1.0
82,0,0,149,336,7,0.0,75,0.16424251943768176,0.2080536912751678,6,17,0.6161904761904762,1.2560975609756098,52,185,1,148,0.006711409395973154,1.0,w_qr_x0.5,strain,29,-1.0
81,0,0,147,336,6,6.5,84,0.21598926529500995,0.2653061224489796,7,14,0.4843537414965986,1.3209876543209877,56,192,1,146,0.006802721088435374,1.0,w_qr_x0.5,strain,30,-1.0
82,0,0,147,336,6,0.0,84,0.18601092896174864,0.21768707482993196,5,15,0.4948979591836735,1.4634146341463414,58,195,0,147,0.0,1.0,w_qr_x0.5,strain,31,-1.0
81,4,0,140,335,8,0.0,93,0.2056562328390994,0.21428571428571427,5,19,0.3958525345622119,1.4675324675324675,62,188,1,139,0.007142857142857143,1.0,w_qr_x0.5,strain,32,-1.0
83,0,1,147,336,7,0.0,80,0.2134702838325231,0.23809523809523808,5,16,0.4542857142857144,1.3012048192771084,54,181,1,146,0.006802721088435374,1.0,w_qr_x0.5,strain,33,-1.0
81,2,0,155,336,8,0.0,81,0.20507648983940951,0.2,5,22,0.5045855379188713,1.3544303797468353,53,196,0,155,0.0,1.0,w_qr_x0.5,strain,34,-1.0
81,0,0,148,336,7,0.0,87,0.1810940276597388,0.19594594594594594,5,18,0.4770114942528736,1.345679012345679,55,181,4,144,0.02702702702702703,1.0,w_qr_x0.5,strain,35,-1.0
82,1,0,137,336,7,0.0,85,0.17781976043090286,0.23357664233576642,5,17,0.46907563025210086,1.3703703703703705,60,179,0,137,0.0,1.0,w_qr_x0.5,strain,36,-1.0
81,0,0,130,336,5,0.0,90,0.18858454977857964,0.26153846153846155,5,13,0.3720634920634922,1.345679012345679,63,171,2,128,0.015384615384615385,1.0,w_qr_x0.5,strain,37,-1.0
81,1,1,140,335,5,0.0,82,0.2166827541827543,0.2357142857142857,6,14,0.475261324041812,1.4375,57,188,0,140,0.0,1.0,w_qr_x0.5,strain,38,-1.0
81,0,0,149,336,7,0.0,89,0.20703922622246118,0.2348993288590604,6,18,0.4868378812199037,1.382716049382716,54,194,0,149,0.0,1.0,w_qr_x0.5,strain,39,-1.0
81,0,0,149,336,7,0.0,81,0.18358348238587774,0.22818791946308725,5,18,0.46225749559082896,1.3580246913580247,57,189,0,149,0.0,1.0,w_qr_x0.5,strain,40,-1.0
81,2,0,132,335,10,0.7,81,0.1905473858214879,0.24242424242424243,5,14,0.5063492063492063,1.3670886075949367,53,170,2,130,0.015151515151515152,1.0,w_qr_x0.5,strain,41,-1.0
81,1,0,135,335,7,0.0,73,0.17454710894201342,0.2222222222222222,6,16,0.49256360078277894,1.25,60,174,0,135,0.0,1.0,w_qr_x0.5,strain,42,-1.0
81,0,0,139,336,9,0.0,89,0.16262339098159995,0.2158273381294964,5,14,0.48138041733547365,1.3950617283950617,59,180,0,139,0.0,1.0,w_qr_x0.5,strain,43,-1.0
83,0,0,150,336,8,0.0,84,0.1852678571428572,0.20666666666666667,5,16,0.5326530612244897,1.2771084337349397,56,182,3,147,0.02,1.0,w_qr_x0.5,strain,44,-1.0
81,4,0,137,335,6,0.0,80,0.1918808981451352,0.22627737226277372,5,16,0.49642857142857144,1.4285714285714286,56,184,1,136,0.0072992700729927005,1.0,w_qr_x0.5,strain,45,-1.0
81,0,0,163,336,10,0.0,82,0.1636068476977568,0.19631901840490798,5,11,0.46585365853658534,1.2962962962962963,54,197,1,162,0.006134969325153374,1.0,w_qr_x0.5,strain,46,-1.0
82,0,0,148,336,9,0.0,86,0.1789489905994761,0.21621621621621623,6,13,0.48205980066445187,1.4146341463414633,55,189,1,147,0.006756756756756757,1.0,w_qr_x0.5,strain,47,-1.0
81,2,0,153,335,11,0.0,75,0.15900453881067778,0.20915032679738563,5,16,0.5518095238095237,1.3417721518987342,53,192,1,152,0.006535947712418301,1.0,w_qr_x0.5,strain,48,-1.0
81,0,0,165,336,10,0.0,91,0.18020253164556976,0.20606060606060606,7,16,0.48147566718995294,1.271604938271605,53,201,2,163,0.012121212121212121,1.0,w_qr_x0.5,strain,49,-1.0
81,0,0,110,336,4,0.0,128,0.18228307489277462,0.20909090909090908,5,4,0.37366071428571423,1.876543209876543,61,189,3,107,0.02727272727272727,1.0,w_qr_x2,strain,0,-1.0
81,0,0,113,336,6,0.0,126,0.19833659491193734,0.23008849557522124,4,5,0.3945578231292517,1.8518518518518519,62,190,1,112,0.008849557522123894,1.0,w_qr_x2,strain,1,-1.0
81,4,1,114,334,6,0.0,122,0.18850254223388552,0.21052631578947367,4,1,0.4042154566744731,1.844155844155844,59,183,1,113,0.008771929824561403,1.0,w_qr_x2,strain,2,-1.0
83,2,0,104,336,14,0.0,134,0.17805831568659403,0.21153846153846154,4,2,0.38656716417910464,1.9012345679012346,64,192,0,104,0.0,1.0,w_qr_x2,strain,3,-1.0
81,0,1,118,336,8,0.0,128,0.17696468342348082,0.22033898305084745,5,4,0.3866071428571429,1.8024691358024691,61,194,1,117,0.00847457627118644,1.0,w_qr_x2,strain,4,-1.0
81,0,0,108,336,10,0.0,123,0.1958605304469967,0.24074074074074073,4,4,0.36596980255516853,1.7901234567901234,63,179,3,105,0.027777777777777776,1.0,w_qr_x2,strain,5,-1.0
81,1,0,106,335,7,0.0,135,0.2007968454776965,0.2358490566037736,5,7,0.4265608465608466,1.875,57,187,2,104,0.018867924528301886,1.0,w_qr_x2,strain,6,-1.0
81,1,1,123,336,6,0.0,104,0.1889216167566683,0.21138211382113822,5,10,0.3532967032967034,1.75,62,187,0,123,0.0,1.0,w_qr_x2,strain,7,-1.0
81,3,0,118,336,3,0.0,115,0.22459906242289662,0.2033898305084746,4,8,0.40981366459627333,1.794871794871795,60,184,5,113,0.0423728813559322,1.0,w_qr_x2,strain,8,-1.0
81,1,0,109,336,8,0.0,110,0.19035206499661483,0.24770642201834864,5,6,0.40727272727272723,1.825,62,187,1,108,0.009174311926605505,1.0,w_qr_x2,strain,9,-1.0
81,1,0,100,336,9,0.0,117,0.21649014035994152,0.23,4,3,0.3637362637362638,1.8125,58,175,0,100,0.0,1.0,w_qr_x2,strain,10,-1.0
81,0,0,112,336,7,0.0,122,0.21495972382048345,0.22321428571428573,5,5,0.37822014051522257,1.7777777777777777,63,188,0,112,0.0,1.0,w_qr_x2,strain,11,-1.0
81,1,2,113,335,12,0.0,119,0.20792926411865387,0.21238938053097345,4,6,0.3252100840336134,1.7875,62,188,1,112,0.008849557522123894,1.0,w_qr_x2,strain,12,-1.0
81,0,0,124,336,6,0.0,120,0.21146031746031757,0.21774193548387097,5,7,0.4161904761904762,1.7777777777777777,60,201,0,124,0.0,1.0,w_qr_x2,strain,13,-1.0
81,0,0,112,336,4,0.0,115,0.2128110599078341,0.23214285714285715,4,10,0.3747826086956523,1.8395061728395061,64,187,1,111,0.008928571428571428,1.0,w_qr_x2,strain,14,-1.0
81,1,0,122,336,6,0.0,119,0.1896678671468588,0.22131147540983606,4,7,0.39027611044417765,1.7,58,187,1,121,0.00819672131147541,1.0,w_qr_x2,strain,15,-1.0
81,0,0,112,336,8,0.0,126,0.20242710539175768,0.20535714285714285,4,4,0.3099773242630386,1.8518518518518519,66,185,2,110,0.017857142857142856,1.0,w_qr_x2,strain,16,-1.0
81,0,0,108,336,4,0.0,114,0.19215051932572802,0.21296296296296297,4,5,0.32681704260651645,1.7901234567901234,64,182,0,108,0.0,1.0,w_qr_x2,strain,17,-1.0
81,0,0,125,336,5,0.0,122,0.21238938053097356,0.224,5,6,0.45409836065573783,1.8271604938271604,61,199,1,124,0.008,1.0,w_qr_x2,strain,18,-1.0
81,0,0,97,336,6,0.0,127,0.1954447601825542,0.23711340206185566,4,5,0.3629921259842521,1.8395061728395061,63,175,3,94,0.030927835051546393,1.0,w_qr_x2,strain,19,-1.0
81,0,0,126,336,14,0.0,123,0.17849818826613228,0.1984126984126984,4,7,0.34227642276422765,1.8148148148148149,64,197,0,126,0.0,1.0,w_qr_x2,strain,20,-1.0
81,0,0,114,336,5,0.0,124,0.2013076168682577,0.20175438596491227,4,4,0.37995391705069137,1.8024691358024691,62,186,1,113,0.008771929824561403,1.0,w_qr_x2,strain,21,-1.0
81,0,0,115,336,4,0.0,126,0.2113407094044908,0.24347826086956523,4,6,0.39863945578231297,1.8024691358024691,63,189,0,115,0.0,1.0,w_qr_x2,strain,22,-1.0
81,0,0,121,336,7,0.0,114,0.19628312863606978,0.2066115702479339,4,6,0.4072681704260652,1.7777777777777777,64,191,0,121,0.0,1.0,w_qr_x2,strain,23,-1.0
81,2,0,126,336,4,0.0,112,0.20476725521669348,0.1984126984126984,5,7,0.3788265306122449,1.7215189873417722,61,190,1,125,0.007936507936507936,1.0,w_qr_x2,strain,24,-1.0
82,0,0,107,336,6,0.0,116,0.21452296220979505,0.24299065420560748,4,7,0.3423645320197044,1.829268292682927,63,178,1,106,0.009345794392523364,1.0,w_qr_x2,strain,25,-1.0
81,1,0,119,335,1,3.7,123,0.18706277535720384,0.20168067226890757,4,3,0.4356562137049942,1.725,59,184,0,119,0.0,1.0,w_qr_x2,strain,26,-1.0
81,2,1,101,334,5,0.0,111,0.22239880586530858,0.2376237623762376,4,3,0.40707850707850723,1.8101265822784811,59,170,3,98,0.0297029702970297,1.0,w_qr_x2,strain,27,-1.0
82,0,0,101,336,12,0.0,138,0.2329556650246305,0.22772277227722773,4,2,0.336024844720497,1.8780487804878048,64,180,0,101,0.0,1.0,w_qr_x2,strain,28,-1.0
82,0,0,107,336,8,0.0,122,0.18451268357810413,0.22429906542056074,4,2,0.3800936768149883,1.829268292682927,63,185,1,106,0.009345794392523364,1.0,w_qr_x2,strain,29,-1.0
81,0,0,112,336,6,0.0,123,0.22830002467308175,0.25,5,6,0.36922183507549367,1.8024691358024691,63,192,1,111,0.008928571428571428,1.0,w_qr_x2,strain,30,-1.0
82,0,0,111,336,7,7.9,119,0.21034721821017976,0.23423423423423423,4,4,0.45894357743097247,1.8780487804878048,55,195,0,111,0.0,1.0,w_qr_x2,strain,31,-1.0
81,4,0,115,335,8,1.7,117,0.22421783523978767,0.23478260869565218,4,9,0.4042735042735044,1.7792207792207793,60,188,0,115,0.0,1.0,w_qr_x2,strain,32,-1.0
83,0,1,110,336,8,0.0,122,0.21706028075970285,0.24545454545454545,5,4,0.40960187353629984,1.7951807228915662,60,181,1,109,0.00909090909090909,1.0,w_qr_x2,strain,33,-1.0
81,2,0,123,335,8,0.0,116,0.22139661233620966,0.21951219512195122,5,11,0.41871921182266014,1.8101265822784811,59,196,0,123,0.0,1.0,w_qr_x2,strain,34,-1.0
81,0,0,106,336,7,0.0,131,0.2027183342972818,0.2169811320754717,4,4,0.3617230098146129,1.876543209876543,67,181,0,106,0.0,1.0,w_qr_x2,strain,35,-1.0
82,0,0,105,336,7,0.0,123,0.19055747078113172,0.21904761904761905,4,4,0.3369337979094078,1.8170731707317074,66,179,0,105,0.0,1.0,w_qr_x2,strain,36,-1.0
81,0,0,101,336,5,0.0,125,0.21182648791734282,0.2376237623762376,4,5,0.3944000000000001,1.7901234567901234,60,171,1,100,0.009900990099009901,1.0,w_qr_x2,strain,37,-1.0
81,1,1,115,335,5,0.0,111,0.22225836043699454,0.25217391304347825,5,7,0.38777348777348775,1.8,66,188,1,114,0.008695652173913044,1.0,w_qr_x2,strain,38,-1.0
81,0,0,119,336,7,0.0,122,0.2083467094703051,0.226890756302521,4,10,0.36042154566744733,1.7901234567901234,67,194,2,117,0.01680672268907563,1.0,w_qr_x2,strain,39,-1.0
81,0,0,115,336,7,0.0,119,0.17233624989778407,0.2,4,4,0.41428571428571437,1.8271604938271604,63,189,1,114,0.008695652173913044,1.0,w_qr_x2,strain,40,-1.0
81,2,0,95,334,10,0.0,119,0.20481432940148547,0.25263157894736843,5,4,0.37466986794717894,1.860759493670886,63,170,0,95,0.0,1.0,w_qr_x2,strain,41,-1.0
81,1,0,106,335,7,0.0,109,0.18702158768383947,0.2169811320754717,4,3,0.34167758846657925,1.7,65,174,3,103,0.02830188679245283,1.0,w_qr_x2,strain,42,-1.0
81,0,0,105,336,9,0.0,122,0.1782193158953722,0.23809523809523808,4,7,0.3765807962529275,1.8024691358024691,62,180,0,105,0.0,1.0,w_qr_x2,strain,43,-1.0
83,0,0,114,336,8,0.0,122,0.19167616875712667,0.19298245614035087,4,3,0.4105386416861827,1.7349397590361446,63,182,3,111,0.02631578947368421,1.0,w_qr_x2,strain,44,-1.0
81,4,0,107,336,6,0.0,113,0.20477894198824442,0.22429906542056074,4,5,0.4130214917825539,1.8571428571428572,60,184,3,104,0.028037383177570093,1.0,w_qr_x2,strain,45,-1.0
81,0,0,125,336,10,5.5,121,0.18324813673079188,0.216,5,3,0.38028335301062577,1.7777777777777777,61,197,0,125,0.0,1.0,w_qr_x2,strain,46,-1.0
82,0,0,119,336,9,0.0,117,0.18094432358391743,0.19327731092436976,4,3,0.3981684981684983,1.7926829268292683,63,189,1,118,0.008403361344537815,1.0,w_qr_x2,strain,47,-1.0
81,2,0,112,335,11,0.0,117,0.18448063163089068,0.21428571428571427,4,4,0.4318681318681319,1.8734177215189873,63,192,0,112,0.0,1.0,w_qr_x2,strain,48,-1.0
81,0,0,124,336,10,0.0,139,0.19125162077644742,0.22580645161290322,5,5,0.4027749229188078,1.8641975308641976,61,201,1,123,0.008064516129032258,1.0,w_qr_x2,strain,49,-1.0
81,0,0,114,336,4,0.0,123,0.20023795848034798,0.24561403508771928,5,10,0.4319396051103368,1.8148148148148149,58,189,0,114,0.0,1.0,forward_7d,strain,0,-1.0
81,0,0,116,336,6,0.0,125,0.2018514027002991,0.25,5,7,0.3107428571428572,1.8395061728395061,65,190,1,115,0.008620689655172414,1.0,forward_7d,strain,1,-1.0
81,4,0,120,334,6,0.0,115,0.17685177656720064,0.20833333333333334,5,6,0.438385093167702,1.7532467532467533,58,183,1,119,0.008333333333333333,1.0,forward_7d,strain,2,-1.0
83,2,0,108,336,13,0.0,133,0.1723884810841334,0.2037037037037037,4,4,0.3773361976369496,1.8888888888888888,61,192,2,106,0.018518518518518517,1.0,forward_7d,strain,3,-1.0
81,0,1,121,336,7,0.0,122,0.1819993622448981,0.23140495867768596,5,6,0.41217798594847777,1.7160493827160495,59,194,0,121,0.0,1.0,forward_7d,strain,4,-1.0
81,0,0,108,336,10,0.0,122,0.19020029796391325,0.23148148148148148,4,5,0.35971896955503513,1.7777777777777777,63,179,2,106,0.018518518518518517,1.0,forward_7d,strain,5,-1.0
81,1,0,111,335,7,0.0,130,0.1997882391268937,0.26126126126126126,5,6,0.3632967032967034,1.8125,63,187,1,110,0.009009009009009009,1.0,forward_7d,strain,6,-1.0
81,1,1,126,336,6,0.0,103,0.1860712257645818,0.2222222222222222,5,9,0.37517337031900144,1.7375,60,187,0,126,0.0,1.0,forward_7d,strain,7,-1.0
81,3,0,119,336,3,0.0,110,0.2374007936507938,0.24369747899159663,5,14,0.4005194805194805,1.7692307692307692,59,184,2,117,0.01680672268907563,1.0,forward_7d,strain,8,-1.0
81,1,0,119,336,8,0.0,101,0.17274840209180709,0.2184873949579832,4,7,0.3574257425742575,1.7,65,187,0,119,0.0,1.0,forward_7d,strain,9,-1.0
81,1,0,102,336,9,0.0,118,0.2214712408260795,0.24509803921568626,4,3,0.3368038740920096,1.825,65,175,0,102,0.0,1.0,forward_7d,strain,10,-1.0
81,0,0,112,336,7,0.0,119,0.21626869371230284,0.25,5,6,0.39363745498199276,1.7407407407407407,62,188,0,112,0.0,1.0,forward_7d,strain,11,-1.0
81,1,2,112,335,12,0.0,117,0.2122507590054976,0.24107142857142858,4,7,0.31636141636141635,1.7625,65,188,0,112,0.0,1.0,forward_7d,strain,12,-1.0
81,0,0,132,336,6,0.0,113,0.2117992024395965,0.2196969696969697,5,12,0.39557522123893807,1.691358024691358,60,201,0,132,0.0,1.0,forward_7d,strain,13,-1.0
81,0,0,116,336,4,0.0,109,0.2091759205143191,0.23275862068965517,5,11,0.3673656618610748,1.7654320987654322,67,187,0,116,0.0,1.0,forward_7d,strain,14,-1.0
81,1,0,123,336,6,0.0,120,0.2060996974040452,0.23577235772357724,5,10,0.35071428571428576,1.7125,58,187,1,122,0.008130081300813009,1.0,forward_7d,strain,15,-1.0
81,0,0,113,336,8,0.0,123,0.20077506730847694,0.21238938053097345,4,5,0.318583042973287,1.8148148148148149,68,185,1,112,0.008849557522123894,1.0,forward_7d,strain,16,-1.0
81,0,0,113,336,4,0.0,111,0.20599512318170365,0.24778761061946902,5,5,0.3257400257400258,1.7654320987654322,64,182,0,113,0.0,1.0,forward_7d,strain,17,-1.0
81,0,0,125,336,5,0.0,122,0.21739886219974713,0.24,5,9,0.3426229508196721,1.8271604938271604,65,199,1,124,0.008,1.0,forward_7d,strain,18,-1.0
81,0,0,100,336,6,0.0,125,0.18485936564931182,0.26,5,7,0.3480000000000001,1.8024691358024691,63,175,2,98,0.02,1.0,forward_7d,strain,19,-1.0
81,0,0,129,336,14,0.0,116,0.18177606177606176,0.2248062015503876,5,11,0.32093596059113305,1.7160493827160495,66,197,0,129,0.0,1.0,forward_7d,strain,20,-1.0
81,0,0,119,336,5,0.0,115,0.2067308476788774,0.20168067226890757,4,8,0.36534161490683226,1.691358024691358,59,186,1,118,0.008403361344537815,1.0,forward_7d,strain,21,-1.0
81,0,0,115,336,4,0.0,126,0.20724048161405806,0.2608695652173913,5,7,0.3544217687074831,1.8024691358024691,66,189,0,115,0.0,1.0,forward_7d,strain,22,-1.0
81,0,0,128,336,7,0.0,108,0.1719228316326531,0.21875,5,12,0.38650793650793647,1.7037037037037037,64,191,0,128,0.0,1.0,forward_7d,strain,23,-1.0
81,2,0,127,336,4,0.0,110,0.19282504012841106,0.2204724409448819,5,6,0.36337662337662335,1.6962025316455696,63,190,0,127,0.0,1.0,forward_7d,strain,24,-1.0
82,0,0,109,336,6,0.0,114,0.21889564336372858,0.25688073394495414,5,7,0.38195488721804516,1.8048780487804879,62,178,0,109,0.0,1.0,forward_7d,strain,25,-1.0
81,1,0,121,335,1,0.0,121,0.19360667693055666,0.2066115702479339,5,6,0.3479338842975208,1.7,61,184,0,121,0.0,1.0,forward_7d,strain,26,-1.0
81,2,1,104,334,5,0.0,113,0.22037726053474094,0.25,5,5,0.3798988621997472,1.8354430379746836,59,170,2,102,0.019230769230769232,1.0,forward_7d,strain,27,-1.0
82,0,0,102,336,12,0.0,132,0.2498015873015873,0.24509803921568626,5,4,0.3543290043290044,1.8048780487804879,65,180,0,102,0.0,1.0,forward_7d,strain,28,-1.0
82,0,0,112,336,8,0.0,115,0.17580310450734626,0.23214285714285715,4,7,0.42472049689441005,1.7439024390243902,59,185,0,112,0.0,1.0,forward_7d,strain,29,-1.0
81,0,0,112,336,6,0.0,122,0.2238095238095239,0.2857142857142857,5,7,0.3531615925058549,1.8024691358024691,62,192,0,112,0.0,1.0,forward_7d,strain,30,-1.0
82,0,0,112,336,6,0.0,118,0.19450804712128766,0.25,5,8,0.41089588377723985,1.8658536585365855,60,195,0,112,0.0,1.0,forward_7d,strain,31,-1.0
81,4,0,122,335,8,0.0,117,0.20978791516606643,0.22131147540983606,5,9,0.34615384615384626,1.7792207792207793,63,188,0,122,0.0,1.0,forward_7d,strain,32,-1.0
83,0,1,112,336,7,0.0,118,0.22867074987584846,0.25892857142857145,5,6,0.3389830508474576,1.7469879518072289,64,181,0,112,0.0,1.0,forward_7d,strain,33,-1.0
81,2,0,125,336,8,0.0,117,0.2153937475267116,0.232,5,12,0.38620268620268616,1.8227848101265822,63,196,1,124,0.008,1.0,forward_7d,strain,34,-1.0
81,0,0,109,336,7,0.0,125,0.20412294472444859,0.23853211009174313,4,8,0.34205714285714284,1.8024691358024691,64,181,0,109,0.0,1.0,forward_7d,strain,35,-1.0
82,0,0,102,336,7,0.0,121,0.19403837953091685,0.22549019607843138,4,8,0.3491145218417946,1.7804878048780488,65,179,0,102,0.0,1.0,forward_7d,strain,36,-1.0
81,0,0,104,336,5,0.0,120,0.2121547903170815,0.2403846153846154,5,6,0.27333333333333343,1.728395061728395,63,171,0,104,0.0,1.0,forward_7d,strain,37,-1.0
81,0,1,114,336,5,0.0,115,0.2275836307794472,0.24561403508771928,4,7,0.36633540372670814,1.8271604938271604,64,188,1,113,0.008771929824561403,1.0,forward_7d,strain,38,-1.0
81,0,0,122,336,7,0.0,120,0.20298150510204094,0.22950819672131148,4,9,0.3204761904761906,1.7654320987654322,65,194,0,122,0.0,1.0,forward_7d,strain,39,-1.0
81,0,0,117,336,7,0.0,117,0.1793741341373971,0.21367521367521367,4,5,0.38962148962148957,1.7901234567901234,65,189,0,117,0.0,1.0,forward_7d,strain,40,-1.0
81,2,0,97,334,10,0.0,116,0.20638409209837794,0.26804123711340205,4,7,0.335960591133005,1.8101265822784811,65,170,1,96,0.010309278350515464,1.0,forward_7d,strain,41,-1.0
81,1,0,103,335,7,0.0,106,0.18802238153523354,0.21359223300970873,4,7,0.3105121293800539,1.6625,65,174,0,103,0.0,1.0,forward_7d,strain,42,-1.0
81,0,0,111,336,9,0.0,117,0.17698550724637685,0.24324324324324326,4,7,0.3661782661782662,1.7407407407407407,61,180,0,111,0.0,1.0,forward_7d,strain,43,-1.0
83,0,0,112,336,8,0.0,123,0.19509619320507587,0.24107142857142858,4,8,0.3952380952380954,1.7469879518072289,65,182,1,111,0.008928571428571428,1.0,forward_7d,strain,44,-1.0
81,4,0,109,336,6,0.0,107,0.20968624433615468,0.25688073394495414,5,7,0.418291054739653,1.7662337662337662,58,184,1,108,0.009174311926605505,1.0,forward_7d,strain,45,-1.0
81,0,0,127,336,10,0.0,118,0.18266645826820893,0.2283464566929134,5,3,0.3542372881355933,1.7407407407407407,61,197,0,127,0.0,1.0,forward_7d,strain,46,-1.0
82,0,0,122,336,9,0.0,115,0.1907883153261305,0.19672131147540983,4,3,0.39316770186335415,1.7682926829268293,61,189,2,120,0.01639344262295082,1.0,forward_7d,strain,47,-1.0
81,2,0,114,335,11,0.0,116,0.16766486663393887,0.20175438596491227,4,5,0.31453201970443345,1.8734177215189873,65,192,1,113,0.008771929824561403,1.0,forward_7d,strain,48,-1.0
81,0,0,125,336,10,0.0,137,0.18903973762489512,0.224,5,7,0.34817518248175183,1.8395061728395061,62,201,1,124,0.008,1.0,forward_7d,strain,49,-1.0
81,0,0,115,336,4,0.0,120,0.20098635541673526,0.24347826086956523,5,12,0.44285714285714284,1.7777777777777777,58,189,0,115,0.0,1.0,forward_14d,strain,0,-1.0
81,0,0,120,336,6,0.0,122,0.18661215327882008,0.21666666666666667,5,8,0.3440281030444965,1.8024691358024691,64,190,1,119,0.008333333333333333,1.0,forward_14d,strain,1,-1.0
81,4,0,117,334,6,0.0,116,0.17895686403149091,0.2222222222222222,5,5,0.4140394088669952,1.7662337662337662,61,183,1,116,0.008547008547008548,1.0,forward_14d,strain,2,-1.0
83,2,0,105,336,13,0.0,132,0.17373061224489805,0.20952380952380953,4,1,0.36103896103896105,1.876543209876543,62,192,1,104,0.009523809523809525,1.0,forward_14d,strain,3,-1.0
81,0,1,118,336,7,0.0,123,0.17751426963582295,0.23728813559322035,4,7,0.345528455284553,1.7407407407407407,66,194,0,118,0.0,1.0,forward_14d,strain,4,-1.0
81,0,0,112,336,10,0.0,120,0.18481323722149412,0.23214285714285715,4,4,0.33404761904761915,1.7530864197530864,64,179,3,109,0.026785714285714284,1.0,forward_14d,strain,5,-1.0
81,1,0,112,335,7,0.0,129,0.20194324741848946,0.26785714285714285,5,6,0.3854928017718715,1.8125,62,187,0,112,0.0,1.0,forward_14d,strain,6,-1.0
81,1,1,126,336,6,0.0,102,0.18202502844141066,0.21428571428571427,5,10,0.33921568627450993,1.725,62,187,0,126,0.0,1.0,forward_14d,strain,7,-1.0
81,3,0,116,336,3,0.0,114,0.22784138045462088,0.2413793103448276,4,9,0.38245614035087727,1.8076923076923077,63,184,1,115,0.008620689655172414,1.0,forward_14d,strain,8,-1.0
81,1,0,116,336,8,0.0,104,0.1683911882510014,0.23275862068965517,5,9,0.40192307692307705,1.75,63,187,0,116,0.0,1.0,forward_14d,strain,9,-1.0
81,1,0,101,336,9,0.0,117,0.2047447447447448,0.22772277227722773,4,4,0.384004884004884,1.8125,63,175,0,101,0.0,1.0,forward_14d,strain,10,-1.0
81,0,0,113,336,7,0.0,117,0.2065851441791291,0.23008849557522124,4,6,0.3744810744810745,1.7160493827160495,64,188,0,113,0.0,1.0,forward_14d,strain,11,-1.0
81,1,2,110,335,12,0.0,119,0.2156689995883081,0.23636363636363636,4,5,0.3533013205282114,1.7875,62,188,0,110,0.0,1.0,forward_14d,strain,12,-1.0
81,0,0,125,336,6,0.0,120,0.20892263882297102,0.232,5,9,0.42333333333333334,1.7777777777777777,62,201,0,125,0.0,1.0,forward_14d,strain,13,-1.0
81,0,0,117,336,4,0.0,109,0.2022381229719612,0.23931623931623933,5,10,0.4137614678899084,1.7530864197530864,64,187,1,116,0.008547008547008548,1.0,forward_14d,strain,14,-1.0
81,1,0,122,336,6,0.0,118,0.1979477312810647,0.22950819672131148,5,9,0.38280871670702177,1.6875,57,187,0,122,0.0,1.0,forward_14d,strain,15,-1.0
81,0,0,115,336,8,0.0,123,0.20477270885665666,0.21739130434782608,5,6,0.36039488966318234,1.8148148148148149,64,185,0,115,0.0,1.0,forward_14d,strain,16,-1.0
81,0,0,111,336,4,0.0,112,0.20628909551986485,0.23423423423423423,4,5,0.35306122448979593,1.7777777777777777,62,182,0,111,0.0,1.0,forward_14d,strain,17,-1.0
81,0,0,126,336,5,0.0,120,0.21390644753476606,0.23015873015873015,5,6,0.345952380952381,1.8024691358024691,66,199,1,125,0.007936507936507936,1.0,forward_14d,strain,18,-1.0
81,0,0,98,336,6,0.0,126,0.1891352931064123,0.24489795918367346,4,5,0.34807256235827677,1.8271604938271604,63,175,4,94,0.04081632653061224,1.0,forward_14d,strain,19,-1.0
81,0,0,127,336,14,0.0,117,0.17635601769224807,0.2047244094488189,4,10,0.3705738705738706,1.728395061728395,64,197,0,127,0.0,1.0,forward_14d,strain,20,-1.0
81,0,0,117,336,5,0.0,119,0.21267031084278387,0.20512820512820512,4,9,0.3974789915966388,1.7407407407407407,59,186,0,117,0.0,1.0,forward_14d,strain,21,-1.0
81,0,0,112,336,4,0.0,130,0.19988571428571444,0.26785714285714285,5,6,0.34439560439560446,1.8518518518518519,67,189,0,112,0.0,1.0,forward_14d,strain,22,-1.0
81,0,0,124,336,7,0.0,112,0.18168539325842703,0.21774193548387097,5,9,0.3744897959183675,1.7530864197530864,62,191,0,124,0.0,1.0,forward_14d,strain,23,-1.0
81,2,0,127,336,5,0.0,111,0.19884083459908863,0.2283464566929134,5,8,0.38777348777348775,1.7088607594936709,61,190,1,126,0.007874015748031496,1.0,forward_14d,strain,24,-1.0
82,0,0,106,336,6,0.0,117,0.22384347678465333,0.27358490566037735,5,7,0.3671550671550672,1.8414634146341464,64,178,0,106,0.0,1.0,forward_14d,strain,25,-1.0
81,1,0,121,335,1,0.0,121,0.18279718013126978,0.21487603305785125,4,7,0.3857142857142857,1.6875,62,184,1,120,0.008264462809917356,1.0,forward_14d,strain,26,-1.0
81,2,1,103,334,5,0.0,115,0.21497793545037647,0.23300970873786409,5,2,0.43888198757763974,1.860759493670886,61,170,5,98,0.04854368932038835,1.0,forward_14d,strain,27,-1.0
82,0,0,102,336,12,0.0,132,0.24368386243386242,0.24509803921568626,4,5,0.34545454545454546,1.8048780487804879,64,180,0,102,0.0,1.0,forward_14d,strain,28,-1.0
82,0,0,112,336,7,0.0,114,0.1877979663277214,0.23214285714285715,5,5,0.3879699248120301,1.7317073170731707,65,185,1,111,0.008928571428571428,1.0,forward_14d,strain,29,-1.0
81,0,0,115,336,6,0.0,120,0.2226640484372444,0.26956521739130435,5,8,0.33452380952380967,1.7654320987654322,66,192,0,115,0.0,1.0,forward_14d,strain,30,-1.0
82,0,0,112,336,6,0.0,120,0.19303902116402116,0.24107142857142858,5,7,0.38476190476190486,1.9024390243902438,62,195,1,111,0.008928571428571428,1.0,forward_14d,strain,31,-1.0
81,4,0,118,335,8,0.0,118,0.21475542597991581,0.2542372881355932,6,9,0.33486682808716717,1.7922077922077921,63,188,0,118,0.0,1.0,forward_14d,strain,32,-1.0
83,0,1,114,336,7,0.0,118,0.2173105375637021,0.23684210526315788,4,5,0.3368038740920096,1.7469879518072289,64,181,2,112,0.017543859649122806,1.0,forward_14d,strain,33,-1.0
81,2,0,128,336,8,0.0,115,0.20750845192232092,0.2265625,5,13,0.3959006211180125,1.8101265822784811,62,196,2,126,0.015625,1.0,forward_14d,strain,34,-1.0
81,0,0,109,336,7,0.0,127,0.18961712638946082,0.23853211009174313,4,7,0.3661417322834646,1.8271604938271604,63,181,0,109,0.0,1.0,forward_14d,strain,35,-1.0
82,0,0,103,336,7,0.0,120,0.19049889324025204,0.23300970873786409,4,7,0.3414285714285714,1.7682926829268293,65,179,0,103,0.0,1.0,forward_14d,strain,36,-1.0
81,0,0,103,336,5,0.0,118,0.20317651098901113,0.2621359223300971,5,7,0.3302663438256659,1.7037037037037037,62,171,0,103,0.0,1.0,forward_14d,strain,37,-1.0
81,1,1,114,335,5,0.0,109,0.22606030066347538,0.24561403508771928,5,7,0.3943643512450852,1.775,62,188,0,114,0.0,1.0,forward_14d,strain,38,-1.0
81,0,0,121,336,7,0.0,121,0.20007186776331554,0.23140495867768596,5,9,0.3332939787485243,1.7777777777777777,67,194,0,121,0.0,1.0,forward_14d,strain,39,-1.0
81,0,0,118,336,7,0.0,114,0.17120000000000002,0.211864406779661,5,6,0.37017543859649127,1.7530864197530864,65,189,1,117,0.00847457627118644,1.0,forward_14d,strain,40,-1.0
81,2,0,99,334,10,0.0,114,0.2130691692735489,0.26262626262626265,4,8,0.3335839598997494,1.7848101265822784,66,170,0,99,0.0,1.0,forward_14d,strain,41,-1.0
81,1,0,98,335,7,0.0,110,0.18992220650636504,0.22448979591836735,4,4,0.3342857142857143,1.7125,66,174,0,98,0.0,1.0,forward_14d,strain,42,-1.0
81,0,0,105,336,9,0.0,122,0.16715291750503014,0.22857142857142856,4,7,0.36721311475409846,1.8024691358024691,63,180,0,105,0.0,1.0,forward_14d,strain,43,-1.0
83,0,0,114,336,8,0.0,120,0.19959136972866953,0.22807017543859648,4,7,0.40428571428571436,1.7108433734939759,64,182,0,114,0.0,1.0,forward_14d,strain,44,-1.0
81,4,0,110,336,6,0.0,109,0.21253713606654778,0.24545454545454545,4,6,0.42450851900393194,1.7922077922077921,60,184,1,109,0.00909090909090909,1.0,forward_14d,strain,45,-1.0
81,0,0,130,336,10,0.0,119,0.16689330139843928,0.2,4,5,0.35258103241296523,1.7530864197530864,62,197,1,129,0.007692307692307693,1.0,forward_14d,strain,46,-1.0
82,0,0,122,336,9,0.0,112,0.18359073359073363,0.22950819672131148,5,6,0.40102040816326534,1.7317073170731707,61,189,0,122,0.0,1.0,forward_14d,strain,47,-1.0
81,2,0,115,335,11,0.0,114,0.1682048764522992,0.22608695652173913,4,5,0.38095238095238093,1.8354430379746836,64,192,1,114,0.008695652173913044,1.0,forward_14d,strain,48,-1.0
81,0,0,122,336,10,0.0,135,0.19637641968631692,0.22131147540983606,5,5,0.34910052910052913,1.8148148148148149,63,201,0,122,0.0,1.0,forward_14d,strain,49,-1.0
81,0,0,107,336,4,0.0,123,0.23042966450853442,0.2897196261682243,5,9,0.43890824622531954,1.7901234567901234,57,189,0,107,0.0,1.0,linear_cost,strain,0,-1.0
81,0,0,114,336,6,0.0,124,0.2646118721461188,0.2543859649122807,5,9,0.3682027649769586,1.7901234567901234,63,190,0,114,0.0,1.0,linear_cost,strain,1,-1.0
81,4,0,113,334,6,0.0,118,0.22456082200861793,0.22123893805309736,5,7,0.4179176755447942,1.7792207792207793,60,183,0,113,0.0,1.0,linear_cost,strain,2,-1.0
83,2,0,107,336,13,0.0,130,0.21425317279531408,0.2523364485981308,5,8,0.37384615384615394,1.8395061728395061,62,192,0,107,0.0,1.0,linear_cost,strain,3,-1.0
81,0,1,118,336,7,0.0,125,0.21242688887108407,0.2457627118644068,5,10,0.33908571428571443,1.7530864197530864,61,194,0,118,0.0,1.0,linear_cost,strain,4,-1.0
81,1,0,108,336,10,0.0,116,0.2398461023753764,0.25925925925925924,4,6,0.38743842364532033,1.7,62,179,0,108,0.0,1.0,linear_cost,strain,5,-1.0
81,1,0,107,335,7,0.0,129,0.2529655058317479,0.24299065420560748,4,7,0.3653377630121817,1.8,64,187,0,107,0.0,1.0,linear_cost,strain,6,-1.0
81,1,1,119,336,6,0.0,107,0.2358256994305521,0.24369747899159663,5,10,0.4137516688918559,1.7625,60,187,0,119,0.0,1.0,linear_cost,strain,7,-1.0
81,3,0,114,336,3,0.0,112,0.27152917505030194,0.2631578947368421,5,11,0.45229591836734695,1.7307692307692308,57,184,0,114,0.0,1.0,linear_cost,strain,8,-1.0
81,1,0,111,336,8,0.0,111,0.2092190252495596,0.27927927927927926,6,11,0.3592020592020593,1.8125,65,187,0,111,0.0,1.0,linear_cost,strain,9,-1.0
81,1,1,105,336,9,0.0,111,0.2597674617423271,0.24761904761904763,6,6,0.38133848133848147,1.725,63,175,0,105,0.0,1.0,linear_cost,strain,10,-1.0
81,0,0,109,336,7,0.0,119,0.25583201135509737,0.26605504587155965,5,7,0.3739495798319328,1.7407407407407407,64,188,0,109,0.0,1.0,linear_cost,strain,11,-1.0
81,1,2,110,335,13,0.0,117,0.2533261891023,0.2545454545454545,5,8,0.42893772893772897,1.7375,59,188,0,110,0.0,1.0,linear_cost,strain,12,-1.0
81,0,0,125,336,6,0.0,118,0.2493968253968255,0.248,5,12,0.399273607748184,1.728395061728395,64,201,0,125,0.0,1.0,linear_cost,strain,13,-1.0
81,0,0,118,336,4,0.0,108,0.28147840531561474,0.288135593220339,6,12,0.37116402116402125,1.7037037037037037,61,187,0,118,0.0,1.0,linear_cost,strain,14,-1.0
81,1,0,122,336,6,0.0,116,0.23416988416988427,0.27049180327868855,6,13,0.4391625615763548,1.65,59,187,0,122,0.0,1.0,linear_cost,strain,15,-1.0
81,0,0,111,336,8,0.0,126,0.24838182412553134,0.23423423423423423,5,7,0.38299319727891157,1.8148148148148149,62,185,0,111,0.0,1.0,linear_cost,strain,16,-1.0
81,0,0,110,336,4,0.0,113,0.24184096875264638,0.23636363636363636,5,5,0.3571428571428572,1.7654320987654322,62,182,0,110,0.0,1.0,linear_cost,strain,17,-1.0
81,0,0,121,336,5,0.0,121,0.2707708350044118,0.2644628099173554,6,8,0.4001180637544275,1.7901234567901234,64,199,0,121,0.0,1.0,linear_cost,strain,18,-1.0
81,0,0,97,336,6,0.0,123,0.2324139127417817,0.23711340206185566,4,5,0.31602787456446,1.7777777777777777,68,175,0,97,0.0,1.0,linear_cost,strain,19,-1.0
81,0,0,130,336,13,0.0,115,0.23355481727574756,0.23076923076923078,5,13,0.3303105590062112,1.7037037037037037,64,197,0,130,0.0,1.0,linear_cost,strain,20,-1.0
81,0,0,114,336,5,0.0,121,0.24647169966318905,0.22807017543859648,5,11,0.4119244391971666,1.7160493827160495,60,186,0,114,0.0,1.0,linear_cost,strain,21,-1.0
81,0,0,108,336,4,0.0,130,0.2580367488826354,0.2777777777777778,5,6,0.39604395604395615,1.8271604938271604,62,189,0,108,0.0,1.0,linear_cost,strain,22,-1.0
81,0,0,118,336,7,0.0,114,0.21232653061224505,0.2288135593220339,5,7,0.37744360902255636,1.7654320987654322,66,191,0,118,0.0,1.0,linear_cost,strain,23,-1.0
81,2,0,126,336,4,0.0,110,0.2535029795458206,0.23015873015873015,5,10,0.4135064935064936,1.6962025316455696,61,190,0,126,0.0,1.0,linear_cost,strain,24,-1.0
82,0,0,109,336,6,0.0,111,0.25504626092861393,0.29357798165137616,5,9,0.38751608751608746,1.7439024390243902,66,178,1,108,0.009174311926605505,1.0,linear_cost,strain,25,-1.0
81,1,0,118,335,1,0.0,124,0.2436390291578434,0.2288135593220339,5,6,0.37004608294930885,1.7125,60,184,0,118,0.0,1.0,linear_cost,strain,26,-1.0
81,2,1,101,334,5,0.0,111,0.26953200456580917,0.24752475247524752,4,5,0.39909909909909924,1.7721518987341771,61,170,2,99,0.019801980198019802,1.0,linear_cost,strain,27,-1.0
82,0,0,99,336,12,0.0,135,0.2943987368071139,0.2828282828282828,5,10,0.37449735449735444,1.8414634146341464,61,180,0,99,0.0,1.0,linear_cost,strain,28,-1.0
82,0,0,106,336,7,0.0,119,0.22803982786262766,0.2358490566037736,6,3,0.4056422569027611,1.7804878048780488,64,185,0,106,0.0,1.0,linear_cost,strain,29,-1.0
81,0,0,110,336,6,0.0,122,0.26661689065870253,0.3181818181818182,6,9,0.37681498829039817,1.7901234567901234,63,192,0,110,0.0,1.0,linear_cost,strain,30,-1.0
82,0,0,111,336,6,0.0,121,0.23065010351966886,0.26126126126126126,5,10,0.4145218417945691,1.8780487804878048,62,195,1,110,0.009009009009009009,1.0,linear_cost,strain,31,-1.0
81,4,0,119,335,8,0.0,116,0.2577907353417559,0.24369747899159663,5,12,0.39039408866995085,1.7662337662337662,60,188,1,118,0.008403361344537815,1.0,linear_cost,strain,32,-1.0
83,0,1,109,336,7,0.0,121,0.26620351110741325,0.25688073394495414,5,9,0.39421487603305794,1.7710843373493976,63,181,0,109,0.0,1.0,linear_cost,strain,33,-1.0
81,2,0,126,336,8,0.0,113,0.24103073135869146,0.2222222222222222,5,12,0.39051833122629587,1.759493670886076,62,196,0,126,0.0,1.0,linear_cost,strain,34,-1.0
81,0,0,110,336,7,0.0,127,0.25084926561089693,0.21818181818181817,4,5,0.3868391451068618,1.8271604938271604,62,181,0,110,0.0,1.0,linear_cost,strain,35,-1.0
82,1,0,104,336,7,0.0,117,0.24432409381663112,0.2692307692307692,5,8,0.35616605616605623,1.7654320987654322,64,179,0,104,0.0,1.0,linear_cost,strain,36,-1.0
81,0,0,101,336,5,0.0,119,0.25530427276650847,0.2871287128712871,6,6,0.3105642256902761,1.691358024691358,66,171,0,101,0.0,1.0,linear_cost,strain,37,-1.0
81,0,1,114,336,5,0.0,110,0.27013900519176026,0.2807017543859649,5,10,0.41480519480519495,1.7407407407407407,61,188,1,113,0.008771929824561403,1.0,linear_cost,strain,38,-1.0
81,0,0,118,336,7,0.0,121,0.23977575219811254,0.2542372881355932,5,12,0.40625737898465175,1.7654320987654322,63,194,0,118,0.0,1.0,linear_cost,strain,39,-1.0
81,0,0,115,336,7,0.0,114,0.23741339491916857,0.2608695652173913,5,7,0.40426065162907276,1.7160493827160495,63,189,0,115,0.0,1.0,linear_cost,strain,40,-1.0
81,2,0,96,334,10,0.0,115,0.24894326054547045,0.2604166666666667,5,9,0.4038509316770187,1.7721518987341771,62,170,0,96,0.0,1.0,linear_cost,strain,41,-1.0
81,1,0,100,335,7,0.0,110,0.22118287118287117,0.25,4,4,0.34077922077922085,1.7,65,174,0,100,0.0,1.0,linear_cost,strain,42,-1.0
81,0,0,109,336,9,0.0,119,0.21601429402476535,0.25688073394495414,5,7,0.37106842737094836,1.7530864197530864,62,180,0,109,0.0,1.0,linear_cost,strain,43,-1.0
83,0,0,109,336,8,0.0,122,0.26861120318196896,0.23853211009174313,4,7,0.39156908665105394,1.7349397590361446,60,182,0,109,0.0,1.0,linear_cost,strain,44,-1.0
81,4,0,107,336,6,0.0,109,0.23232089232089237,0.2803738317757009,5,12,0.3781127129750983,1.7792207792207793,61,184,0,107,0.0,1.0,linear_cost,strain,45,-1.0
81,0,0,121,336,10,0.0,121,0.23552788133576597,0.2396694214876033,5,6,0.36304604486422676,1.7777777777777777,64,197,0,121,0.0,1.0,linear_cost,strain,46,-1.0
82,0,0,120,336,9,0.0,109,0.23860805860805856,0.25,5,8,0.3238532110091743,1.6951219512195121,64,189,0,120,0.0,1.0,linear_cost,strain,47,-1.0
81,2,0,115,335,11,0.0,113,0.2268420621260554,0.23478260869565218,4,7,0.4309734513274337,1.7974683544303798,60,192,0,115,0.0,1.0,linear_cost,strain,48,-1.0
81,0,0,125,336,10,0.0,131,0.2338621486330381,0.224,4,9,0.3492911668484189,1.7654320987654322,64,201,0,125,0.0,1.0,linear_cost,strain,49,-1.0
47,0,0,139,336,5,0.0,68,0.22289017341040473,0.2158273381294964,5,18,0.4201680672268908,1.8297872340425532,54,189,0,139,0.0,1.0,absence_3pct,strain,0,0.03
45,0,0,148,336,7,0.0,79,0.21345596868884553,0.22972972972972974,5,14,0.5274864376130199,1.8444444444444446,46,190,0,148,0.0,1.0,absence_3pct,strain,1,0.03
45,0,0,142,336,6,0.0,73,0.20217479181825526,0.22535211267605634,5,10,0.5391389432485323,1.8888888888888888,49,183,1,141,0.007042253521126761,1.0,absence_3pct,strain,2,0.03
45,1,0,140,336,14,0.0,68,0.18277974846823608,0.20714285714285716,5,12,0.4920168067226891,1.8636363636363635,51,192,0,140,0.0,1.0,absence_3pct,strain,3,0.03
45,0,1,150,336,8,0.0,67,0.19022556390977452,0.22666666666666666,5,17,0.5656716417910448,1.8,49,194,0,150,0.0,1.0,absence_3pct,strain,4,0.03
45,0,0,139,336,10,0.0,66,0.22960353866317185,0.2158273381294964,5,12,0.4956709956709957,1.8222222222222222,49,179,2,137,0.014388489208633094,1.0,absence_3pct,strain,5,0.03
45,0,0,141,336,7,0.0,70,0.2334526521314677,0.22695035460992907,5,12,0.503265306122449,1.8,52,187,1,140,0.0070921985815602835,1.0,absence_3pct,strain,6,0.03
45,0,0,148,336,6,0.0,58,0.20297415894685522,0.22297297297297297,5,17,0.4487684729064041,1.7777777777777777,55,187,0,148,0.0,1.0,absence_3pct,strain,7,0.03
46,1,0,141,336,3,0.0,61,0.2577349678925862,0.20567375886524822,5,19,0.5304449648711944,1.7555555555555555,49,184,0,141,0.0,1.0,absence_3pct,strain,8,0.03
45,0,0,142,336,9,0.0,68,0.1958373825720765,0.2323943661971831,6,12,0.44705882352941173,1.8222222222222222,53,187,0,142,0.0,1.0,absence_3pct,strain,9,0.03
45,0,0,129,336,8,0.0,69,0.24090716405256463,0.23255813953488372,5,12,0.47763975155279503,1.8444444444444446,52,175,0,129,0.0,1.0,absence_3pct,strain,10,0.03
45,0,0,140,336,8,0.0,74,0.24513832713153216,0.21428571428571427,5,12,0.5216216216216216,1.7333333333333334,47,188,1,139,0.007142857142857143,1.0,absence_3pct,strain,11,0.03
45,1,2,142,335,14,0.0,68,0.22451499118165796,0.2323943661971831,5,17,0.48949579831932777,1.8181818181818181,49,188,1,141,0.007042253521126761,1.0,absence_3pct,strain,12,0.03
45,0,0,158,336,6,0.0,68,0.2316326530612245,0.2088607594936709,5,16,0.5651260504201681,1.7777777777777777,46,201,0,158,0.0,1.0,absence_3pct,strain,13,0.03
47,0,0,143,336,5,0.0,69,0.23796243597040423,0.23076923076923078,6,16,0.47349896480331277,1.8297872340425532,50,187,1,142,0.006993006993006993,1.0,absence_3pct,strain,14,0.03
45,1,0,148,336,7,0.0,67,0.2094306476084007,0.20945945945945946,6,16,0.47398720682302775,1.7272727272727273,48,187,0,148,0.0,1.0,absence_3pct,strain,15,0.03
45,0,0,139,336,8,0.0,75,0.22660238230289287,0.2302158273381295,5,13,0.46838095238095234,1.8888888888888888,50,185,0,139,0.0,1.0,absence_3pct,strain,16,0.03
46,0,0,138,336,4,0.0,69,0.21756902412735268,0.2028985507246377,4,11,0.4014492753623189,1.8478260869565217,57,182,0,138,0.0,1.0,absence_3pct,strain,17,0.03
45,0,0,153,336,6,0.0,67,0.2324832743014562,0.20915032679738563,5,19,0.5029850746268658,1.8,51,199,0,153,0.0,1.0,absence_3pct,strain,18,0.03
45,0,0,132,336,6,0.0,70,0.2225138818778396,0.23484848484848486,5,9,0.5428571428571429,1.8222222222222222,47,175,1,131,0.007575757575757576,1.0,absence_3pct,strain,19,0.03
45,0,0,157,336,15,0.0,71,0.19888712241653428,0.21019108280254778,6,16,0.5313883299798794,1.8,44,197,1,156,0.006369426751592357,1.0,absence_3pct,strain,20,0.03
45,0,0,144,336,7,0.0,66,0.22709583265769417,0.20833333333333334,5,17,0.47748917748917763,1.7777777777777777,49,186,1,143,0.006944444444444444,1.0,absence_3pct,strain,21,0.03
45,0,0,142,336,4,0.0,75,0.2256171590449212,0.23943661971830985,5,13,0.3944761904761904,1.8444444444444446,56,189,0,142,0.0,1.0,absence_3pct,strain,22,0.03
45,0,0,151,336,7,0.0,62,0.19791135204081645,0.1986754966887417,5,15,0.547926267281106,1.7333333333333334,48,191,1,150,0.006622516556291391,1.0,absence_3pct,strain,23,0.03
45,1,0,156,336,4,0.0,61,0.21305241521068874,0.21794871794871795,6,16,0.5473067915690868,1.7045454545454546,45,190,0,156,0.0,1.0,absence_3pct,strain,24,0.03
45,0,0,136,336,8,0.0,64,0.24641188251001345,0.2426470588235294,5,11,0.5848214285714286,1.7555555555555555,43,178,0,136,0.0,1.0,absence_3pct,strain,25,0.03
45,0,0,142,336,2,0.0,72,0.2028604118993136,0.20422535211267606,5,7,0.5059523809523809,1.8,50,184,0,142,0.0,1.0,absence_3pct,strain,26,0.03
45,0,0,130,336,5,0.0,64,0.26868131868131884,0.23076923076923078,5,10,0.5741071428571429,1.8222222222222222,44,170,1,129,0.007692307692307693,1.0,absence_3pct,strain,27,0.03
46,0,0,130,336,13,0.0,76,0.2653249752556912,0.23076923076923078,5,11,0.4642857142857144,1.8695652173913044,52,180,1,129,0.007692307692307693,1.0,absence_3pct,strain,28,0.03
45,0,0,145,336,7,0.0,65,0.20033184945366256,0.20689655172413793,6,14,0.5514285714285714,1.7555555555555555,48,185,1,144,0.006896551724137931,1.0,absence_3pct,strain,29,0.03
45,0,0,144,336,6,0.0,73,0.22731068818758526,0.22916666666666666,5,13,0.4843444227005871,1.8444444444444446,52,192,0,144,0.0,1.0,absence_3pct,strain,30,0.03
45,0,0,151,336,7,0.0,65,0.20483064963908948,0.2052980132450331,5,17,0.5294505494505495,1.9333333333333333,50,195,0,151,0.0,1.0,absence_3pct,strain,31,0.03
45,1,0,149,336,8,0.0,68,0.22135722213413667,0.2080536912751678,5,19,0.5121848739495798,1.7727272727272727,49,188,0,149,0.0,1.0,absence_3pct,strain,32,0.03
45,0,0,140,336,8,0.0,71,0.2322058703959673,0.20714285714285716,5,12,0.4746478873239437,1.8,52,181,1,139,0.007142857142857143,1.0,absence_3pct,strain,33,0.03
45,0,0,151,336,11,0.0,71,0.21610743479953287,0.1986754966887417,5,20,0.5346076458752516,1.8444444444444446,49,196,1,150,0.006622516556291391,1.0,absence_3pct,strain,34,0.03
45,0,0,138,336,8,0.0,67,0.2225290577858381,0.2028985507246377,4,11,0.5157782515991471,1.8222222222222222,52,181,0,138,0.0,1.0,absence_3pct,strain,35,0.03
45,0,0,132,336,7,0.0,67,0.22864737152982872,0.25757575757575757,6,13,0.5754797441364605,1.8,46,179,0,132,0.0,1.0,absence_3pct,strain,36,0.03
45,0,0,131,336,5,0.0,69,0.23146248410343362,0.25190839694656486,6,7,0.5190476190476192,1.7555555555555555,47,171,0,131,0.0,1.0,absence_3pct,strain,37,0.03
45,0,0,141,336,5,0.0,65,0.2338059516940072,0.22695035460992907,6,14,0.5074725274725276,1.8,49,188,0,141,0.0,1.0,absence_3pct,strain,38,0.03
45,0,0,155,336,9,0.0,65,0.23462707505260694,0.23225806451612904,6,18,0.5,1.7333333333333334,50,194,0,155,0.0,1.0,absence_3pct,strain,39,0.03
46,0,0,149,336,7,0.0,66,0.20358737244897962,0.2214765100671141,5,10,0.5073593073593075,1.8043478260869565,50,189,1,148,0.006711409395973154,1.0,absence_3pct,strain,40,0.03
45,0,0,127,336,10,0.0,68,0.22257789885918622,0.25196850393700787,5,13,0.5281512605042018,1.8222222222222222,49,170,1,126,0.007874015748031496,1.0,absence_3pct,strain,41,0.03
45,0,0,126,336,8,0.0,63,0.20038984666031356,0.2222222222222222,5,9,0.5607709750566894,1.7333333333333334,47,174,0,126,0.0,1.0,absence_3pct,strain,42,0.03
47,0,0,133,336,9,0.0,75,0.18817364034001827,0.21804511278195488,5,13,0.4584761904761905,1.8936170212765957,48,180,1,132,0.007518796992481203,1.0,absence_3pct,strain,43,0.03
45,0,0,144,336,8,0.0,75,0.2165803521631744,0.2013888888888889,5,14,0.456952380952381,1.8444444444444446,54,182,1,143,0.006944444444444444,1.0,absence_3pct,strain,44,0.03
45,2,0,139,336,8,0.0,63,0.2289767557283482,0.2302158273381295,5,15,0.5494331065759637,1.8372093023255813,48,184,0,139,0.0,1.0,absence_3pct,strain,45,0.03
45,0,0,151,336,11,0.0,66,0.20017268445839886,0.2052980132450331,5,7,0.5510822510822511,1.7777777777777777,49,197,0,151,0.0,1.0,absence_3pct,strain,46,0.03
45,0,0,145,336,10,0.0,63,0.21827054932645007,0.2206896551724138,6,14,0.551700680272109,1.7555555555555555,47,189,0,145,0.0,1.0,absence_3pct,strain,47,0.03
45,1,0,147,336,11,0.0,61,0.19679955081414935,0.19727891156462585,5,16,0.47283372365339593,1.8863636363636365,50,192,0,147,0.0,1.0,absence_3pct,strain,48,0.03
45,0,0,159,336,12,0.0,77,0.20026246719160112,0.20125786163522014,6,12,0.4458256029684602,1.8,51,201,0,159,0.0,1.0,absence_3pct,strain,49,0.03
121,1,0,84,335,2,0.0,175,0.17565486651602646,0.2857142857142857,5,3,0.3463673469387756,1.725,67,189,0,84,0.0,1.0,absence_8pct,strain,0,0.08
121,2,0,91,336,7,2.0,176,0.18519948519948515,0.25274725274725274,4,3,0.3297077922077922,1.773109243697479,66,190,3,88,0.03296703296703297,1.0,absence_8pct,strain,1,0.08
121,5,0,86,333,6,0.0,176,0.153007085187016,0.2441860465116279,3,3,0.3292207792207793,1.75,66,183,0,86,0.0,1.0,absence_8pct,strain,2,0.08
121,2,0,77,336,10,0.0,186,0.16585285384361592,0.24675324675324675,3,0,0.3029185867895545,1.815126050420168,68,192,0,77,0.0,1.0,absence_8pct,strain,3,0.08
121,0,1,91,336,7,7.8,178,0.1558835280392501,0.26373626373626374,4,4,0.312199036918138,1.71900826446281,67,194,0,91,0.0,1.0,absence_8pct,strain,4,0.08
121,0,0,79,336,8,1.4,181,0.1735153606263684,0.27848101265822783,4,1,0.2666929755327545,1.7107438016528926,69,179,2,77,0.02531645569620253,1.0,absence_8pct,strain,5,0.08
122,3,0,82,335,7,0.0,185,0.1736307818256242,0.2804878048780488,4,3,0.28996138996139,1.773109243697479,68,187,1,81,0.012195121951219513,1.0,absence_8pct,strain,6,0.08
121,3,1,99,335,6,0.0,162,0.16369785794813985,0.23232323232323232,4,5,0.24532627865961198,1.7457627118644068,69,187,1,98,0.010101010101010102,1.0,absence_8pct,strain,7,0.08
121,8,0,94,334,3,0.0,164,0.2122284397630021,0.2553191489361702,4,4,0.336411149825784,1.7079646017699115,66,184,1,93,0.010638297872340425,1.0,absence_8pct,strain,8,0.08
121,4,0,94,335,7,0.0,153,0.16590852494396957,0.23404255319148937,4,2,0.2906629318394025,1.6923076923076923,68,187,2,92,0.02127659574468085,1.0,absence_8pct,strain,9,0.08
121,4,0,73,336,8,0.0,172,0.17685679820782352,0.2465753424657534,4,2,0.30431893687707645,1.7777777777777777,66,175,2,71,0.0273972602739726,1.0,absence_8pct,strain,10,0.08
121,0,0,86,336,7,0.0,169,0.21183152309095443,0.27906976744186046,4,2,0.31352493660185976,1.6942148760330578,67,188,0,86,0.0,1.0,absence_8pct,strain,11,0.08
122,2,2,83,334,10,0.0,166,0.17535211267605644,0.27710843373493976,4,3,0.28141135972461284,1.7166666666666666,68,188,0,83,0.0,1.0,absence_8pct,strain,12,0.08
123,2,0,93,336,6,0.0,178,0.17348993288590608,0.25806451612903225,4,2,0.32969502407704665,1.743801652892562,68,201,1,92,0.010752688172043012,1.0,absence_8pct,strain,13,0.08
121,0,0,92,336,3,0.0,161,0.17381367904928124,0.25,4,5,0.2762200532386869,1.7024793388429753,68,187,1,91,0.010869565217391304,1.0,absence_8pct,strain,14,0.08
121,4,0,86,333,5,0.0,177,0.1877421482153161,0.27906976744186046,5,3,0.30597255851493155,1.6923076923076923,66,187,0,86,0.0,1.0,absence_8pct,strain,15,0.08
121,2,1,79,336,6,5.2,190,0.16919223339117906,0.27848101265822783,4,3,0.3025563909774436,1.8235294117647058,68,185,0,79,0.0,1.0,absence_8pct,strain,16,0.08
121,0,0,91,336,4,0.0,163,0.14949838321863873,0.24175824175824176,4,1,0.29929886064855404,1.71900826446281,69,182,1,90,0.01098901098901099,1.0,absence_8pct,strain,17,0.08
123,1,0,98,335,5,0.0,165,0.17340262670211914,0.23469387755102042,4,3,0.2946320346320346,1.7459016393442623,69,199,1,97,0.01020408163265306,1.0,absence_8pct,strain,18,0.08
121,2,0,73,335,5,0.0,179,0.15036465036465052,0.2876712328767123,3,2,0.33383878691141256,1.7563025210084033,67,175,3,70,0.0410958904109589,1.0,absence_8pct,strain,19,0.08
122,0,0,94,336,11,0.0,176,0.16983249051833127,0.22340425531914893,3,3,0.2727272727272727,1.7295081967213115,68,197,0,94,0.0,1.0,absence_8pct,strain,20,0.08
122,2,0,91,336,4,0.0,170,0.1922182175622542,0.21978021978021978,3,2,0.3176470588235294,1.75,70,186,3,88,0.03296703296703297,1.0,absence_8pct,strain,21,0.08
122,1,0,87,336,2,0.0,175,0.14842418727769058,0.26436781609195403,4,2,0.3055510204081633,1.743801652892562,67,189,0,87,0.0,1.0,absence_8pct,strain,22,0.08
121,2,0,92,336,7,0.0,169,0.1490051165434907,0.2391304347826087,4,2,0.30963651732882513,1.7478991596638656,69,191,1,91,0.010869565217391304,1.0,absence_8pct,strain,23,0.08
121,10,0,101,334,4,0.0,156,0.1826263611246548,0.24752475247524752,4,4,0.3181318681318681,1.6666666666666667,69,190,1,100,0.009900990099009901,1.0,absence_8pct,strain,24,0.08
122,1,0,84,335,6,0.0,167,0.17617926511393267,0.2619047619047619,4,1,0.2840889649272884,1.6942148760330578,69,178,2,82,0.023809523809523808,1.0,absence_8pct,strain,25,0.08
121,8,0,93,330,1,2.7,169,0.17478365602752044,0.22580645161290322,3,2,0.32823330515638216,1.7168141592920354,67,184,1,92,0.010752688172043012,1.0,absence_8pct,strain,26,0.08
121,5,0,80,334,4,0.4,161,0.20122964324736814,0.275,4,1,0.32182786157941434,1.7327586206896552,66,170,2,78,0.025,1.0,absence_8pct,strain,27,0.08
122,3,0,82,334,12,0.0,178,0.2167787436444153,0.2926829268292683,4,2,0.27993579454253625,1.7142857142857142,70,180,1,81,0.012195121951219513,1.0,absence_8pct,strain,28,0.08
122,0,0,90,336,6,0.0,162,0.12946739671478347,0.23333333333333334,3,0,0.30511463844797193,1.6639344262295082,69,185,1,89,0.011111111111111112,1.0,absence_8pct,strain,29,0.08
121,0,0,88,336,5,0.0,183,0.2029960429621256,0.26136363636363635,4,4,0.2889149102263857,1.71900826446281,69,192,1,87,0.011363636363636364,1.0,absence_8pct,strain,30,0.08
121,0,0,80,336,3,0.0,181,0.1773119089463553,0.2375,3,2,0.30568271507498035,1.8429752066115703,69,195,1,79,0.0125,1.0,absence_8pct,strain,31,0.08
121,4,0,96,335,8,0.0,176,0.1980224647998734,0.25,4,7,0.3251623376623378,1.7264957264957266,66,188,0,96,0.0,1.0,absence_8pct,strain,32,0.08
121,0,1,85,336,8,0.0,173,0.18376885664825648,0.24705882352941178,3,4,0.28563170933113136,1.6942148760330578,68,181,2,83,0.023529411764705882,1.0,absence_8pct,strain,33,0.08
121,3,0,100,336,6,0.0,165,0.1703836643535137,0.26,5,7,0.30502164502164497,1.7457627118644068,67,196,1,99,0.01,1.0,absence_8pct,strain,34,0.08
121,2,1,89,335,6,0.0,174,0.15848163265306137,0.24719101123595505,4,3,0.2426929392446635,1.7226890756302522,69,181,1,88,0.011235955056179775,1.0,absence_8pct,strain,35,0.08
121,2,0,84,335,6,0.0,170,0.1589662094345936,0.27380952380952384,5,3,0.33731092436974786,1.7478991596638656,68,179,1,83,0.011904761904761904,1.0,absence_8pct,strain,36,0.08
121,2,0,82,335,6,0.0,158,0.1796041308089502,0.2682926829268293,4,2,0.2638336347197108,1.7058823529411764,69,171,1,81,0.012195121951219513,1.0,absence_8pct,strain,37,0.08
121,4,3,93,334,4,0.0,164,0.18002965892239264,0.2903225806451613,5,5,0.36637630662020904,1.7692307692307692,67,188,3,90,0.03225806451612903,1.0,absence_8pct,strain,38,0.08
122,1,0,95,335,5,0.0,174,0.17158890492223833,0.23157894736842105,4,3,0.2835796387520526,1.7355371900826446,69,194,1,94,0.010526315789473684,1.0,absence_8pct,strain,39,0.08
122,0,0,81,336,7,0.0,177,0.15366503036858314,0.20987654320987653,3,0,0.2719128329297822,1.7459016393442623,69,189,0,81,0.0,1.0,absence_8pct,strain,40,0.08
121,6,0,74,332,10,0.7,167,0.17063275573913894,0.2972972972972973,5,5,0.30975192472198465,1.7565217391304349,67,170,2,72,0.02702702702702703,1.0,absence_8pct,strain,41,0.08
121,2,1,78,334,6,0.0,159,0.14869534863426126,0.24358974358974358,4,2,0.3262353998203056,1.6722689075630253,67,174,0,78,0.0,1.0,absence_8pct,strain,42,0.08
121,2,0,79,336,8,0.0,179,0.16472303206997085,0.2911392405063291,4,4,0.29457302474062264,1.7563025210084033,70,180,1,78,0.012658227848101266,1.0,absence_8pct,strain,43,0.08
121,0,0,83,336,8,0.0,173,0.1599983398356437,0.24096385542168675,3,0,0.28992568125516116,1.7768595041322315,68,182,1,82,0.012048192771084338,1.0,absence_8pct,strain,44,0.08
121,7,1,80,334,6,0.0,163,0.1801410510019783,0.275,4,1,0.3460999123575812,1.7982456140350878,68,184,1,79,0.0125,1.0,absence_8pct,strain,45,0.08
121,1,1,97,335,9,0.0,176,0.16159534298300815,0.2268041237113402,4,2,0.27321428571428585,1.75,68,197,0,97,0.0,1.0,absence_8pct,strain,46,0.08
121,2,1,92,335,9,5.2,167,0.15370625293536544,0.21739130434782608,4,2,0.31710863986313087,1.7226890756302522,69,189,1,91,0.010869565217391304,1.0,absence_8pct,strain,47,0.08
121,3,0,90,335,11,0.7,172,0.14488136249586536,0.24444444444444444,4,4,0.2921926910299004,1.771186440677966,67,192,2,88,0.022222222222222223,1.0,absence_8pct,strain,48,0.08
121,0,1,92,336,9,0.0,195,0.16593883081687966,0.2391304347826087,4,3,0.2979487179487179,1.7603305785123966,66,201,0,92,0.0,1.0,absence_8pct,strain,49,0.08
81,0,0,1,336,7,0.0,80,0.18665055874358205,1.0,1,0,0.4803571428571429,1.2222222222222223,54,0,1,0,1.0,1.0,no_base_qr,strain,0,-1.0
81,3,1,1,335,6,0.0,75,0.1617142857142857,1.0,1,0,0.5083809523809524,1.2179487179487178,50,0,1,0,1.0,1.0,no_base_qr,strain,1,-1.0
81,0,0,0,336,5,0.0,86,0.15392481203007513,0.0,0,0,0.4926910299003322,1.3209876543209877,54,0,0,0,0.0,1.0,no_base_qr,strain,2,-1.0
81,0,0,0,336,11,0.0,75,0.17824502808562315,0.0,0,0,0.5361904761904763,1.2345679012345678,54,0,0,0,0.0,1.0,no_base_qr,strain,3,-1.0
81,1,0,0,335,7,0.0,75,0.18596192539854517,0.0,0,0,0.492,1.2,51,0,0,0,0.0,1.0,no_base_qr,strain,4,-1.0
81,1,0,1,336,7,0.0,73,0.18688803088803096,1.0,1,0,0.5078277886497065,1.2125,53,0,1,0,1.0,1.0,no_base_qr,strain,5,-1.0
81,0,0,0,336,8,0.0,84,0.15938433950986264,0.0,0,0,0.5122448979591838,1.2345679012345678,52,0,0,0,0.0,1.0,no_base_qr,strain,6,-1.0
81,0,0,0,336,8,0.0,78,0.2128540968626258,0.0,0,0,0.48901098901098905,1.2222222222222223,54,0,0,0,0.0,1.0,no_base_qr,strain,7,-1.0
81,1,0,0,336,3,0.0,70,0.22157238734419948,0.0,0,0,0.42897959183673473,1.225,59,0,0,0,0.0,1.0,no_base_qr,strain,8,-1.0
81,1,0,3,336,6,0.0,87,0.17938461538461548,1.0,1,0,0.48160919540229896,1.3125,56,0,3,0,1.0,1.0,no_base_qr,strain,9,-1.0
81,0,1,1,336,8,0.0,76,0.18653670423393254,1.0,1,0,0.5161654135338347,1.2222222222222223,54,0,1,0,1.0,1.0,no_base_qr,strain,10,-1.0
81,3,0,1,335,8,0.0,65,0.1855244423350737,1.0,1,0,0.5074725274725276,1.2179487179487178,58,0,1,0,1.0,1.0,no_base_qr,strain,11,-1.0
81,0,0,1,336,12,0.0,80,0.177580597456374,1.0,1,0,0.4525000000000001,1.271604938271605,59,0,1,0,1.0,1.0,no_base_qr,strain,12,-1.0
81,0,0,0,336,4,0.0,72,0.17670670037926683,0.0,0,0,0.5873015873015874,1.2839506172839505,54,0,0,0,0.0,1.0,no_base_qr,strain,13,-1.0
81,0,0,0,336,4,0.0,79,0.15179922779922794,0.0,0,0,0.5274864376130199,1.2592592592592593,54,0,0,0,0.0,1.0,no_base_qr,strain,14,-1.0
81,3,0,0,336,3,0.0,78,0.20286336756924994,0.0,0,0,0.47216117216117226,1.2435897435897436,53,0,0,0,0.0,1.0,no_base_qr,strain,15,-1.0
81,2,0,0,335,5,0.0,79,0.1913854214825088,0.0,0,0,0.5148282097649186,1.2531645569620253,52,0,0,0,0.0,1.0,no_base_qr,strain,16,-1.0
81,0,0,1,336,3,0.0,72,0.17877641122674248,1.0,1,0,0.4646825396825398,1.2469135802469136,57,1,1,0,1.0,1.0,no_base_qr,strain,17,-1.0
82,0,0,0,336,4,0.0,74,0.17839874411302992,0.0,0,0,0.4799227799227799,1.2682926829268293,56,0,0,0,0.0,1.0,no_base_qr,strain,18,-1.0
81,2,0,0,335,5,0.0,77,0.18903365906623248,0.0,0,0,0.5319109461966605,1.2278481012658229,53,0,0,0,0.0,1.0,no_base_qr,strain,19,-1.0
81,1,0,1,335,9,0.0,74,0.19167941266442345,1.0,1,0,0.5378378378378379,1.2375,54,0,1,0,1.0,1.0,no_base_qr,strain,20,-1.0
81,0,0,0,336,6,0.0,75,0.19219792151388249,0.0,0,0,0.46838095238095234,1.1728395061728396,55,0,0,0,0.0,1.0,no_base_qr,strain,21,-1.0
81,0,0,0,336,3,0.0,77,0.18065573770491805,0.0,0,0,0.4417439703153989,1.2222222222222223,55,0,0,0,0.0,1.0,no_base_qr,strain,22,-1.0
81,0,0,0,336,6,0.0,72,0.1719611528822056,0.0,0,0,0.575,1.2839506172839505,50,0,0,0,0.0,1.0,no_base_qr,strain,23,-1.0
82,0,0,0,336,10,0.0,86,0.15222385861561127,0.0,0,0,0.4976744186046511,1.1829268292682926,51,0,0,0,0.0,1.0,no_base_qr,strain,24,-1.0
81,0,0,1,336,6,0.0,69,0.18178532138928194,1.0,1,0,0.5289855072463769,1.345679012345679,56,0,1,0,1.0,1.0,no_base_qr,strain,25,-1.0
81,0,0,0,336,3,0.0,87,0.20071050642479227,0.0,0,0,0.4353037766830872,1.271604938271605,57,0,0,0,0.0,1.0,no_base_qr,strain,26,-1.0
81,1,0,1,335,6,0.0,76,0.21216133004926108,1.0,1,0,0.493233082706767,1.3,54,0,1,0,1.0,1.0,no_base_qr,strain,27,-1.0
81,1,0,1,335,8,0.0,78,0.18262056414922667,1.0,1,0,0.5820512820512822,1.2,44,0,1,0,1.0,1.0,no_base_qr,strain,28,-1.0
81,0,0,0,336,6,0.0,76,0.18611626468769327,0.0,0,0,0.5390977443609024,1.1975308641975309,51,0,0,0,0.0,1.0,no_base_qr,strain,29,-1.0
81,2,0,1,336,6,9.5,74,0.2143010176754152,1.0,1,0,0.5335907335907337,1.2151898734177216,52,0,1,0,1.0,1.0,no_base_qr,strain,30,-1.0
81,0,0,0,336,6,0.0,77,0.17924179380490068,0.0,0,0,0.6317254174397031,1.2345679012345678,49,0,0,0,0.0,1.0,no_base_qr,strain,31,-1.0
81,1,0,0,336,10,0.0,75,0.2108705595365148,0.0,0,0,0.5388571428571429,1.2625,53,0,0,0,0.0,1.0,no_base_qr,strain,32,-1.0
81,0,0,0,336,7,0.0,77,0.17841031149301823,0.0,0,0,0.5916512059369203,1.2098765432098766,51,0,0,0,0.0,1.0,no_base_qr,strain,33,-1.0
81,2,0,0,336,9,0.0,72,0.17309833024118748,0.0,0,0,0.5357142857142858,1.2278481012658229,55,0,0,0,0.0,1.0,no_base_qr,strain,34,-1.0
82,0,0,0,336,6,0.0,82,0.18786775856839566,0.0,0,0,0.46585365853658534,1.1951219512195121,56,0,0,0,0.0,1.0,no_base_qr,strain,35,-1.0
81,0,0,0,336,6,0.0,78,0.18491551459293398,0.0,0,0,0.4560439560439562,1.2098765432098766,55,0,0,0,0.0,1.0,no_base_qr,strain,36,-1.0
82,0,0,0,336,5,0.0,83,0.19060270229239418,0.0,0,0,0.42048192771084336,1.2195121951219512,57,0,0,0,0.0,1.0,no_base_qr,strain,37,-1.0
82,0,1,0,336,6,0.0,78,0.1929646697388634,0.0,0,0,0.4948717948717949,1.2073170731707317,56,0,0,0,0.0,1.0,no_base_qr,strain,38,-1.0
83,1,0,0,335,4,0.0,77,0.1612868047982552,0.0,0,0,0.4677179962894249,1.2317073170731707,54,0,0,0,0.0,1.0,no_base_qr,strain,39,-1.0
81,0,0,1,336,4,0.0,75,0.1975594590393286,1.0,1,0,0.3937142857142857,1.2592592592592593,61,0,1,0,1.0,1.0,no_base_qr,strain,40,-1.0
81,1,0,0,335,12,0.0,76,0.1679553005134402,0.0,0,0,0.46578947368421053,1.25,56,0,0,0,0.0,1.0,no_base_qr,strain,41,-1.0
81,0,0,0,336,5,0.0,75,0.20291322635924613,0.0,0,0,0.5110476190476192,1.2222222222222223,55,0,0,0,0.0,1.0,no_base_qr,strain,42,-1.0
81,0,0,1,336,6,0.0,80,0.16521079769487423,1.0,1,0,0.4760714285714287,1.2469135802469136,53,0,1,0,1.0,1.0,no_base_qr,strain,43,-1.0
81,0,0,0,336,6,0.0,82,0.14698210494388841,0.0,0,0,0.5550522648083624,1.271604938271605,50,0,0,0,0.0,1.0,no_base_qr,strain,44,-1.0
81,0,1,0,336,6,0.0,77,0.18959778085991674,0.0,0,0,0.5100185528756958,1.2469135802469136,52,0,0,0,0.0,1.0,no_base_qr,strain,45,-1.0
81,0,0,0,336,9,0.0,84,0.1808035714285714,0.0,0,0,0.5037414965986395,1.2222222222222223,56,0,0,0,0.0,1.0,no_base_qr,strain,46,-1.0
83,0,0,0,336,5,0.0,83,0.1745711249430697,0.0,0,0,0.5237521514629948,1.2891566265060241,58,0,0,0,0.0,1.0,no_base_qr,strain,47,-1.0
81,0,0,0,336,7,0.0,79,0.20471108400670834,0.0,0,0,0.564737793851718,1.2222222222222223,52,0,0,0,0.0,1.0,no_base_qr,strain,48,-1.0
81,0,0,1,336,9,0.0,79,0.1899203845576085,1.0,1,0,0.4978300180831827,1.2962962962962963,55,0,1,0,1.0,1.0,no_base_qr,strain,49,-1.0
